-- MySQL dump 10.13  Distrib 5.7.14, for Linux (x86_64)
--
-- Host: localhost    Database: slagenerator
-- ------------------------------------------------------
-- Server version	5.7.14

/*!40101 SET @OLD_CHARACTER_SET_CLIENT=@@CHARACTER_SET_CLIENT */;
/*!40101 SET @OLD_CHARACTER_SET_RESULTS=@@CHARACTER_SET_RESULTS */;
/*!40101 SET @OLD_COLLATION_CONNECTION=@@COLLATION_CONNECTION */;
/*!40101 SET NAMES utf8 */;
/*!40103 SET @OLD_TIME_ZONE=@@TIME_ZONE */;
/*!40103 SET TIME_ZONE='+00:00' */;
/*!40014 SET @OLD_UNIQUE_CHECKS=@@UNIQUE_CHECKS, UNIQUE_CHECKS=0 */;
/*!40014 SET @OLD_FOREIGN_KEY_CHECKS=@@FOREIGN_KEY_CHECKS, FOREIGN_KEY_CHECKS=0 */;
/*!40101 SET @OLD_SQL_MODE=@@SQL_MODE, SQL_MODE='NO_AUTO_VALUE_ON_ZERO' */;
/*!40111 SET @OLD_SQL_NOTES=@@SQL_NOTES, SQL_NOTES=0 */;

-- CREATE DATABASE slagenerator
DROP DATABASE IF EXISTS `slagenerator`;
CREATE DATABASE `slagenerator`;
USE slagenerator;
--
-- Table structure for table `applications`
--

DROP TABLE IF EXISTS `applications`;
/*!40101 SET @saved_cs_client     = @@character_set_client */;
/*!40101 SET character_set_client = utf8 */;
CREATE TABLE `applications` (
  `id` bigint(20) NOT NULL AUTO_INCREMENT,
  `image_url` varchar(255) DEFAULT NULL,
  `name` varchar(255) DEFAULT NULL,
  `user_id` bigint(20) DEFAULT NULL,
  PRIMARY KEY (`id`),
  KEY `FKfsfqljedcla632u568jl5qf3w` (`user_id`),
  CONSTRAINT `FKfsfqljedcla632u568jl5qf3w` FOREIGN KEY (`user_id`) REFERENCES `users` (`id`)
) ENGINE=InnoDB DEFAULT CHARSET=utf8;
/*!40101 SET character_set_client = @saved_cs_client */;

--
-- Dumping data for table `applications`
--

LOCK TABLES `applications` WRITE;
/*!40000 ALTER TABLE `applications` DISABLE KEYS */;
/*!40000 ALTER TABLE `applications` ENABLE KEYS */;
UNLOCK TABLES;

--
-- Table structure for table `component_threat_control_metrics`
--

DROP TABLE IF EXISTS `component_threat_control_metrics`;
/*!40101 SET @saved_cs_client     = @@character_set_client */;
/*!40101 SET character_set_client = utf8 */;
CREATE TABLE `component_threat_control_metrics` (
  `id` bigint(20) NOT NULL AUTO_INCREMENT,
  `component_threat_control_id` bigint(20) DEFAULT NULL,
  `metric_id` bigint(20) DEFAULT NULL,
  PRIMARY KEY (`id`),
  KEY `FKop0t4be8clyi8peluc5m6hn41` (`component_threat_control_id`),
  KEY `FKte975qg5y6q4m2r7utva6xw00` (`metric_id`),
  CONSTRAINT `FKop0t4be8clyi8peluc5m6hn41` FOREIGN KEY (`component_threat_control_id`) REFERENCES `component_threat_controls` (`id`),
  CONSTRAINT `FKte975qg5y6q4m2r7utva6xw00` FOREIGN KEY (`metric_id`) REFERENCES `metrics` (`id`)
) ENGINE=InnoDB DEFAULT CHARSET=utf8;
/*!40101 SET character_set_client = @saved_cs_client */;

--
-- Dumping data for table `component_threat_control_metrics`
--

LOCK TABLES `component_threat_control_metrics` WRITE;
/*!40000 ALTER TABLE `component_threat_control_metrics` DISABLE KEYS */;
/*!40000 ALTER TABLE `component_threat_control_metrics` ENABLE KEYS */;
UNLOCK TABLES;

--
-- Table structure for table `component_threat_controls`
--

DROP TABLE IF EXISTS `component_threat_controls`;
/*!40101 SET @saved_cs_client     = @@character_set_client */;
/*!40101 SET character_set_client = utf8 */;
CREATE TABLE `component_threat_controls` (
  `id` bigint(20) NOT NULL AUTO_INCREMENT,
  `component_threat_id` bigint(20) DEFAULT NULL,
  `control_id` bigint(20) DEFAULT NULL,
  PRIMARY KEY (`id`),
  KEY `FK4x26icxlm5mc7csrc352ppu1t` (`component_threat_id`),
  KEY `FKs0xn8bw49jyqsm7keptf9r976` (`control_id`),
  CONSTRAINT `FK4x26icxlm5mc7csrc352ppu1t` FOREIGN KEY (`component_threat_id`) REFERENCES `component_threats` (`id`),
  CONSTRAINT `FKs0xn8bw49jyqsm7keptf9r976` FOREIGN KEY (`control_id`) REFERENCES `controls` (`id`)
) ENGINE=InnoDB DEFAULT CHARSET=utf8;
/*!40101 SET character_set_client = @saved_cs_client */;

--
-- Dumping data for table `component_threat_controls`
--

LOCK TABLES `component_threat_controls` WRITE;
/*!40000 ALTER TABLE `component_threat_controls` DISABLE KEYS */;
/*!40000 ALTER TABLE `component_threat_controls` ENABLE KEYS */;
UNLOCK TABLES;

--
-- Table structure for table `component_threats`
--

DROP TABLE IF EXISTS `component_threats`;
/*!40101 SET @saved_cs_client     = @@character_set_client */;
/*!40101 SET character_set_client = utf8 */;
CREATE TABLE `component_threats` (
  `id` bigint(20) NOT NULL AUTO_INCREMENT,
  `awareness` int(11) DEFAULT NULL,
  `ease_of_discovery` int(11) DEFAULT NULL,
  `ease_of_exploit` int(11) DEFAULT NULL,
  `intrusion_detection` int(11) DEFAULT NULL,
  `loss_of_accountability` int(11) DEFAULT NULL,
  `loss_of_availability` int(11) DEFAULT NULL,
  `loss_of_confidentiality` int(11) DEFAULT NULL,
  `loss_of_integrity` int(11) DEFAULT NULL,
  `motive` int(11) DEFAULT NULL,
  `opportunity` int(11) DEFAULT NULL,
  `size` int(11) DEFAULT NULL,
  `skill_level` int(11) DEFAULT NULL,
  `component_id` bigint(20) DEFAULT NULL,
  `threat_id` bigint(20) DEFAULT NULL,
  PRIMARY KEY (`id`),
  KEY `FKo46kh33dmg3ocnwlsyun27lo9` (`component_id`),
  KEY `FKhuxf5ki09qrix5w9dxdgvpr14` (`threat_id`),
  CONSTRAINT `FKhuxf5ki09qrix5w9dxdgvpr14` FOREIGN KEY (`threat_id`) REFERENCES `threats` (`id`),
  CONSTRAINT `FKo46kh33dmg3ocnwlsyun27lo9` FOREIGN KEY (`component_id`) REFERENCES `components` (`id`)
) ENGINE=InnoDB DEFAULT CHARSET=utf8;
/*!40101 SET character_set_client = @saved_cs_client */;

--
-- Dumping data for table `component_threats`
--

LOCK TABLES `component_threats` WRITE;
/*!40000 ALTER TABLE `component_threats` DISABLE KEYS */;
/*!40000 ALTER TABLE `component_threats` ENABLE KEYS */;
UNLOCK TABLES;

--
-- Table structure for table `component_types`
--

DROP TABLE IF EXISTS `component_types`;
/*!40101 SET @saved_cs_client     = @@character_set_client */;
/*!40101 SET character_set_client = utf8 */;
CREATE TABLE `component_types` (
  `id` bigint(20) NOT NULL AUTO_INCREMENT,
  `description` varchar(255) DEFAULT NULL,
  `name` varchar(255) DEFAULT NULL,
  PRIMARY KEY (`id`),
  UNIQUE KEY `UK_hdsjel8ud2ebe6che0r017wsv` (`name`)
) ENGINE=InnoDB AUTO_INCREMENT=4 DEFAULT CHARSET=utf8;
/*!40101 SET character_set_client = @saved_cs_client */;

--
-- Dumping data for table `component_types`
--

LOCK TABLES `component_types` WRITE;
/*!40000 ALTER TABLE `component_types` DISABLE KEYS */;
INSERT INTO `component_types` VALUES (1,NULL,'CUSTOM WEB APP'),(2,NULL,'IDM'),(3,NULL,'STORAGE AS SERVICE');
/*!40000 ALTER TABLE `component_types` ENABLE KEYS */;
UNLOCK TABLES;

--
-- Table structure for table `component_types_threats`
--

DROP TABLE IF EXISTS `component_types_threats`;
/*!40101 SET @saved_cs_client     = @@character_set_client */;
/*!40101 SET character_set_client = utf8 */;
CREATE TABLE `component_types_threats` (
  `component_type_id` bigint(20) NOT NULL,
  `threats_id` bigint(20) NOT NULL,
  PRIMARY KEY (`component_type_id`,`threats_id`),
  KEY `FKlbg271carxcwt1nv7nrlq06rh` (`threats_id`),
  CONSTRAINT `FKjrrscw30086ldlbtf4obydww3` FOREIGN KEY (`component_type_id`) REFERENCES `component_types` (`id`),
  CONSTRAINT `FKlbg271carxcwt1nv7nrlq06rh` FOREIGN KEY (`threats_id`) REFERENCES `threats` (`id`)
) ENGINE=InnoDB DEFAULT CHARSET=utf8;
/*!40101 SET character_set_client = @saved_cs_client */;

--
-- Dumping data for table `component_types_threats`
--

LOCK TABLES `component_types_threats` WRITE;
/*!40000 ALTER TABLE `component_types_threats` DISABLE KEYS */;
INSERT INTO `component_types_threats` VALUES (2,1),(2,2),(2,3),(2,4),(1,5),(2,5),(2,6),(2,7),(2,8),(2,9),(2,10),(2,11),(2,12),(2,13),(2,14),(2,15),(2,16),(2,17),(2,18),(2,19),(2,20),(2,21),(2,22),(2,23),(2,24),(2,25),(2,26),(2,27),(2,28),(2,29),(2,30),(2,31),(2,32),(2,33),(2,34),(2,35),(2,36),(2,37),(2,38),(2,39),(2,40),(2,41),(2,42),(2,43),(2,44),(1,45),(2,45),(1,46),(2,46),(2,47),(1,48),(2,48),(2,49),(1,50),(2,50),(1,51),(2,51),(1,52),(2,52),(1,53),(2,53),(1,54),(1,55),(1,56),(3,56),(1,57),(3,57),(1,58),(1,59),(3,59),(1,60),(3,60),(1,61),(3,61),(1,62),(1,63),(3,63),(1,64),(3,64),(1,65),(3,65),(1,66),(3,66),(1,67),(3,67),(1,68),(1,69),(3,69),(3,70),(3,71),(3,72),(1,73),(3,73),(1,74),(3,74),(3,75),(1,76),(3,76),(3,77),(3,78),(3,79),(3,80),(3,81),(3,82),(3,83),(3,84),(3,85),(3,86),(3,87),(1,88),(3,88),(1,89),(1,90),(1,91),(1,92),(1,93);
/*!40000 ALTER TABLE `component_types_threats` ENABLE KEYS */;
UNLOCK TABLES;

--
-- Table structure for table `components`
--

DROP TABLE IF EXISTS `components`;
/*!40101 SET @saved_cs_client     = @@character_set_client */;
/*!40101 SET character_set_client = utf8 */;
CREATE TABLE `components` (
  `id` bigint(20) NOT NULL AUTO_INCREMENT,
  `description` varchar(255) DEFAULT NULL,
  `name` varchar(255) DEFAULT NULL,
  `application_id` bigint(20) DEFAULT NULL,
  `id_component_type` bigint(20) DEFAULT NULL,
  PRIMARY KEY (`id`),
  KEY `FK5t0t1msluylowggrmbhmxwy1x` (`application_id`),
  KEY `FKna89sohrn1x5ovuwd1sn9sdoy` (`id_component_type`),
  CONSTRAINT `FK5t0t1msluylowggrmbhmxwy1x` FOREIGN KEY (`application_id`) REFERENCES `applications` (`id`),
  CONSTRAINT `FKna89sohrn1x5ovuwd1sn9sdoy` FOREIGN KEY (`id_component_type`) REFERENCES `component_types` (`id`)
) ENGINE=InnoDB DEFAULT CHARSET=utf8;
/*!40101 SET character_set_client = @saved_cs_client */;

--
-- Dumping data for table `components`
--

LOCK TABLES `components` WRITE;
/*!40000 ALTER TABLE `components` DISABLE KEYS */;
/*!40000 ALTER TABLE `components` ENABLE KEYS */;
UNLOCK TABLES;

--
-- Table structure for table `controls`
--

DROP TABLE IF EXISTS `controls`;
/*!40101 SET @saved_cs_client     = @@character_set_client */;
/*!40101 SET character_set_client = utf8 */;
CREATE TABLE `controls` (
  `id` bigint(20) NOT NULL AUTO_INCREMENT,
  `control` int(11) DEFAULT NULL,
  `control_description` longtext,
  `control_id` varchar(255) DEFAULT NULL,
  `control_name` varchar(255) DEFAULT NULL,
  `enhancement` int(11) DEFAULT NULL,
  `family_id` varchar(255) DEFAULT NULL,
  `family_name` varchar(255) DEFAULT NULL,
  PRIMARY KEY (`id`),
  UNIQUE KEY `UK_d3e6oxn3lcidbxumlyt91u9sb` (`control_id`)
) ENGINE=InnoDB AUTO_INCREMENT=906 DEFAULT CHARSET=utf8;
/*!40101 SET character_set_client = @saved_cs_client */;

--
-- Dumping data for table `controls`
--

LOCK TABLES `controls` WRITE;
/*!40000 ALTER TABLE `controls` DISABLE KEYS */;
INSERT INTO `controls` VALUES (1,1,'The organization:\n			a. Develops, documents, and disseminates to [Assignment: organization-defined personnel or roles]:\n				1. An access control policy that addresses purpose, scope, roles, responsibilities, management commitment, coordination among organizational entities, and compliance; and\n				2. Procedures to facilitate the implementation of the access control policy and associated access controls; and\n			b. Reviews and updates the current:\n				1. Access control policy [Assignment: organization-defined frequency]; and\n				2. Access control procedures [Assignment: organization-defined frequency].\n		','AC-1','ACCESS CONTROL POLICY AND PROCEDURES',0,'AC','ACCESS CONTROL'),(2,2,'The organization:\n			a. Identifies and selects the following types of information system accounts to support organizational missions/business functions: [Assignment: organization-defined information system account types];\n			b. Assigns account managers for information system accounts;\n			c. Establishes conditions for group and role membership;\n			d. Specifies authorized users of the information system, group and role membership, and access authorizations (i.e., privileges) and other attributes (as required) for each account;\n			e. Requires approvals by [Assignment: organization-defined personnel or roles] for requests to create information system accounts;\n			f. Creates, enables, modifies, disables, and removes information system accounts in accordance with [Assignment: organization-defined procedures or conditions];\n			g. Monitors the use of information system accounts;\n			h. Notifies account managers:\n				1. When accounts are no longer required;\n				2. When users are terminated or transferred; and\n				3. When individual information system usage or need-to-know changes;\n			i. Authorizes access to the information system based on:\n				1. A valid access authorization;\n				2. Intended system usage; and\n				3. Other attributes as required by the organization or associated missions/business functions;\n			j. Reviews accounts for compliance with account management requirements [Assignment: organization-defined frequency]; and\n			k. Establishes a process for reissuing shared/group account credentials (if deployed) when individuals are removed from the group.\n		','AC-2','ACCOUNT MANAGEMENT',0,'AC','ACCESS CONTROL'),(3,2,'The organization employs automated mechanisms to support the management of information system accounts.\n		','AC-2(1)','ACCOUNT MANAGEMENT | AUTOMATED SYSTEM ACCOUNT MANAGEMENT',1,'AC','ACCESS CONTROL'),(4,2,'The information system automatically [Selection: removes; disables] temporary and emergency accounts after [Assignment: organization-defined time period for each type of account].\n		','AC-2(2)','ACCOUNT MANAGEMENT | REMOVAL OF TEMPORARY / EMERGENCY ACCOUNTS',2,'AC','ACCESS CONTROL'),(5,2,'The information system automatically disables inactive accounts after [Assignment: organization-defined time period].\n		','AC-2(3)','ACCOUNT MANAGEMENT | DISABLE INACTIVE ACCOUNTS',3,'AC','ACCESS CONTROL'),(6,2,'The information system automatically audits account creation, modification, enabling, disabling, and removal actions, and notifies [Assignment: organization-defined personnel or roles].\n		','AC-2(4)','ACCOUNT MANAGEMENT | AUTOMATED AUDIT ACTIONS',4,'AC','ACCESS CONTROL'),(7,2,'The organization requires that users log out when [Assignment: organization-defined time-period of expected inactivity or description of when to log out].\n		','AC-2(5)','ACCOUNT MANAGEMENT | INACTIVITY LOGOUT',5,'AC','ACCESS CONTROL'),(8,2,'The information system implements the following dynamic privilege management capabilities: [Assignment: organization-defined list of dynamic privilege management capabilities].\n		','AC-2(6)','ACCOUNT MANAGEMENT | DYNAMIC PRIVILEGE MANAGEMENT',6,'AC','ACCESS CONTROL'),(9,2,'The organization: (a) Establishes and administers privileged user accounts in accordance with a role-based access scheme that organizes allowed information system access and privileges into roles; (b) Monitors privileged role assignments; and (c) Takes [Assignment: organization-defined actions] when privileged role assignments are no longer appropriate.\n		','AC-2(7)','ACCOUNT MANAGEMENT | ROLE-BASED SCHEMES',7,'AC','ACCESS CONTROL'),(10,2,'The information system creates [Assignment: organization-defined information system accounts] dynamically.\n		','AC-2(8)','ACCOUNT MANAGEMENT | DYNAMIC ACCOUNT CREATION',8,'AC','ACCESS CONTROL'),(11,2,'The organization only permits the use of shared/group accounts that meet [Assignment: organization-defined conditions for establishing shared/group accounts].\n		','AC-2(9)','ACCOUNT MANAGEMENT | RESTRICTIONS ON USE OF SHARED / GROUP ACCOUNTS',9,'AC','ACCESS CONTROL'),(12,2,'The information system terminates shared/group account credentials when members leave the group.\n		','AC-2(10)','ACCOUNT MANAGEMENT | SHARED / GROUP ACCOUNT CREDENTIAL TERMINATION',10,'AC','ACCESS CONTROL'),(13,2,'The information system enforces [Assignment: organization-defined circumstances and/or usage conditions] for [Assignment: organization-defined information system accounts].\n		','AC-2(11)','ACCOUNT MANAGEMENT | USAGE CONDITIONS',11,'AC','ACCESS CONTROL'),(14,2,'The organization:(a) Monitors information system accounts for [Assignment: organization-defined atypical usage]; and (b) Reports atypical usage of information system accounts to [Assignment: organization-defined personnel or roles].\n		','AC-2(12)','ACCOUNT MANAGEMENT | ACCOUNT MONITORING / ATYPICAL USAGE',12,'AC','ACCESS CONTROL'),(15,2,'The organization disables accounts of users posing a significant risk within [Assignment: organization-defined time period] of discovery of the risk.\n		','AC-2(13)','ACCOUNT MANAGEMENT | DISABLE ACCOUNTS FOR HIGH-RISK INDIVIDUALS',13,'AC','ACCESS CONTROL'),(16,2,'The information system enforces approved authorizations for logical access to information and system resources in accordance with applicable access control policies.\n		','AC-3','ACCESS ENFORCEMENT',0,'AC','ACCESS CONTROL'),(17,3,'Withdrawn: Incorporated into AC-6.\n		','AC-3(1)','ACCESS ENFORCEMENT | RESTRICTED ACCESS TO PRIVILEGED FUNCTIONS',1,'AC','ACCESS CONTROL'),(18,3,'The information system enforces dual authorization for [Assignment: organization-defined privileged commands and/or other organization-defined actions].\n		','AC-3(2)','ACCESS ENFORCEMENT | DUAL AUTHORIZATION',2,'AC','ACCESS CONTROL'),(19,3,'The information system enforces [Assignment: organization-defined mandatory access control policy] over all subjects and objects where the policy:\n			(a) Is uniformly enforced across all subjects and objects within the boundary of the information system;\n			(b) Specifies that a subject that has been granted access to information is constrained from doing any of the following;\n				(1) Passing the information to unauthorized subjects or objects;\n				(2) Granting its privileges to other subjects;\n				(3) Changing one or more security attributes on subjects, objects, the information system, or information system components;\n				(4) Choosing the security attributes and attribute values to be associated with newly created or modified objects; or\n				(5) Changing the rules governing access control; and\n			(c) Specifies that [Assignment: organization-defined subjects] may explicitly be granted [Assignment: organization-defined privileges (i.e., they are trusted subjects)] such that they are not limited by some or all of the above constraints.\n		','AC-3(3)','ACCESS ENFORCEMENT | MANDATORY ACCESS CONTROL',3,'AC','ACCESS CONTROL'),(20,3,'The information system enforces [Assignment: organization-defined discretionary access control policy] over defined subjects and objects where the policy specifies that a subject that has been granted access to information can do one or more of the following:\n			(a) Pass the information to any other subjects or objects;\n			(b) Grant its privileges to other subjects;\n			(c) Change security attributes on subjects, objects, the information system, or the information system’s components;\n			(d) Choose the security attributes to be associated with newly created or revised objects; or\n			(e) Change the rules governing access control.\n		','AC-3(4)','ACCESS ENFORCEMENT | DISCRETIONARY ACCESS CONTROL',4,'AC','ACCESS CONTROL'),(21,3,'The information system prevents access to [Assignment: organization-defined security-relevant information] except during secure, non-operable system states.\n		','AC-3(5)','ACCESS ENFORCEMENT | SECURITY-RELEVANT INFORMATION',5,'AC','ACCESS CONTROL'),(22,3,'Withdrawn: Incorporated into MP-4 and SC-28.\n		','AC-3(6)','ACCESS ENFORCEMENT | PROTECTION OF USER AND SYSTEM INFORMATION',6,'AC','ACCESS CONTROL'),(23,3,'The information system enforces a role-based access control policy over defined subjects and objects and controls access based upon [Assignment: organization-defined roles and users authorized to assume such roles].\n		','AC-3(7)','ACCESS ENFORCEMENT | ROLE-BASED ACCESS CONTROL',7,'AC','ACCESS CONTROL'),(24,3,'The information system enforces the revocation of access authorizations resulting from changes to the security attributes of subjects and objects based on [Assignment: organization-defined rules governing the timing of revocations of access authorizations].\n		','AC-3(8)','ACCESS ENFORCEMENT | REVOCATION OF ACCESS AUTHORIZATIONS',8,'AC','ACCESS CONTROL'),(25,3,'The information system does not release information outside of the established system boundary unless: (a) The receiving [Assignment: organization-defined information system or system component] provides [Assignment: organization-defined security safeguards]; and (b) [Assignment: organization-defined security safeguards] are used to validate the appropriateness of the information designated for release.\n		','AC-3(9)','ACCESS ENFORCEMENT | CONTROLLED RELEASE',9,'AC','ACCESS CONTROL'),(26,3,'The organization employs an audited override of automated access control mechanisms under [Assignment: organization-defined conditions].\n		','AC-3(10)','ACCESS ENFORCEMENT | AUDITED OVERRIDE OF ACCESS CONTROL MECHANISMS',10,'AC','ACCESS CONTROL'),(27,4,'The information system enforces approved authorizations for controlling the flow of information within the system and between interconnected systems based on [Assignment: organization-defined information flow control policies].\n		','AC-4','INFORMATION FLOW ENFORCEMENT',0,'AC','ACCESS CONTROL'),(28,4,'The information system uses [Assignment: organization-defined security attributes] associated with [Assignment: organization-defined information, source, and destination objects] to enforce [Assignment: organization-defined information flow control policies] as a basis for flow control decisions.\n		','AC-4(1)','INFORMATION FLOW ENFORCEMENT | OBJECT SECURITY ATTRIBUTES',1,'AC','ACCESS CONTROL'),(29,4,'The information system uses protected processing domains to enforce [Assignment: organization-defined information flow control policies] as a basis for flow control decisions\n		','AC-4(2)','INFORMATION FLOW ENFORCEMENT | PROCESSING DOMAINS',2,'AC','ACCESS CONTROL'),(30,4,'The information system enforces dynamic information flow control based on [Assignment: organization-defined policies].\n		','AC-4(3)','INFORMATION FLOW ENFORCEMENT | DYNAMIC INFORMATION FLOW CONTROL',3,'AC','ACCESS CONTROL'),(31,4,'The information system prevents encrypted information from bypassing content-checking mechanisms by [Selection (one or more): decrypting the information; blocking the flow of the encrypted information; terminating communications sessions attempting to pass encrypted information; [Assignment: organization-defined procedure or method]].\n		','AC-4(4)','INFORMATION FLOW ENFORCEMENT | CONTENT CHECK ENCRYPTED INFORMATION',4,'AC','ACCESS CONTROL'),(32,4,'The information system enforces [Assignment: organization-defined limitations] on embedding data types within other data types.\n		','AC-4(5)','INFORMATION FLOW ENFORCEMENT | EMBEDDED DATA TYPES',5,'AC','ACCESS CONTROL'),(33,4,'The information system enforces information flow control based on [Assignment: organization-defined metadata].\n		','AC-4(6)','INFORMATION FLOW ENFORCEMENT | METADATA',6,'AC','ACCESS CONTROL'),(34,4,'The information system enforces [Assignment: organization-defined one-way information flows] using hardware mechanisms.\n		','AC-4(7)','INFORMATION FLOW ENFORCEMENT | ONE-WAY FLOW MECHANISMS',7,'AC','ACCESS CONTROL'),(35,4,'The information system enforces information flow control using [Assignment: organization-defined security policy filters] as a basis for flow control decisions for [Assignment: organization-defined information flows].\n		','AC-4(8)','INFORMATION FLOW ENFORCEMENT | SECURITY POLICY FILTERS',8,'AC','ACCESS CONTROL'),(36,4,'The information system enforces the use of human reviews for [Assignment: organization-defined information flows] under the following conditions: [Assignment: organization-defined conditions].\n		','AC-4(9)','INFORMATION FLOW ENFORCEMENT | HUMAN REVIEWS',9,'AC','ACCESS CONTROL'),(37,4,'The information system provides the capability for privileged administrators to enable/disable [Assignment: organization-defined security policy filters] under the following conditions: [Assignment: organization-defined conditions].\n		','AC-4(10)','INFORMATION FLOW ENFORCEMENT | ENABLE / DISABLE SECURITY POLICY FILTERS',10,'AC','ACCESS CONTROL'),(38,4,'The information system provides the capability for privileged administrators to configure [Assignment: organization-defined security policy filters] to support different security policies.\n		','AC-4(11)','INFORMATION FLOW ENFORCEMENT | CONFIGURATION OF SECURITY POLICY FILTERS',11,'AC','ACCESS CONTROL'),(39,4,'The information system, when transferring information between different security domains, uses [Assignment: organization-defined data type identifiers] to validate data essential for information flow decisions.\n		','AC-4(12)','INFORMATION FLOW ENFORCEMENT | DATA TYPE IDENTIFIERS',12,'AC','ACCESS CONTROL'),(40,4,'The information system, when transferring information between different security domains, decomposes information into [Assignment: organization-defined policy-relevant subcomponents] for submission to policy enforcement mechanisms.\n		','AC-4(13)','INFORMATION FLOW ENFORCEMENT | DECOMPOSITION INTO POLICY-RELEVANT SUBCOMPONENTS',13,'AC','ACCESS CONTROL'),(41,4,'The information system, when transferring information between different security domains, implements [Assignment: organization-defined security policy filters] requiring fully enumerated formats that restrict data structure and content.\n		','AC-4(14)','INFORMATION FLOW ENFORCEMENT | SECURITY POLICY FILTER CONSTRAINTS',14,'AC','ACCESS CONTROL'),(42,4,'The information system, when transferring information between different security domains, examines the information for the presence of [Assignment: organized-defined unsanctioned information] and prohibits the transfer of such information in accordance with the [Assignment: organization-defined security policy].\n		','AC-4(15)','INFORMATION FLOW ENFORCEMENT | DETECTION OF UNSANCTIONED INFORMATION',15,'AC','ACCESS CONTROL'),(43,4,'Withdrawn: Incorporated into AC-4.\n		','AC-4(16)','INFORMATION FLOW ENFORCEMENT | INFORMATION TRANSFERS ON INTERCONNECTED SYSTEMS',16,'AC','ACCESS CONTROL'),(44,4,'The information system uniquely identifies and authenticates source and destination points by [Selection (one or more): organization, system, application, individual] for information transfer.\n		','AC-4(17)','INFORMATION FLOW ENFORCEMENT | | DOMAIN AUTHENTICATION',17,'AC','ACCESS CONTROL'),(45,4,'The information system binds security attributes to information using [Assignment: organization-defined binding techniques] to facilitate information flow policy enforcement.\n		','AC-4(18)','INFORMATION FLOW ENFORCEMENT | SECURITY ATTRIBUTE BINDING',18,'AC','ACCESS CONTROL'),(46,4,'The information system, when transferring information between different security domains, applies the same security policy filtering to metadata as it applies to data payloads.\n		','AC-4(19)','INFORMATION FLOW ENFORCEMENT | VALIDATION OF METADATA',19,'AC','ACCESS CONTROL'),(47,4,'The organization employs [Assignment: organization-defined solutions in approved configurations] to control the flow of [Assignment: organization-defined information] across security domains.\n		','AC-4(20)','INFORMATION FLOW ENFORCEMENT | APPROVED SOLUTIONS',20,'AC','ACCESS CONTROL'),(48,4,'The information system separates information flows logically or physically using [Assignment: organization-defined mechanisms and/or techniques] to accomplish [Assignment: organization-defined required separations by types of information].\n		','AC-4(21)','INFORMATION FLOW ENFORCEMENT | PHYSICAL / LOGICAL SEPARATION OF INFORMATION FLOWS',21,'AC','ACCESS CONTROL'),(49,4,'The information system provides access from a single device to computing platforms, applications, or data residing on multiple different security domains, while preventing any information flow between the different security domains.\n		','AC-4(22)','INFORMATION FLOW ENFORCEMENT | ACCESS ONLY',22,'AC','ACCESS CONTROL'),(50,5,'The organization: a. Separates [Assignment: organization-defined duties of individuals]; b. Documents separation of duties of individuals; and c. Defines information system access authorizations to support separation of duties.\n		','AC-5','SEPARATION OF DUTIES',0,'AC','ACCESS CONTROL'),(51,6,'The organization: a. Separates [Assignment: organization-defined duties of individuals]; b. Documents separation of duties of individuals; and c. Defines information system access authorizations to support separation of duties.\n		','AC-6','SEPARATION OF DUTIES',0,'AC','ACCESS CONTROL'),(52,6,'The organization explicitly authorizes access to [Assignment: organization-defined security functions (deployed in hardware, software, and firmware) and security-relevant information].\n		','AC-6(1)','LEAST PRIVILEGE | AUTHORIZE ACCESS TO SECURITY FUNCTIONS',1,'AC','ACCESS CONTROL'),(53,6,'The organization requires that users of information system accounts, or roles, with access to [Assignment: organization-defined security functions or security-relevant information], use non-privileged accounts or roles, when accessing nonsecurity functions.\n		','AC-6(2)','LEAST PRIVILEGE | NON-PRIVILEGED ACCESS FOR NONSECURITY FUNCTIONS',2,'AC','ACCESS CONTROL'),(54,6,'The organization authorizes network access to [Assignment: organization-defined privileged commands] only for [Assignment: organization-defined compelling operational needs] and documents the rationale for such access in the security plan for the information system.\n		','AC-6(3)','LEAST PRIVILEGE | NETWORK ACCESS TO PRIVILEGED COMMANDS',3,'AC','ACCESS CONTROL'),(55,6,'The information system provides separate processing domains to enable finer-grained allocation of user privileges.\n		','AC-6(4)','LEAST PRIVILEGE | SEPARATE PROCESSING DOMAINS',4,'AC','ACCESS CONTROL'),(56,6,'The organization restricts privileged accounts on the information system to [Assignment: organization-defined personnel or roles].\n		','AC-6(5)','LEAST PRIVILEGE | PRIVILEGED ACCOUNTS',5,'AC','ACCESS CONTROL'),(57,6,'The organization prohibits privileged access to the information system by non-organizational users.\n		','AC-6(6)','LEAST PRIVILEGE | PRIVILEGED ACCESS BY NON-ORGANIZATIONAL USERS',6,'AC','ACCESS CONTROL'),(58,6,'The organization: (a) Reviews [Assignment: organization-defined frequency] the privileges assigned to [Assignment: organization-defined roles or classes of users] to validate the need for such privileges; and (b) Reassigns or removes privileges, if necessary, to correctly reflect organizational mission/business needs.\n		','AC-6(7)','LEAST PRIVILEGE | REVIEW OF USER PRIVILEGES',7,'AC','ACCESS CONTROL'),(59,6,'The information system prevents [Assignment: organization-defined software] from executing at higher privilege levels than users executing the software\n		','AC-6(8)','LEAST PRIVILEGE | PRIVILEGE LEVELS FOR CODE EXECUTION',8,'AC','ACCESS CONTROL'),(60,6,'The information system audits the execution of privileged functions.\n		','AC-6(9)','LEAST PRIVILEGE | AUDITING USE OF PRIVILEGED FUNCTIONS',9,'AC','ACCESS CONTROL'),(61,6,'The information system prevents non-privileged users from executing privileged functions to include disabling, circumventing, or altering implemented security safeguards/countermeasures.\n		','AC-6(10)','LEAST PRIVILEGE | PROHIBIT NON-PRIVILEGED USERS FROM EXECUTING PRIVILEGED FUNCTIONS',10,'AC','ACCESS CONTROL'),(62,7,'The information system: a. Enforces a limit of [Assignment: organization-defined number] consecutive invalid logon attempts by a user during a [Assignment: organization-defined time period]; and b. Automatically [Selection: locks the account/node for an [Assignment: organization-defined time period]; locks the account/node until released by an administrator; delays next logon prompt according to [Assignment: organization-defined delay algorithm]] when the maximum number of unsuccessful attempts is exceeded.\n		','AC-7','UNSUCCESSFUL LOGON ATTEMPTS',0,'AC','ACCESS CONTROL'),(63,7,'Withdrawn: Incorporated into AC-7.\n		','AC-7(1)','UNSUCCESSFUL LOGON ATTEMPTS | AUTOMATIC ACCOUNT LOCK',1,'AC','ACCESS CONTROL'),(64,7,'The information system purges/wipes information from [Assignment: organization-defined mobile devices] based on [Assignment: organization-defined purging/wiping requirements/techniques] after [Assignment: organization-defined number] consecutive, unsuccessful device logon attempts.\n		','AC-7(2)','UNSUCCESSFUL LOGON ATTEMPTS | PURGE / WIPE MOBILE DEVICE',2,'AC','ACCESS CONTROL'),(65,8,'The information system:\n			a. Displays to users [Assignment: organization-defined system use notification message or banner] before granting access to the system that provides privacy and security notices consistent with applicable federal laws, Executive Orders, directives, policies, regulations, standards, and guidance and states that:\n				1. Users are accessing a U.S. Government information system;\n				2. Information system usage may be monitored, recorded, and subject to audit;\n				3. Unauthorized use of the information system is prohibited and subject to criminal and civil penalties; and\n				4. Use of the information system indicates consent to monitoring and recording;\n			b. Retains the notification message or banner on the screen until users acknowledge the usage conditions and take explicit actions to log on to or further access the information system; and\n			c. For publicly accessible systems:\n				1. Displays system use information [Assignment: organization-defined conditions], before granting further access;\n				2. Displays references, if any, to monitoring, recording, or auditing that are consistent with privacy accommodations for such systems that generally prohibit those activities; and\n				3. Includes a description of the authorized uses of the system.\n		','AC-8','SYSTEM USE NOTIFICATION',0,'AC','ACCESS CONTROL'),(66,8,'The information system notifies the user, upon successful logon (access) to the system, of the date and time of the last logon (access).\n		','AC-9','PREVIOUS LOGON (ACCESS) NOTIFICATION',0,'AC','ACCESS CONTROL'),(67,8,'The information system notifies the user, upon successful logon/access, of the number of unsuccessful logon/access attempts since the last successful logon/access.\n		','AC-9(1)','PREVIOUS LOGON NOTIFICATION | UNSUCCESSFUL LOGONS',1,'AC','ACCESS CONTROL'),(68,8,'The information system notifies the user of the number of [Selection: successful logons/accesses; unsuccessful logon/access attempts; both] during [Assignment: organization-defined time period].\n		','AC-9(2)','PREVIOUS LOGON NOTIFICATION | SUCCESSFUL / UNSUCCESSFUL LOGONS',2,'AC','ACCESS CONTROL'),(69,8,'The information system notifies the user of changes to [Assignment: organization-defined security-related characteristics/parameters of the user’s account] during [Assignment: organization-defined time period].\n		','AC-9(3)','PREVIOUS LOGON NOTIFICATION | NOTIFICATION OF ACCOUNT CHANGES',3,'AC','ACCESS CONTROL'),(70,8,'The information system notifies the user, upon successful logon (access), of the following additional information: [Assignment: organization-defined information to be included in addition to the date and time of the last logon (access)].\n		','AC-9(4)','PREVIOUS LOGON NOTIFICATION | ADDITIONAL LOGON INFORMATION',4,'AC','ACCESS CONTROL'),(71,10,'The information system limits the number of concurrent sessions for each [Assignment: organization-defined account and/or account type] to [Assignment: organization-defined number].\n		','AC-10','CONCURRENT SESSION CONTROL',0,'AC','ACCESS CONTROL'),(72,11,'The information system: a. Prevents further access to the system by initiating a session lock after [Assignment: organization-defined time period] of inactivity or upon receiving a request from a user; and b. Retains the session lock until the user reestablishes access using established identification and authentication procedures.\n		','AC-11','SESSION LOCK',0,'AC','ACCESS CONTROL'),(73,11,'The information system conceals, via the session lock, information previously visible on the display with a publicly viewable image.\n		','AC-11(1)','SESSION LOCK | PATTERN-HIDING DISPLAYS',1,'AC','ACCESS CONTROL'),(74,12,'The information system automatically terminates a user session after [Assignment: organization-defined conditions or trigger events requiring session disconnect].\n		','AC-12','SESSION TERMINATION',0,'AC','ACCESS CONTROL'),(75,12,'The information system: (a) Provides a logout capability for user-initiated communications sessions whenever authentication is used to gain access to [Assignment: organization-defined information resources]; and (b) Displays an explicit logout message to users indicating the reliable termination of authenticated communications sessions.\n		','AC-12(1)','SESSION TERMINATION | USER-INITIATED LOGOUTS / MESSAGE DISPLAYS',1,'AC','ACCESS CONTROL'),(76,13,'Withdrawn: Incorporated into AC-2 and AU-6.\n		','AC-13','SUPERVISION AND REVIEW — ACCESS CONTROL',0,'AC','ACCESS CONTROL'),(77,14,'The organization: a. Identifies [Assignment: organization-defined user actions] that can be performed on the information system without identification or authentication consistent with organizational missions/business functions; and b. Documents and provides supporting rationale in the security plan for the information system, user actions not requiring identification or authentication.\n		','AC-14','PERMITTED ACTIONS WITHOUT IDENTIFICATION OR AUTHENTICATION',0,'AC','ACCESS CONTROL'),(78,14,'Withdrawn: Incorporated into AC-14.\n		','AC-14(1)','PERMITTED ACTIONS WITHOUT IDENTIFICATION OR AUTHENTICATION | NECESSARY USES',1,'AC','ACCESS CONTROL'),(79,15,'Withdrawn: Incorporated into MP-3.\n		','AC-15','AUTOMATED MARKING',0,'AC','ACCESS CONTROL'),(80,16,'The organization: a. Provides the means to associate [Assignment: organization-defined types of security attributes] having [Assignment: organization-defined security attribute values] with information in storage, in process, and/or in transmission; b. Ensures that the security attribute associations are made and retained with the information; c. Establishes the permitted [Assignment: organization-defined security attributes] for [Assignment: organization-defined information systems]; and d. Determines the permitted [Assignment: organization-defined values or ranges] for each of the established security attributes.\n		','AC-16','SECURITY ATTRIBUTES',0,'AC','ACCESS CONTROL'),(81,16,'The information system dynamically associates security attributes with [Assignment: organization-defined subjects and objects] in accordance with [Assignment: organization-defined security policies] as information is created and combined.\n		','AC-16(1)','SECURITY ATTRIBUTES | DYNAMIC ATTRIBUTE ASSOCIATION',1,'AC','ACCESS CONTROL'),(82,16,'The information system provides authorized individuals (or processes acting on behalf of individuals) the capability to define or change the value of associated security attributes.\n		','AC-16(2)','SECURITY ATTRIBUTES | ATTRIBUTE VALUE CHANGES BY AUTHORIZED INDIVIDUALS',2,'AC','ACCESS CONTROL'),(83,16,'The information system maintains the association and integrity of [Assignment: organization-defined security attributes] to [Assignment: organization-defined subjects and objects].\n		','AC-16(3)','SECURITY ATTRIBUTES | MAINTENANCE OF ATTRIBUTE ASSOCIATIONS BY INFORMATION SYSTEM',3,'AC','ACCESS CONTROL'),(84,16,'The information system supports the association of [Assignment: organization-defined security attributes] with [Assignment: organization-defined subjects and objects] by authorized individuals (or processes acting on behalf of individuals).\n		','AC-16(4)','SECURITY ATTRIBUTES | ASSOCIATION OF ATTRIBUTES BY AUTHORIZED INDIVIDUALS',4,'AC','ACCESS CONTROL'),(85,16,'The information system displays security attributes in human-readable form on each object that the system transmits to output devices to identify [Assignment: organization-identified special dissemination, handling, or distribution instructions] using [Assignment: organization-identified human-readable, standard naming conventions].\n		','AC-16(5)','SECURITY ATTRIBUTES | ATTRIBUTE DISPLAYS FOR OUTPUT DEVICES',5,'AC','ACCESS CONTROL'),(86,16,'The organization allows personnel to associate, and maintain the association of [Assignment: organization-defined security attributes] with [Assignment: organization-defined subjects and objects] in accordance with [Assignment: organization-defined security policies].\n		','AC-16(6)','SECURITY ATTRIBUTES | MAINTENANCE OF ATTRIBUTE ASSOCIATION BY ORGANIZATION',6,'AC','ACCESS CONTROL'),(87,16,'The organization provides a consistent interpretation of security attributes transmitted between distributed information system components.\n		','AC-16(7)','SECURITY ATTRIBUTES | CONSISTENT ATTRIBUTE INTERPRETATION',7,'AC','ACCESS CONTROL'),(88,16,'The information system implements [Assignment: organization-defined techniques or technologies] with [Assignment: organization-defined level of assurance] in associating security attributes to information.\n		','AC-16(8)','SECURITY ATTRIBUTES | ASSOCIATION TECHNIQUES / TECHNOLOGIES',8,'AC','ACCESS CONTROL'),(89,16,'The organization ensures that security attributes associated with information are reassigned only via re-grading\n		','AC-16(9)','SECURITY ATTRIBUTES | ATTRIBUTE REASSIGNMENT',9,'AC','ACCESS CONTROL'),(90,16,'The information system provides authorized individuals the capability to define or change the type and value of security attributes available for association with subjects and objects.\n		','AC-16(10)','SECURITY ATTRIBUTES | ATTRIBUTE CONFIGURATION BY AUTHORIZED INDIVIDUALS',10,'AC','ACCESS CONTROL'),(91,17,'The organization: a. Establishes and documents usage restrictions, configuration/connection requirements, and implementation guidance for each type of remote access allowed; and b. Authorizes remote access to the information system prior to allowing such connections.\n		','AC-17','REMOTE ACCESS',0,'AC','ACCESS CONTROL'),(92,17,'The information system monitors and controls remote access methods.\n		','AC-17(1)','REMOTE ACCESS | AUTOMATED MONITORING / CONTROL',1,'AC','ACCESS CONTROL'),(93,17,'The information system implements cryptographic mechanisms to protect the confidentiality and integrity of remote access sessions.\n		','AC-17(2)','REMOTE ACCESS | PROTECTION OF CONFIDENTIALITY / INTEGRITY USING ENCRYPTION',2,'AC','ACCESS CONTROL'),(94,17,'The information system routes all remote accesses through [Assignment: organization-defined number] managed network access control points.\n		','AC-17(3)','REMOTE ACCESS | MANAGED ACCESS CONTROL POINTS',3,'AC','ACCESS CONTROL'),(95,17,'The organization: (a) Authorizes the execution of privileged commands and access to security-relevant information via remote access only for [Assignment: organization-defined needs]; and (b) Documents the rationale for such access in the security plan for the information system.\n		','AC-17(4)','REMOTE ACCESS | PRIVILEGED COMMANDS / ACCESS',4,'AC','ACCESS CONTROL'),(96,17,'Withdrawn: Incorporated into SI-4.\n		','AC-17(5)','REMOTE ACCESS | MONITORING FOR UNAUTHORIZED CONNECTIONS',5,'AC','ACCESS CONTROL'),(97,17,'The organization ensures that users protect information about remote access mechanisms from unauthorized use and disclosure.\n		','AC-17(6)','REMOTE ACCESS | PROTECTION OF INFORMATION',6,'AC','ACCESS CONTROL'),(98,17,'Withdrawn: Incorporated into AC-3 (10).\n		','AC-17(7)','REMOTE ACCESS | ADDITIONAL PROTECTION FOR SECURITY FUNCTION ACCESS',7,'AC','ACCESS CONTROL'),(99,17,'Withdrawn: Incorporated into CM-7.\n		','AC-17(8)','REMOTE ACCESS | DISABLE NONSECURE NETWORK PROTOCOLS',8,'AC','ACCESS CONTROL'),(100,17,'The organization provides the capability to expeditiously disconnect or disable remote access to the information system within [Assignment: organization-defined time period].\n		','AC-17(9)','REMOTE ACCESS | DISCONNECT / DISABLE ACCESS',9,'AC','ACCESS CONTROL'),(101,18,'The organization: a. Establishes usage restrictions, configuration/connection requirements, and implementation guidance for wireless access; and b. Authorizes wireless access to the information system prior to allowing such connections.\n		','AC-18','WIRELESS ACCESS',0,'AC','ACCESS CONTROL'),(102,18,'The information system protects wireless access to the system using authentication of [Selection (one or more): users; devices] and encryption.\n		','AC-18(1)','WIRELESS ACCESS | AUTHENTICATION AND ENCRYPTION',1,'AC','ACCESS CONTROL'),(103,18,'Withdrawn: Incorporated into SI-4.\n		','AC-18(2)','WIRELESS ACCESS | MONITORING UNAUTHORIZED CONNECTIONS',2,'AC','ACCESS CONTROL'),(104,18,'The organization disables, when not intended for use, wireless networking capabilities internally embedded within information system components prior to issuance and deployment.\n		','AC-18(3)','WIRELESS ACCESS | DISABLE WIRELESS NETWORKING',3,'AC','ACCESS CONTROL'),(105,18,'The organization identifies and explicitly authorizes users allowed to independently configure wireless networking capabilities.\n		','AC-18(4)','WIRELESS ACCESS | RESTRICT CONFIGURATIONS BY USERS',4,'AC','ACCESS CONTROL'),(106,18,'The organization selects radio antennas and calibrates transmission power levels to reduce the probability that usable signals can be received outside of organization-controlled boundaries.\n		','AC-18(5)','WIRELESS ACCESS | ANTENNAS / TRANSMISSION POWER LEVELS',5,'AC','ACCESS CONTROL'),(107,19,'The organization: a. Establishes usage restrictions, configuration requirements, connection requirements, and implementation guidance for organization-controlled mobile devices; and b. Authorizes the connection of mobile devices to organizational information systems.\n		','AC-19','ACCESS CONTROL FOR MOBILE DEVICES',0,'AC','ACCESS CONTROL'),(108,19,'Withdrawn: Incorporated into MP-7.\n		','AC-19(1)','ACCESS CONTROL FOR MOBILE DEVICES | USE OF WRITABLE / PORTABLE STORAGE DEVICES',1,'AC','ACCESS CONTROL'),(109,19,'Withdrawn: Incorporated into MP-7.\n		','AC-19(2)','ACCESS CONTROL FOR MOBILE DEVICES | USE OF PERSONALLY OWNED PORTABLE STORAGE DEVICES',2,'AC','ACCESS CONTROL'),(110,19,'Withdrawn: Incorporated into MP-7.\n		','AC-19(3)','ACCESS CONTROL FOR MOBILE DEVICES | USE OF PORTABLE STORAGE DEVICES WITH NO IDENTIFIABLE OWNER',3,'AC','ACCESS CONTROL'),(111,19,'The organization:\n			(a) Prohibits the use of unclassified mobile devices in facilities containing information systems processing, storing, or transmitting classified information unless specifically permitted by the authorizing official; and\n			(b) Enforces the following restrictions on individuals permitted by the authorizing official to use unclassified mobile devices in facilities containing information systems processing, storing, or transmitting classified information:\n				(1) Connection of unclassified mobile devices to classified information systems is prohibited;\n				(2) Connection of unclassified mobile devices to unclassified information systems requires approval from the authorizing official;\n				(3) Use of internal or external modems or wireless interfaces within the unclassified mobile devices is prohibited; and\n				(4) Unclassified mobile devices and the information stored on those devices are subject to random reviews and inspections by [Assignment: organization-defined security officials], and if classified information is found, the incident handling policy is followed.\n			(c) Restricts the connection of classified mobile devices to classified information systems in accordance with [Assignment: organization-defined security policies].\n		','AC-19(4)','ACCESS CONTROL FOR MOBILE DEVICES | RESTRICTIONS FOR CLASSIFIED INFORMATION',4,'AC','ACCESS CONTROL'),(112,19,'The organization employs [Selection: full-device encryption; container encryption] to protect the confidentiality and integrity of information on [Assignment: organization-defined mobile devices].\n		','AC-19(5)','ACCESS CONTROL FOR MOBILE DEVICES | FULL DEVICE / CONTAINER-BASED ENCRYPTION',5,'AC','ACCESS CONTROL'),(113,20,'The organization establishes terms and conditions, consistent with any trust relationships established with other organizations owning, operating, and/or maintaining external information systems, allowing authorized individuals to: a. Access the information system from external information systems; and b. Process, store, or transmit organization-controlled information using external information systems.\n		','AC-20','USE OF EXTERNAL INFORMATION SYSTEMS',0,'AC','ACCESS CONTROL'),(114,20,'The organization permits authorized individuals to use an external information system to access the information system or to process, store, or transmit organization-controlled information only when the organization: (a) Verifies the implementation of required security controls on the external system as specified in the organization’s information security policy and security plan; or (b) Retains approved information system connection or processing agreements with the organizational entity hosting the external information system.\n		','AC-20(1)','USE OF EXTERNAL INFORMATION SYSTEMS | LIMITS ON AUTHORIZED USE',1,'AC','ACCESS CONTROL'),(115,20,'The organization [Selection: restricts; prohibits] the use of organization-controlled portable storage devices by authorized individuals on external information systems.\n		','AC-20(2)','USE OF EXTERNAL INFORMATION SYSTEMS | PORTABLE STORAGE DEVICES',2,'AC','ACCESS CONTROL'),(116,20,'The organization [Selection: restricts; prohibits] the use of non-organizationally owned information systems, system components, or devices to process, store, or transmit organizational information.\n		','AC-20(3)','USE OF EXTERNAL INFORMATION SYSTEMS | NON-ORGANIZATIONALLY OWNED SYSTEMS / COMPONENTS / DEVICES',3,'AC','ACCESS CONTROL'),(117,20,'The organization prohibits the use of [Assignment: organization-defined network accessible storage devices] in external information systems.\n		','AC-20(4)','USE OF EXTERNAL INFORMATION SYSTEMS | NETWORK ACCESSIBLE STORAGE DEVICES',4,'AC','ACCESS CONTROL'),(118,21,'The organization: a. Facilitates information sharing by enabling authorized users to determine whether access authorizations assigned to the sharing partner match the access restrictions on the information for [Assignment: organization-defined information sharing circumstances where user discretion is required]; and b. Employs [Assignment: organization-defined automated mechanisms or manual processes] to assist users in making information sharing/collaboration decisions.\n		','AC-21','INFORMATION SHARING',0,'AC','ACCESS CONTROL'),(119,21,'The information system enforces information-sharing decisions by authorized users based on access authorizations of sharing partners and access restrictions on information to be shared.\n		','AC-21(1)','INFORMATION SHARING | AUTOMATED DECISION SUPPORT',1,'AC','ACCESS CONTROL'),(120,21,'The information system implements information search and retrieval services that enforce [Assignment: organization-defined information sharing restrictions].\n		','AC-21(2)','INFORMATION SHARING | INFORMATION SEARCH AND RETRIEVAL',2,'AC','ACCESS CONTROL'),(121,22,'The organization: a. Designates individuals authorized to post information onto a publicly accessible information system; b. Trains authorized individuals to ensure that publicly accessible information does not contain nonpublic information; c. Reviews the proposed content of information prior to posting onto the publicly accessible information system to ensure that nonpublic information is not included; and d. Reviews the content on the publicly accessible information system for nonpublic information [Assignment: organization-defined frequency] and removes such information, if discovered.\n		','AC-22','PUBLICLY ACCESSIBLE CONTENT',0,'AC','ACCESS CONTROL'),(122,23,'The organization employs [Assignment: organization-defined data mining prevention and detection techniques] for [Assignment: organization-defined data storage objects] to adequately detect and protect against data mining.\n		','AC-23','DATA MINING PROTECTION',0,'AC','ACCESS CONTROL'),(123,24,'The organization establishes procedures to ensure [Assignment: organization-defined access control decisions] are applied to each access request prior to access enforcement.\n		','AC-24','ACCESS CONTROL DECISIONS',0,'AC','ACCESS CONTROL'),(124,24,'The information system transmits [Assignment: organization-defined access authorization information] using [Assignment: organization-defined security safeguards] to [Assignment: organization-defined information systems] that enforce access control decisions.\n		','AC-24(1)','ACCESS CONTROL DECISIONS | TRANSMIT ACCESS AUTHORIZATION INFORMATION',1,'AC','ACCESS CONTROL'),(125,24,'The information system enforces access control decisions based on [Assignment: organization-defined security attributes] that do not include the identity of the user or process acting on behalf of the user.\n		','AC-24(2)','ACCESS CONTROL DECISIONS | NO USER OR PROCESS IDENTITY',2,'AC','ACCESS CONTROL'),(126,25,'The information system implements a reference monitor for [Assignment: organization-defined access control policies] that is tamperproof, always invoked, and small enough to be subject to analysis and testing, the completeness of which can be assured.\n		','AC-25','REFERENCE MONITOR',0,'AC','ACCESS CONTROL'),(127,1,'The information system implements a reference monitor for [Assignment: organization-defined access control policies] that is tamperproof, always invoked, and small enough to be subject to analysis and testing, the completeness of which can be assured.\n		','AT-1','SECURITY AWARENESS AND TRAINING POLICY AND PROCEDURES',0,'AT','AWARENESS AND TRAINING'),(128,2,'The organization provides basic security awareness training to information system users (including managers, senior executives, and contractors): a. As part of initial training for new users; b. When required by information system changes; and c. [Assignment: organization-defined frequency] thereafter.\n		','AT-2','SECURITY AWARENESS AND TRAINING POLICY AND PROCEDURES',0,'AT','AWARENESS AND TRAINING'),(129,2,'The organization includes practical exercises in security awareness training that simulate actual cyber attacks.\n		','AT-2(1)','SECURITY AWARENESS | PRACTICAL EXERCISES',1,'AT','AWARENESS AND TRAINING'),(130,2,'The organization includes security awareness training on recognizing and reporting potential indicators of insider threat.\n		','AT-2(2)','SECURITY AWARENESS | INSIDER THREAT',2,'AT','AWARENESS AND TRAINING'),(131,3,'The organization provides role-based security training to personnel with assigned security roles and responsibilities: a. Before authorizing access to the information system or performing assigned duties; b. When required by information system changes; and c. [Assignment: organization-defined frequency] thereafter.\n		','AT-3','ROLE-BASED SECURITY TRAINING',0,'AT','AWARENESS AND TRAINING'),(132,3,'The organization provides [Assignment: organization-defined personnel or roles] with initial and [Assignment: organization-defined frequency] training in the employment and operation of environmental controls.\n		','AT-3(1)','ROLE-BASED SECURITY TRAINING | ENVIRONMENTAL CONTROLS',1,'AT','AWARENESS AND TRAINING'),(133,3,'The organization provides [Assignment: organization-defined personnel or roles] with initial and [Assignment: organization-defined frequency] training in the employment and operation of physical security controls.\n		','AT-3(2)','ROLE-BASED SECURITY TRAINING | PHYSICAL SECURITY CONTROLS',2,'AT','AWARENESS AND TRAINING'),(134,3,'The organization includes practical exercises in security training that reinforce training objectives.\n		','AT-3(3)','ROLE-BASED SECURITY TRAINING | PRACTICAL EXERCISES',3,'AT','AWARENESS AND TRAINING'),(135,3,'The organization provides training to its personnel on [Assignment: organization-defined indicators of malicious code] to recognize suspicious communications and anomalous behavior in organizational information systems.\n		','AT-3(4)','ROLE-BASED SECURITY TRAINING | SUSPICIOUS COMMUNICATIONS AND ANOMALOUS SYSTEM BEHAVIOR',4,'AT','AWARENESS AND TRAINING'),(136,4,'The organization: a. Documents and monitors individual information system security training activities including basic security awareness training and specific information system security training; and b. Retains individual training records for [Assignment: organization-defined time period].\n		','AT-4','SECURITY TRAINING RECORDS',0,'AT','AWARENESS AND TRAINING'),(137,5,'Withdrawn: Incorporated into PM-15.\n		','AT-5','CONTACTS WITH SECURITY GROUPS AND ASSOCIATIONS',0,'AT','AWARENESS AND TRAINING'),(138,1,'The organization:\n			a. Develops, documents, and disseminates to [Assignment: organization-defined personnel or roles]:\n				1. An audit and accountability policy that addresses purpose, scope, roles, responsibilities, management commitment, coordination among organizational entities, and compliance; and\n				2. Procedures to facilitate the implementation of the audit and accountability policy and associated audit and accountability controls; and\n			b. Reviews and updates the current:\n				1. Audit and accountability policy [Assignment: organization-defined frequency]; and\n				2. Audit and accountability procedures [Assignment: organization-defined frequency].\n		','AU-1','AUDIT AND ACCOUNTABILITY POLICY AND PROCEDURES',0,'AU','AUDIT AND ACCOUNTABILITY'),(139,2,' The organization:\n			a. Determines that the information system is capable of auditing the following events: [Assignment: organization-defined auditable events];\n			b. Coordinates the security audit function with other organizational entities requiring audit-related information to enhance mutual support and to help guide the selection of auditable events;\n			c. Provides a rationale for why the auditable events are deemed to be adequate to support after-the-fact investigations of security incidents; and\n			d. Determines that the following events are to be audited within the information system: [Assignment: organization-defined audited events (the subset of the auditable events defined in AU-2 a.) along with the frequency of (or situation requiring) auditing for each identified event].\n		','AU-2','AUDIT EVENTS',0,'AU','AUDIT AND ACCOUNTABILITY'),(140,2,'Withdrawn: Incorporated into AU-12.\n		','AU-2(1)','AUDIT EVENTS | COMPILATION OF AUDIT RECORDS FROM MULTIPLE SOURCES',1,'AU','AUDIT AND AUCOUNTABILITY'),(141,2,'Withdrawn: Incorporated into AU-12.\n		','AU-2(2)','AUDIT EVENTS | SELECTION OF AUDIT EVENTS BY COMPONENT',2,'AU','AUDIT AND AUCOUNTABILITY'),(142,2,'The organization reviews and updates the audited events [Assignment: organization-defined frequency].\n		','AU-2(3)','AUDIT EVENTS | REVIEWS AND UPDATES',3,'AU','AUDIT AND AUCOUNTABILITY'),(143,2,'Withdrawn: Incorporated into AC-6 (9).\n		','AU-2(4)','AUDIT EVENTS | PRIVILEGED FUNCTIONS',4,'AU','AUDIT AND AUCOUNTABILITY'),(144,3,'The information system generates audit records containing information that establishes what type of event occurred, when the event occurred, where the event occurred, the source of the event, the outcome of the event, and the identity of any individuals or subjects associated with the event.\n		','AU-3','CONTENT OF AUDIT RECORDS',0,'AU','AUDIT AND AUCOUNTABILITY'),(145,3,'The information system generates audit records containing the following additional information: [Assignment: organization-defined additional, more detailed information].\n		','AU-3(1)','CONTENT OF AUDIT RECORDS | ADDITIONAL AUDIT INFORMATION',1,'AU','AUDIT AND AUCOUNTABILITY'),(146,3,'The information system provides centralized management and configuration of the content to be captured in audit records generated by [Assignment: organization-defined information system components].\n		','AU-3(2)','CONTENT OF AUDIT RECORDS | CENTRALIZED MANAGEMENT OF PLANNED AUDIT RECORD CONTENT',2,'AU','AUDIT AND AUCOUNTABILITY'),(147,4,'The organization allocates audit record storage capacity in accordance with [Assignment: organization-defined audit record storage requirements].\n		','AU-4','AUDIT STORAGE CAPACITY',0,'AU','AUDIT AND AUCOUNTABILITY'),(148,4,'The information system off-loads audit records [Assignment: organization-defined frequency] onto a different system or media than the system being audited.\n		','AU-4(1)','AUDIT STORAGE CAPACITY | TRANSFER TO ALTERNATE STORAGE',1,'AU','AUDIT AND AUCOUNTABILITY'),(149,5,'The information system: a. Alerts [Assignment: organization-defined personnel or roles] in the event of an audit processing failure; and b. Takes the following additional actions: [Assignment: organization-defined actions to be taken (e.g., shut down information system, overwrite oldest audit records, stop generating audit records)].\n		','AU-5','RESPONSE TO AUDIT PROCESSING FAILURES',0,'AU','AUDIT AND AUCOUNTABILITY'),(150,5,'The information system provides a warning to [Assignment: organization-defined personnel, roles, and/or locations] within [Assignment: organization-defined time period] when allocated audit record storage volume reaches [Assignment: organization-defined percentage] of repository maximum audit record storage capacity.\n		','AU-5(1)','RESPONSE TO AUDIT PROCESSING FAILURES | AUDIT STORAGE CAPACITY',1,'AU','AUDIT AND AUCOUNTABILITY'),(151,5,'The information system provides an alert in [Assignment: organization-defined real-time period] to [Assignment: organization-defined personnel, roles, and/or locations] when the following audit failure events occur: [Assignment: organization-defined audit failure events requiring real-time alerts].\n		','AU-5(2)','RESPONSE TO AUDIT PROCESSING FAILURES | REAL-TIME ALERTS',2,'AU','AUDIT AND AUCOUNTABILITY'),(152,5,'The information system enforces configurable network communications traffic volume thresholds reflecting limits on auditing capacity and [Selection: rejects; delays] network traffic above those thresholds.\n		','AU-5(3)','RESPONSE TO AUDIT PROCESSING FAILURES | CONFIGURABLE TRAFFIC VOLUME THRESHOLDS',3,'AU','AUDIT AND AUCOUNTABILITY'),(153,5,'The information system invokes a [Selection: full system shutdown; partial system shutdown; degraded operational mode with limited mission/business functionality available] in the event of [Assignment: organization-defined audit failures], unless an alternate audit capability exists.\n		','AU-5(4)','RESPONSE TO AUDIT PROCESSING FAILURES | SHUTDOWN ON FAILURE',4,'AU','AUDIT AND AUCOUNTABILITY'),(154,6,'The organization: a. Reviews and analyzes information system audit records [Assignment: organization-defined frequency] for indications of [Assignment: organization-defined inappropriate or unusual activity]; and b. Reports findings to [Assignment: organization-defined personnel or roles].\n		','AU-6','AUDIT REVIEW, ANALYSIS, AND REPORTING',0,'AU','AUDIT AND AUCOUNTABILITY'),(155,6,'The organization employs automated mechanisms to integrate audit review, analysis, and reporting processes to support organizational processes for investigation and response to suspicious activities.\n		','AU-6(1)','AUDIT REVIEW, ANALYSIS, AND REPORTING | PROCESS INTEGRATION',1,'AU','AUDIT AND AUCOUNTABILITY'),(156,6,'Withdrawn: Incorporated into SI-4.\n		','AU-6(2)','AUDIT REVIEW, ANALYSIS, AND REPORTING | AUTOMATED SECURITY ALERTS',2,'AU','AUDIT AND AUCOUNTABILITY'),(157,6,'The organization analyzes and correlates audit records across different repositories to gain organization-wide situational awareness.\n		','AU-6(3)','AUDIT REVIEW, ANALYSIS, AND REPORTING | CORRELATE AUDIT REPOSITORIES',3,'AU','AUDIT AND AUCOUNTABILITY'),(158,6,'The information system provides the capability to centrally review and analyze audit records from multiple components within the system.\n		','AU-6(4)','AUDIT REVIEW, ANALYSIS, AND REPORTING | CENTRAL REVIEW AND ANALYSIS',4,'AU','AUDIT AND AUCOUNTABILITY'),(159,6,'The organization integrates analysis of audit records with analysis of [Selection (one or more): vulnerability scanning information; performance data; information system monitoring information; [Assignment: organization-defined data/information collected from other sources]] to further enhance the ability to identify inappropriate or unusual activity.\n		','AU-6(5)','AUDIT REVIEW, ANALYSIS, AND REPORTING | INTEGRATION / SCANNING AND MONITORING CAPABILITIES',5,'AU','AUDIT AND AUCOUNTABILITY'),(160,6,'The organization correlates information from audit records with information obtained from monitoring physical access to further enhance the ability to identify suspicious, inappropriate, unusual, or malevolent activity.\n		','AU-6(6)','AUDIT REVIEW, ANALYSIS, AND REPORTING | CORRELATION WITH PHYSICAL MONITORING',6,'AU','AUDIT AND AUCOUNTABILITY'),(161,6,'The organization specifies the permitted actions for each [Selection (one or more): information system process; role; user] associated with the review, analysis, and reporting of audit information.\n		','AU-6(7)','AUDIT REVIEW, ANALYSIS, AND REPORTING | PERMITTED ACTIONS',7,'AU','AUDIT AND AUCOUNTABILITY'),(162,6,'The organization performs a full text analysis of audited privileged commands in a physically distinct component or subsystem of the information system, or other information system that is dedicated to that analysis.\n		','AU-6(8)','AUDIT REVIEW, ANALYSIS, AND REPORTING | FULL TEXT ANALYSIS OF PRIVILEGED COMMANDS',8,'AU','AUDIT AND AUCOUNTABILITY'),(163,6,'The organization correlates information from nontechnical sources with audit information to enhance organization-wide situational awareness.\n		','AU-6(9)','AUDIT REVIEW, ANALYSIS, AND REPORTING | CORRELATION WITH INFORMATION FROM NONTECHNICAL SOURCES',9,'AU','AUDIT AND AUCOUNTABILITY'),(164,6,'The organization adjusts the level of audit review, analysis, and reporting within the information system when there is a change in risk based on law enforcement information, intelligence information, or other credible sources of information.\n		','AU-6(10)','AUDIT REVIEW, ANALYSIS, AND REPORTING | AUDIT LEVEL ADJUSTMENT',10,'AU','AUDIT AND AUCOUNTABILITY'),(165,7,'The information system provides an audit reduction and report generation capability that: a. Supports on-demand audit review, analysis, and reporting requirements and after-the-fact investigations of security incidents; and b. Does not alter the original content or time ordering of audit records.\n		','AU-7','AUDIT REDUCTION AND REPORT GENERATION',0,'AU','AUDIT AND AUCOUNTABILITY'),(166,7,'The information system provides the capability to process audit records for events of interest based on [Assignment: organization-defined audit fields within audit records].\n		','AU-7(1)','AUDIT REDUCTION AND REPORT GENERATION | AUTOMATIC PROCESSING',1,'AU','AUDIT AND AUCOUNTABILITY'),(167,7,'The information system provides the capability to sort and search audit records for events of interest based on the content of [Assignment: organization-defined audit fields within audit records].\n		','AU-7(2)','AUDIT REDUCTION AND REPORT GENERATION | AUTOMATIC SORT AND SEARCH',2,'AU','AUDIT AND AUCOUNTABILITY'),(168,8,'The information system: a. Uses internal system clocks to generate time stamps for audit records; and b. Records time stamps for audit records that can be mapped to Coordinated Universal Time (UTC) or Greenwich Mean Time (GMT) and meets [Assignment: organization-defined granularity of time measurement].\n		','AU-8','TIME STAMPS',0,'AU','AUDIT AND AUCOUNTABILITY'),(169,8,'The information system: (a) Compares the internal information system clocks [Assignment: organization-defined frequency] with [Assignment: organization-defined authoritative time source]; and (b) Synchronizes the internal system clocks to the authoritative time source when the time difference is greater than [Assignment: organization-defined time period].\n		','AU-8(1)','TIME STAMPS | SYNCHRONIZATION WITH AUTHORITATIVE TIME SOURCE',1,'AU','AUDIT AND AUCOUNTABILITY'),(170,8,'The information system identifies a secondary authoritative time source that is located in a different geographic region than the primary authoritative time source.\n		','AU-8(2)','TIME STAMPS | SECONDARY AUTHORITATIVE TIME SOURCE',2,'AU','AUDIT AND AUCOUNTABILITY'),(171,9,'The information system protects audit information and audit tools from unauthorized access, modification, and deletion.\n		','AU-9','PROTECTION OF AUDIT INFORMATION',0,'AU','AUDIT AND AUCOUNTABILITY'),(172,9,'The information system writes audit trails to hardware-enforced, write-once media.\n		','AU-9(1)','PROTECTION OF AUDIT INFORMATION | HARDWARE WRITE-ONCE MEDIA',1,'AU','AUDIT AND AUCOUNTABILITY'),(173,9,'The information system backs up audit records [Assignment: organization-defined frequency] onto a physically different system or system component than the system or component being audited.\n		','AU-9(2)','PROTECTION OF AUDIT INFORMATION | AUDIT BACKUP ON SEPARATE PHYSICAL SYSTEMS / COMPONENTS',2,'AU','AUDIT AND AUCOUNTABILITY'),(174,9,'The information system implements cryptographic mechanisms to protect the integrity of audit information and audit tools.\n		','AU-9(3)','PROTECTION OF AUDIT INFORMATION | CRYPTOGRAPHIC PROTECTION',3,'AU','AUDIT AND AUCOUNTABILITY'),(175,9,'The organization authorizes access to management of audit functionality to only [Assignment: organization-defined subset of privileged users].\n		','AU-9(4)','PROTECTION OF AUDIT INFORMATION | ACCESS BY SUBSET OF PRIVILEGED USERS',4,'AU','AUDIT AND AUCOUNTABILITY'),(176,9,'The organization enforces dual authorization for [Selection (one or more): movement; deletion] of [Assignment: organization-defined audit information].\n		','AU-9(5)','PROTECTION OF AUDIT INFORMATION | DUAL AUTHORIZATION',5,'AU','AUDIT AND AUCOUNTABILITY'),(177,9,'The organization authorizes read-only access to audit information to [Assignment: organization-defined subset of privileged users].\n		','AU-9(6)','PROTECTION OF AUDIT INFORMATION | READ ONLY ACCESS',6,'AU','AUDIT AND AUCOUNTABILITY'),(178,10,'The information system protects against an individual (or process acting on behalf of an individual) falsely denying having performed [Assignment: organization-defined actions to be covered by non-repudiation].\n		','AU-10','NON-REPUDIATION',0,'AU','AUDIT AND AUCOUNTABILITY'),(179,10,'The information system: (a) Binds the identity of the information producer with the information to [Assignment: organization-defined strength of binding]; and (b) Provides the means for authorized individuals to determine the identity of the producer of the information.\n		','AU-10(1)','NON-REPUDIATION | ASSOCIATION OF IDENTITIES',1,'AU','AUDIT AND AUCOUNTABILITY'),(180,10,'The information system: (a) Validates the binding of the information producer identity to the information at [Assignment: organization-defined frequency]; and (b) Performs [Assignment: organization-defined actions] in the event of a validation error.\n		','AU-10(2)','NON-REPUDIATION | VALIDATE BINDING OF INFORMATION PRODUCER IDENTITY',2,'AU','AUDIT AND AUCOUNTABILITY'),(181,10,'The information system maintains reviewer/releaser identity and credentials within the established chain of custody for all information reviewed or released.\n		','AU-10(3)','NON-REPUDIATION | CHAIN OF CUSTODY',3,'AU','AUDIT AND AUCOUNTABILITY'),(182,10,'The information system: (a) Validates the binding of the information reviewer identity to the information at the transfer or release points prior to release/transfer between [Assignment: organization-defined security domains]; and (b) Performs [Assignment: organization-defined actions] in the event of a validation error.\n		','AU-10(4)','NON-REPUDIATION | VALIDATE BINDING OF INFORMATION REVIEWER IDENTITY',4,'AU','AUDIT AND AUCOUNTABILITY'),(183,10,'Withdrawn: Incorporated into SI-7.\n		','AU-10(5)','NON-REPUDIATION | DIGITAL SIGNATURES',5,'AU','AUDIT AND AUCOUNTABILITY'),(184,11,'The organization retains audit records for [Assignment: organization-defined time period consistent with records retention policy] to provide support for after-the-fact investigations of security incidents and to meet regulatory and organizational information retention requirements.\n		','AU-11','AUDIT RECORD RETENTION',0,'AU','AUDIT AND AUCOUNTABILITY'),(185,11,'The organization employs [Assignment: organization-defined measures] to ensure that long-term audit records generated by the information system can be retrieved.\n		','AU-11(1)','AUDIT RECORD RETENTION | LONG-TERM RETRIEVAL CAPABILITY',1,'AU','AUDIT AND AUCOUNTABILITY'),(186,12,'The information system: a. Provides audit record generation capability for the auditable events defined in AU-2 a. at [Assignment: organization-defined information system components];b. Allows [Assignment: organization-defined personnel or roles] to select which auditable events are to be audited by specific components of the information system; and c. Generates audit records for the events defined in AU-2 d. with the content defined in AU-3.\n		','AU-12','AUDIT GENERATION',0,'AU','AUDIT AND AUCOUNTABILITY'),(187,12,'The information system compiles audit records from [Assignment: organization-defined information system components] into a system-wide (logical or physical) audit trail that is time-correlated to within [Assignment: organization-defined level of tolerance for the relationship between time stamps of individual records in the audit trail].\n		','AU-12(1)','AUDIT GENERATION | SYSTEM-WIDE / TIME-CORRELATED AUDIT TRAIL',1,'AU','AUDIT AND AUCOUNTABILITY'),(188,12,'The information system produces a system-wide (logical or physical) audit trail composed of audit records in a standardized format.\n		','AU-12(2)','AUDIT GENERATION | STANDARDIZED FORMATS',2,'AU','AUDIT AND AUCOUNTABILITY'),(189,12,'The information system provides the capability for [Assignment: organization-defined individuals or roles] to change the auditing to be performed on [Assignment: organization-defined information system components] based on [Assignment: organization-defined selectable event criteria] within [Assignment: organization-defined time thresholds].\n		','AU-12(3)','AUDIT GENERATION | CHANGES BY AUTHORIZED INDIVIDUALS',3,'AU','AUDIT AND AUCOUNTABILITY'),(190,13,'The organization monitors [Assignment: organization-defined open source information and/or information sites] [Assignment: organization-defined frequency] for evidence of unauthorized disclosure of organizational information.\n		','AU-13','MONITORING FOR INFORMATION DISCLOSURE',0,'AU','AUDIT AND AUCOUNTABILITY'),(191,13,'The organization employs automated mechanisms to determine if organizational information has been disclosed in an unauthorized manner.\n		','AU-13(1)','MONITORING FOR INFORMATION DISCLOSURE | USE OF AUTOMATED TOOLS',1,'AU','AUDIT AND AUCOUNTABILITY'),(192,13,'The organization reviews the open source information sites being monitored [Assignment: organization-defined frequency].\n		','AU-13(2)','MONITORING FOR INFORMATION DISCLOSURE | REVIEW OF MONITORED SITES',2,'AU','AUDIT AND AUCOUNTABILITY'),(193,14,'The information system provides the capability for authorized users to select a user session to capture/record or view/hear.\n		','AU-14','SESSION AUDIT',0,'AU','AUDIT AND AUCOUNTABILITY'),(194,14,'The information system initiates session audits at system start-up.\n		','AU-14(1)','SESSION AUDIT | SYSTEM START-UP',1,'AU','AUDIT AND AUCOUNTABILITY'),(195,14,'The information system provides the capability for authorized users to capture/record and log content related to a user session.\n		','AU-14(2)','SESSION AUDIT | CAPTURE/RECORD AND LOG CONTENT',2,'AU','AUDIT AND AUCOUNTABILITY'),(196,14,'The information system provides the capability for authorized users to remotely view/hear all content related to an established user session in real time.\n		','AU-14(3)','SESSION AUDIT | REMOTE VIEWING / LISTENING',3,'AU','AUDIT AND AUCOUNTABILITY'),(197,15,'The organization provides an alternate audit capability in the event of a failure in primary audit capability that provides [Assignment: organization-defined alternate audit functionality].\n		','AU-15','ALTERNATE AUDIT CAPABILITY',0,'AU','AUDIT AND AUCOUNTABILITY'),(198,16,'The organization employs [Assignment: organization-defined methods] for coordinating [Assignment: organization-defined audit information] among external organizations when audit information is transmitted across organizational boundaries.\n		','AU-16','CROSS-ORGANIZATIONAL AUDITING',0,'AU','AUDIT AND AUCOUNTABILITY'),(199,16,'The organization requires that the identity of individuals be preserved in cross-organizational audit trails.\n		','AU-16(1)','CROSS-ORGANIZATIONAL AUDITING | IDENTITY PRESERVATION',1,'AU','AUDIT AND AUCOUNTABILITY'),(200,16,'The organization provides cross-organizational audit information to [Assignment: organization-defined organizations] based on [Assignment: organization-defined cross-organizational sharing agreements].\n		','AU-16(2)','CROSS-ORGANIZATIONAL AUDITING | SHARING OF AUDIT INFORMATION',2,'AU','AUDIT AND AUCOUNTABILITY'),(201,1,'The organization:\n			a. Develops, documents, and disseminates to [Assignment: organization-defined personnel or roles]:\n				1. A security assessment and authorization policy that addresses purpose, scope, roles, responsibilities, management commitment, coordination among organizational entities, and compliance; and\n				2. Procedures to facilitate the implementation of the security assessment and authorization policy and associated security assessment and authorization controls; and\n			b. Reviews and updates the current:\n				1. Security assessment and authorization policy [Assignment: organization-defined frequency]; and\n				2. Security assessment and authorization procedures [Assignment: organization-defined frequency].\n		','CA-1','SECURITY ASSESSMENT AND AUTHORIZATION POLICY AND PROCEDURES',0,'CA','SECURITY ASSESSMENT AND AUTHORIZATION'),(202,2,'The organization:\n			a. Develops a security assessment plan that describes the scope of the assessment including:\n				1. Security controls and control enhancements under assessment;\n				2. Assessment procedures to be used to determine security control effectiveness; and\n				3. Assessment environment, assessment team, and assessment roles and responsibilities;\n			b. Assesses the security controls in the information system and its environment of operation [Assignment: organization-defined frequency] to determine the extent to which the controls are implemented correctly, operating as intended, and producing the desired outcome with respect to meeting established security requirements;\n			c. Produces a security assessment report that documents the results of the assessment; and\n			d. Provides the results of the security control assessment to [Assignment: organization-defined individuals or roles].\n		','CA-2','SECURITY ASSESSMENTS',0,'CA','SECURITY ASSESSMENT AND AUTHORIZATION'),(203,2,'The organization employs assessors or assessment teams with [Assignment: organization-defined level of independence] to conduct security control assessments.\n		','CA-2(1)','SECURITY ASSESSMENTS | INDEPENDENT ASSESSORS',1,'CA','SECURITY ASSESSMENT AND AUTHORIZATION'),(204,2,'The organization includes as part of security control assessments, [Assignment: organization-defined frequency], [Selection: announced; unannounced], [Selection (one or more): in-depth monitoring; vulnerability scanning; malicious user testing; insider threat assessment; performance/load testing; [Assignment: organization-defined other forms of security assessment]].\n		','CA-2(2)','SECURITY ASSESSMENTS | SPECIALIZED ASSESSMENTS',2,'CA','SECURITY ASSESSMENT AND AUTHORIZATION'),(205,2,'The organization accepts the results of an assessment of [Assignment: organization-defined information system] performed by [Assignment: organization-defined external organization] when the assessment meets [Assignment: organization-defined requirements].\n		','CA-2(3)','SECURITY ASSESSMENTS | EXTERNAL ORGANIZATIONS',3,'CA','SECURITY ASSESSMENT AND AUTHORIZATION'),(206,3,'The organization: a. Authorizes connections from the information system to other information systems through the use of Interconnection Security Agreements; b. Documents, for each interconnection, the interface characteristics, security requirements, and the nature of the information communicated; and c. Reviews and updates Interconnection Security Agreements [Assignment: organization-defined frequency].\n		','CA-3','SYSTEM INTERCONNECTIONS',0,'CA','SECURITY ASSESSMENT AND AUTHORIZATION'),(207,3,'The organization prohibits the direct connection of an [Assignment: organization-defined unclassified, national security system] to an external network without the use of [Assignment: organization-defined boundary protection device].\n		','CA-3(1)','SYSTEM INTERCONNECTIONS | UNCLASSIFIED NATIONAL SECURITY SYSTEM CONNECTIONS',1,'CA','SECURITY ASSESSMENT AND AUTHORIZATION'),(208,3,'The organization prohibits the direct connection of a classified, national security system to an external network without the use of [Assignment: organization-defined boundary protection device].\n		','CA-3(2)','SYSTEM INTERCONNECTIONS | CLASSIFIED NATIONAL SECURITY SYSTEM CONNECTIONS',2,'CA','SECURITY ASSESSMENT AND AUTHORIZATION'),(209,3,'The organization prohibits the direct connection of an [Assignment: organization-defined unclassified, non-national security system] to an external network without the use of [Assignment; organization-defined boundary protection device].\n		','CA-3(3)','SYSTEM INTERCONNECTIONS | UNCLASSIFIED NON-NATIONAL SECURITY SYSTEM CONNECTIONS',3,'CA','SECURITY ASSESSMENT AND AUTHORIZATION'),(210,3,'The organization prohibits the direct connection of an [Assignment: organization-defined information system] to a public network.\n		','CA-3(4)','SYSTEM INTERCONNECTIONS | CONNECTIONS TO PUBLIC NETWORKS',4,'CA','SECURITY ASSESSMENT AND AUTHORIZATION'),(211,3,'The organization employs [Selection: allow-all, deny-by-exception; deny-all, permit-by-exception] policy for allowing [Assignment: organization-defined information systems] to connect to external information systems.\n		','CA-3(5)','SYSTEM INTERCONNECTIONS | RESTRICTIONS ON EXTERNAL SYSTEM CONNECTIONS',5,'CA','SECURITY ASSESSMENT AND AUTHORIZATION'),(212,4,'Withdrawn: Incorporated into CA-2.\n		','CA-4','SYSTEM INTERCONNECTIONS',0,'CA','SECURITY ASSESSMENT AND AUTHORIZATION'),(213,5,'The organization: a. Develops a plan of action and milestones for the information system to document the organization’s planned remedial actions to correct weaknesses or deficiencies noted during the assessment of the security controls and to reduce or eliminate known vulnerabilities in the system; and b. Updates existing plan of action and milestones [Assignment: organization-defined frequency] based on the findings from security controls assessments, security impact analyses, and continuous monitoring activities.\n		','CA-5','PLAN OF ACTION AND MILESTONES',0,'CA','SECURITY ASSESSMENT AND AUTHORIZATION'),(214,5,'The organization employs automated mechanisms to help ensure that the plan of action and milestones for the information system is accurate, up to date, and readily available.\n		','CA-5(1)','PLAN OF ACTION AND MILESTONES | AUTOMATION SUPPORT FOR ACCURACY / CURRENCY',1,'CA','SECURITY ASSESSMENT AND AUTHORIZATION'),(215,6,' The organization: a. Assigns a senior-level executive or manager as the authorizing official for the information system; b. Ensures that the authorizing official authorizes the information system for processing before commencing operations; and c. Updates the security authorization [Assignment: organization-defined frequency].\n		','CA-6','SECURITY AUTHORIZATION',0,'CA','SECURITY ASSESSMENT AND AUTHORIZATION'),(216,7,'The organization develops a continuous monitoring strategy and implements a continuous monitoring program that includes:\n			a. Establishment of [Assignment: organization-defined metrics] to be monitored;\n			b. Establishment of [Assignment: organization-defined frequencies] for monitoring and [Assignment: organization-defined frequencies] for assessments supporting such monitoring;\n			c. Ongoing security control assessments in accordance with the organizational continuous monitoring strategy;\n			d. Ongoing security status monitoring of organization-defined metrics in accordance with the organizational continuous monitoring strategy;\n			e. Correlation and analysis of security-related information generated by assessments and monitoring;\n			f. Response actions to address results of the analysis of security-related information; and\n			g. Reporting the security status of organization and the information system to [Assignment: organization-defined personnel or roles] [Assignment: organization-defined frequency].\n		','CA-7','CONTINUOUS MONITORING',0,'CA','SECURITY ASSESSMENT AND AUTHORIZATION'),(217,7,'The organization employs assessors or assessment teams with [Assignment: organization-defined level of independence] to monitor the security controls in the information system on an ongoing basis.\n		','CA-7(1)','CONTINUOUS MONITORING | INDEPENDENT ASSESSMENT',1,'CA','SECURITY ASSESSMENT AND AUTHORIZATION'),(218,7,'Withdrawn: Incorporated into CA-2.\n		','CA-7(2)','CONTINUOUS MONITORING | TYPES OF ASSESSMENTS',2,'CA','SECURITY ASSESSMENT AND AUTHORIZATION'),(219,7,'The organization employs trend analyses to determine if security control implementations, the frequency of continuous monitoring activities, and/or the types of activities used in the continuous monitoring process need to be modified based on empirical data.\n		','CA-7(3)','CONTINUOUS MONITORING | TREND ANALYSES',3,'CA','SECURITY ASSESSMENT AND AUTHORIZATION'),(220,8,' \n		','CA-8','PENETRATION TESTING',0,'CA','SECURITY ASSESSMENT AND AUTHORIZATION'),(221,8,'The organization employs an independent penetration agent or penetration team to perform penetration testing on the information system or system components.\n		','CA-8(1)','PENETRATION TESTING | INDEPENDENT PENETRATION AGENT OR TEAM',1,'CA','SECURITY ASSESSMENT AND AUTHORIZATION'),(222,8,'The organization employs [Assignment: organization-defined red team exercises] to simulate attempts by adversaries to compromise organizational information systems in accordance with [Assignment: organization-defined rules of engagement].\n		','CA-8(2)','PENETRATION TESTING | RED TEAM EXERCISES',2,'CA','SECURITY ASSESSMENT AND AUTHORIZATION'),(223,9,'The organization: a. Authorizes internal connections of [Assignment: organization-defined information system components or classes of components] to the information system; and b. Documents, for each internal connection, the interface characteristics, security requirements, and the nature of the information communicated.\n		','CA-9','INTERNAL SYSTEM CONNECTIONS',0,'CA','SECURITY ASSESSMENT AND AUTHORIZATION'),(224,9,'The information system performs security compliance checks on constituent system components prior to the establishment of the internal connection.\n		','CA-9(1)','INTERNAL SYSTEM CONNECTIONS | SECURITY COMPLIANCE CHECKS',1,'CA','SECURITY ASSESSMENT AND AUTHORIZATION'),(225,1,'The organization:\n			a. Develops, documents, and disseminates to [Assignment: organization-defined personnel or roles]:\n				1. A configuration management policy that addresses purpose, scope, roles, responsibilities, management commitment, coordination among organizational entities, and compliance; and\n				2. Procedures to facilitate the implementation of the configuration management policy and associated configuration management controls; and\n			b. Reviews and updates the current:\n				1. Configuration management policy [Assignment: organization-defined frequency]; and\n				2. Configuration management procedures [Assignment: organization-defined frequency].\n		','CM-1','CONFIGURATION MANAGEMENT POLICY AND PROCEDURES',0,'CM','CONFIGURATION MANAGEMENT'),(226,2,'The organization develops, documents, and maintains under configuration control, a current baseline configuration of the information system.\n		','CM-2','BASELINE CONFIGURATION',0,'CM','CONFIGURATION MANAGEMENT'),(227,2,'The organization reviews and updates the baseline configuration of the information system: (a) [Assignment: organization-defined frequency]; (b) When required due to [Assignment organization-defined circumstances]; and (c) As an integral part of information system component installations and upgrades.\n		','CM-2(1)','BASELINE CONFIGURATION | REVIEWS AND UPDATES',1,'CM','CONFIGURATION MANAGEMENT'),(228,2,'The organization employs automated mechanisms to maintain an up-to-date, complete, accurate, and readily available baseline configuration of the information system.\n		','CM-2(2)','BASELINE CONFIGURATION | AUTOMATION SUPPORT FOR ACCURACY / CURRENCY',2,'CM','CONFIGURATION MANAGEMENT'),(229,2,'The organization retains [Assignment: organization-defined previous versions of baseline configurations of the information system] to support rollback.\n		','CM-2(3)','BASELINE CONFIGURATION | RETENTION OF PREVIOUS CONFIGURATIONS',3,'CM','CONFIGURATION MANAGEMENT'),(230,2,'Withdrawn: Incorporated into CM-7.\n		','CM-2(4)','BASELINE CONFIGURATION | UNAUTHORIZED SOFTWARE',4,'CM','CONFIGURATION MANAGEMENT'),(231,2,'Withdrawn: Incorporated into CM-7.\n		','CM-2(5)','BASELINE CONFIGURATION | AUTHORIZED SOFTWARE',5,'CM','CONFIGURATION MANAGEMENT'),(232,2,'The organization maintains a baseline configuration for information system development and test environments that is managed separately from the operational baseline configuration.\n		','CM-2(6)','BASELINE CONFIGURATION | DEVELOPMENT AND TEST ENVIRONMENTS',6,'CM','CONFIGURATION MANAGEMENT'),(233,2,'The organization: (a) Issues [Assignment: organization-defined information systems, system components, or devices] with [Assignment: organization-defined configurations] to individuals traveling to locations that the organization deems to be of significant risk; and (b) Applies [Assignment: organization-defined security safeguards] to the devices when the individuals return.\n		','CM-2(7)','BASELINE CONFIGURATION | CONFIGURE SYSTEMS, COMPONENTS, OR DEVICES FOR HIGH-RISK AREAS',7,'CM','CONFIGURATION MANAGEMENT'),(234,3,'The organization:\n			a. Determines the types of changes to the information system that are configuration-controlled;\n			b. Reviews proposed configuration-controlled changes to the information system and approves or disapproves such changes with explicit consideration for security impact analyses;\n			c. Documents configuration change decisions associated with the information system;\n			d. Implements approved configuration-controlled changes to the information system;\n			e. Retains records of configuration-controlled changes to the information system for [Assignment: organization-defined time period];\n			f. Audits and reviews activities associated with configuration-controlled changes to the information system; and\n			g. Coordinates and provides oversight for configuration change control activities through [Assignment: organization-defined configuration change control element (e.g., committee, board)] that convenes [Selection (one or more): [Assignment: organization-defined frequency]; [Assignment: organization-defined configuration change conditions]].\n		','CM-3','CONFIGURATION CHANGE CONTROL',0,'CM','CONFIGURATION MANAGEMENT'),(235,3,'The organization employs automated mechanisms to: (a) Document proposed changes to the information system; (b) Notify [Assignment: organized-defined approval authorities] of proposed changes to the information system and request change approval; (c) Highlight proposed changes to the information system that have not been approved or disapproved by [Assignment: organization-defined time period]; (d) Prohibit changes to the information system until designated approvals are received; (e) Document all changes to the information system; and (f) Notify [Assignment: organization-defined personnel] when approved changes to the information system are completed.\n		','CM-3(1)','CONFIGURATION CHANGE CONTROL | AUTOMATED DOCUMENT / NOTIFICATION / PROHIBITION OF CHANGES',1,'CM','CONFIGURATION MANAGEMENT'),(236,3,'The organization tests, validates, and documents changes to the information system before implementing the changes on the operational system.\n		','CM-3(2)','CONFIGURATION CHANGE CONTROL | TEST / VALIDATE / DOCUMENT CHANGES',2,'CM','CONFIGURATION MANAGEMENT'),(237,3,'The organization employs automated mechanisms to implement changes to the current information system baseline and deploys the updated baseline across the installed base.\n		','CM-3(3)','CONFIGURATION CHANGE CONTROL | AUTOMATED CHANGE IMPLEMENTATION',3,'CM','CONFIGURATION MANAGEMENT'),(238,3,'The organization requires an information security representative to be a member of the [Assignment: organization-defined configuration change control element].\n		','CM-3(4)','CONFIGURATION CHANGE CONTROL | SECURITY REPRESENTATIVE',4,'CM','CONFIGURATION MANAGEMENT'),(239,3,'The information system implements [Assignment: organization-defined security responses] automatically if baseline configurations are changed in an unauthorized manner.\n		','CM-3(5)','CONFIGURATION CHANGE CONTROL | AUTOMATED SECURITY RESPONSE',5,'CM','CONFIGURATION MANAGEMENT'),(240,3,'The organization ensures that cryptographic mechanisms used to provide [Assignment: organization-defined security safeguards] are under configuration management.\n		','CM-3(6)','CONFIGURATION CHANGE CONTROL | CRYPTOGRAPHY MANAGEMENT',6,'CM','CONFIGURATION MANAGEMENT'),(241,4,'The organization analyzes changes to the information system to determine potential security impacts prior to change implementation.\n		','CM-4','SECURITY IMPACT ANALYSIS',0,'CM','CONFIGURATION MANAGEMENT'),(242,4,'The organization analyzes changes to the information system in a separate test environment before implementation in an operational environment, looking for security impacts due to flaws, weaknesses, incompatibility, or intentional malice.\n		','CM-4(1)','SECURITY IMPACT ANALYSIS | SEPARATE TEST ENVIRONMENTS',1,'CM','CONFIGURATION MANAGEMENT'),(243,4,'The organization, after the information system is changed, checks the security functions to verify that the functions are implemented correctly, operating as intended, and producing the desired outcome with regard to meeting the security requirements for the system.\n		','CM-4(2)','SECURITY IMPACT ANALYSIS | VERIFICATION OF SECURITY FUNCTIONS',2,'CM','CONFIGURATION MANAGEMENT'),(244,5,'The organization defines, documents, approves, and enforces physical and logical access restrictions associated with changes to the information system.\n		','CM-5','ACCESS RESTRICTIONS FOR CHANGE',0,'CM','CONFIGURATION MANAGEMENT'),(245,5,'The information system enforces access restrictions and supports auditing of the enforcement actions.\n		','CM-5(1)','ACCESS RESTRICTIONS FOR CHANGE | AUTOMATED ACCESS ENFORCEMENT / AUDITING',1,'CM','CONFIGURATION MANAGEMENT'),(246,5,'The organization reviews information system changes [Assignment: organization-defined frequency] and [Assignment: organization-defined circumstances] to determine whether unauthorized changes have occurred.\n		','CM-5(2)','ACCESS RESTRICTIONS FOR CHANGE | REVIEW SYSTEM CHANGES',2,'CM','CONFIGURATION MANAGEMENT'),(247,5,'The information system prevents the installation of [Assignment: organization-defined software and firmware components] without verification that the component has been digitally signed using a certificate that is recognized and approved by the organization.\n		','CM-5(3)','ACCESS RESTRICTIONS FOR CHANGE | SIGNED COMPONENTS',3,'CM','CONFIGURATION MANAGEMENT'),(248,5,'The organization enforces dual authorization for implementing changes to [Assignment: organization-defined information system components and system-level information].\n		','CM-5(4)','ACCESS RESTRICTIONS FOR CHANGE | DUAL AUTHORIZATION',4,'CM','CONFIGURATION MANAGEMENT'),(249,5,'The organization: (a) Limits privileges to change information system components and system-related information within a production or operational environment; and (b) Reviews and reevaluates privileges [Assignment: organization-defined frequency].\n		','CM-5(5)','ACCESS RESTRICTIONS FOR CHANGE | LIMIT PRODUCTION / OPERATIONAL PRIVILEGES',5,'CM','CONFIGURATION MANAGEMENT'),(250,5,'The organization limits privileges to change software resident within software libraries.\n		','CM-5(6)','ACCESS RESTRICTIONS FOR CHANGE | LIMIT LIBRARY PRIVILEGES',6,'CM','CONFIGURATION MANAGEMENT'),(251,5,'Withdrawn: Incorporated into SI-7.\n		','CM-5(7)','ACCESS RESTRICTIONS FOR CHANGE | AUTOMATIC IMPLEMENTATION OF SECURITY SAFEGUARDS',7,'CM','CONFIGURATION MANAGEMENT'),(252,6,'The organization: a. Establishes and documents configuration settings for information technology products employed within the information system using [Assignment: organization-defined security configuration checklists] that reflect the most restrictive mode consistent with operational requirements; b. Implements the configuration settings; c. Identifies, documents, and approves any deviations from established configuration settings for [Assignment: organization-defined information system components] based on [Assignment: organization-defined operational requirements]; and d. Monitors and controls changes to the configuration settings in accordance with organizational policies and procedures.\n		','CM-6','CONFIGURATION SETTINGS',0,'CM','CONFIGURATION MANAGEMENT'),(253,6,'The organization employs automated mechanisms to centrally manage, apply, and verify configuration settings for [Assignment: organization-defined information system components].\n		','CM-6(1)','CONFIGURATION SETTINGS | AUTOMATED CENTRAL MANAGEMENT / APPLICATION / VERIFICATION',1,'CM','CONFIGURATION MANAGEMENT'),(254,6,'The organization employs [Assignment: organization-defined security safeguards] to respond to unauthorized changes to [Assignment: organization-defined configuration settings].\n		','CM-6(2)','CONFIGURATION SETTINGS | RESPOND TO UNAUTHORIZED CHANGES',2,'CM','CONFIGURATION MANAGEMENT'),(255,6,'Withdrawn: Incorporated into SI-7.\n		','CM-6(3)','CONFIGURATION SETTINGS | UNAUTHORIZED CHANGE DETECTION',3,'CM','CONFIGURATION MANAGEMENT'),(256,6,'Withdrawn: Incorporated into CM-4.\n		','CM-6(4)','CONFIGURATION SETTINGS | CONFORMANCE DEMONSTRATION',4,'CM','CONFIGURATION MANAGEMENT'),(257,7,'The organization: a. Configures the information system to provide only essential capabilities; and b. Prohibits or restricts the use of the following functions, ports, protocols, and/or services: [Assignment: organization-defined prohibited or restricted functions, ports, protocols, and/or services].\n		','CM-7','LEAST FUNCTIONALITY',0,'CM','CONFIGURATION MANAGEMENT'),(258,7,'The organization: (a) Reviews the information system [Assignment: organization-defined frequency] to identify unnecessary and/or nonsecure functions, ports, protocols, and services; and (b) Disables [Assignment: organization-defined functions, ports, protocols, and services within the information system deemed to be unnecessary and/or nonsecure].\n		','CM-7(1)','LEAST FUNCTIONALITY | PERIODIC REVIEW',1,'CM','CONFIGURATION MANAGEMENT'),(259,7,'The information system prevents program execution in accordance with [Selection (one or more): [Assignment: organization-defined policies regarding software program usage and restrictions]; rules authorizing the terms and conditions of software program usage].\n		','CM-7(2)','LEAST FUNCTIONALITY | PREVENT PROGRAM EXECUTION',2,'CM','CONFIGURATION MANAGEMENT'),(260,7,'The organization ensures compliance with [Assignment: organization-defined registration requirements for functions, ports, protocols, and services].\n		','CM-7(3)','LEAST FUNCTIONALITY | REGISTRATION COMPLIANCE',3,'CM','CONFIGURATION MANAGEMENT'),(261,7,'The organization: (a) Identifies [Assignment: organization-defined software programs not authorized to execute on the information system]; (b) Employs an allow-all, deny-by-exception policy to prohibit the execution of unauthorized software programs on the information system; and (c) Reviews and updates the list of unauthorized software programs [Assignment: organization-defined frequency].\n		','CM-7(4)','LEAST FUNCTIONALITY | UNAUTHORIZED SOFTWARE / BLACKLISTING',4,'CM','CONFIGURATION MANAGEMENT'),(262,7,'The organization: (a) Identifies [Assignment: organization-defined software programs authorized to execute on the information system]; (b) Employs a deny-all, permit-by-exception policy to allow the execution of authorized software programs on the information system; and (c) Reviews and updates the list of authorized software programs [Assignment: organization-defined frequency].\n		','CM-7(5)','LEAST FUNCTIONALITY | AUTHORIZED SOFTWARE / WHITELISTING',5,'CM','CONFIGURATION MANAGEMENT'),(263,8,'The organization:\n			a. Develops and documents an inventory of information system components that:\n				1. Accurately reflects the current information system;\n				2. Includes all components within the authorization boundary of the information system;\n				3. Is at the level of granularity deemed necessary for tracking and reporting; and\n				4. Includes [Assignment: organization-defined information deemed necessary to achieve effective information system component accountability]; and\n			b. Reviews and updates the information system component inventory [Assignment: organization-defined frequency].\n		','CM-8','INFORMATION SYSTEM COMPONENT INVENTORY',0,'CM','CONFIGURATION MANAGEMENT'),(264,8,'The organization updates the inventory of information system components as an integral part of component installations, removals, and information system updates.\n		','CM-8(1)','INFORMATION SYSTEM COMPONENT INVENTORY | UPDATES DURING INSTALLATIONS / REMOVALS',1,'CM','CONFIGURATION MANAGEMENT'),(265,8,'The organization employs automated mechanisms to help maintain an up-to-date, complete, accurate, and readily available inventory of information system components.\n		','CM-8(2)','INFORMATION SYSTEM COMPONENT INVENTORY | AUTOMATED MAINTENANCE',2,'CM','CONFIGURATION MANAGEMENT'),(266,8,'The organization:(a) Employs automated mechanisms [Assignment: organization-defined frequency] to detect the presence of unauthorized hardware, software, and firmware components within the information system; and (b) Takes the following actions when unauthorized components are detected: [Selection (one or more): disables network access by such components; isolates the components; notifies [Assignment: organization-defined personnel or roles]].\n		','CM-8(3)','INFORMATION SYSTEM COMPONENT INVENTORY | AUTOMATED UNAUTHORIZED COMPONENT DETECTION',3,'CM','CONFIGURATION MANAGEMENT'),(267,8,'The organization includes in the information system component inventory information, a means for identifying by [Selection (one or more): name; position; role], individuals responsible/accountable for administering those components.\n		','CM-8(4)','INFORMATION SYSTEM COMPONENT INVENTORY | ACCOUNTABILITY INFORMATION',4,'CM','CONFIGURATION MANAGEMENT'),(268,8,'The organization verifies that all components within the authorization boundary of the information system are not duplicated in other information system component inventories.\n		','CM-8(5)','INFORMATION SYSTEM COMPONENT INVENTORY | NO DUPLICATE ACCOUNTING OF COMPONENTS',5,'CM','CONFIGURATION MANAGEMENT'),(269,8,'The organization includes assessed component configurations and any approved deviations to current deployed configurations in the information system component inventory.\n		','CM-8(6)','INFORMATION SYSTEM COMPONENT INVENTORY | ASSESSED CONFIGURATIONS / APPROVED DEVIATIONS',6,'CM','CONFIGURATION MANAGEMENT'),(270,8,'The organization provides a centralized repository for the inventory of information system components.\n		','CM-8(7)','INFORMATION SYSTEM COMPONENT INVENTORY | CENTRALIZED REPOSITORY',7,'CM','CONFIGURATION MANAGEMENT'),(271,8,'The organization employs automated mechanisms to support tracking of information system components by geographic location.\n		','CM-8(8)','INFORMATION SYSTEM COMPONENT INVENTORY | AUTOMATED LOCATION TRACKING',8,'CM','CONFIGURATION MANAGEMENT'),(272,8,'The organization: (a) Assigns [Assignment: organization-defined acquired information system components] to an information system; and (b) Receives an acknowledgement from the information system owner of this assignment.\n		','CM-8(9)','INFORMATION SYSTEM COMPONENT INVENTORY | ASSIGNMENT OF COMPONENTS TO SYSTEMS',9,'CM','CONFIGURATION MANAGEMENT'),(273,9,'The organization develops, documents, and implements a configuration management plan for the information system that:\n			a. Addresses roles, responsibilities, and configuration management processes and procedures;\n			b. Establishes a process for identifying configuration items throughout the system development life cycle and for managing the configuration of the configuration items;\n			c. Defines the configuration items for the information system and places the configuration items under configuration management; and\n			d. Protects the configuration management plan from unauthorized disclosure and modification.\n		','CM-9','CONFIGURATION MANAGEMENT PLAN',0,'CM','CONFIGURATION MANAGEMENT'),(274,9,'The organization assigns responsibility for developing the configuration management process to organizational personnel that are not directly involved in information system development.\n		','CM-9(1)','CONFIGURATION MANAGEMENT PLAN | ASSIGNMENT OF RESPONSIBILITY',1,'CM','CONFIGURATION MANAGEMENT'),(275,10,'The organization: a. Uses software and associated documentation in accordance with contract agreements and copyright laws; b. Tracks the use of software and associated documentation protected by quantity licenses to control copying and distribution; and c. Controls and documents the use of peer-to-peer file sharing technology to ensure that this capability is not used for the unauthorized distribution, display, performance, or reproduction of copyrighted work.\n		','CM-10','SOFTWARE USAGE RESTRICTIONS',0,'CM','CONFIGURATION MANAGEMENT'),(276,10,'The organization establishes the following restrictions on the use of open source software: [Assignment: organization-defined restrictions].\n		','CM-10(1)','SOFTWARE USAGE RESTRICTIONS | OPEN SOURCE SOFTWARE',1,'CM','CONFIGURATION MANAGEMENT'),(277,11,'The organization:a. Establishes [Assignment: organization-defined policies] governing the installation of software by users; b. Enforces software installation policies through [Assignment: organization-defined methods]; andc. Monitors policy compliance at [Assignment: organization-defined frequency].\n		','CM-11','USER-INSTALLED SOFTWARE',0,'CM','CONFIGURATION MANAGEMENT'),(278,11,'The information system alerts [Assignment: organization-defined personnel or roles] when the unauthorized installation of software is detected.\n		','CM-11(1)','USER-INSTALLED SOFTWARE | ALERTS FOR UNAUTHORIZED INSTALLATIONS',1,'CM','CONFIGURATION MANAGEMENT'),(279,11,'The information system prohibits user installation of software without explicit privileged status.\n		','CM-11(2)','USER-INSTALLED SOFTWARE | PROHIBIT INSTALLATION WITHOUT PRIVILEGED STATUS',2,'CM','CONFIGURATION MANAGEMENT'),(280,1,'The organization:\n			a. Develops, documents, and disseminates to [Assignment: organization-defined personnel or roles]:\n				1. A contingency planning policy that addresses purpose, scope, roles, responsibilities, management commitment, coordination among organizational entities, and compliance; and\n				2. Procedures to facilitate the implementation of the contingency planning policy and associated contingency planning controls; and\n			b. Reviews and updates the current:\n				1. Contingency planning policy [Assignment: organization-defined frequency]; and\n				2. Contingency planning procedures [Assignment: organization-defined frequency].\n		','CP-1','CONTINGENCY PLANNING POLICY AND PROCEDURES',0,'CP','CONTIGENCY PLANNING'),(281,2,'The organization:\n			a. Develops a contingency plan for the information system that:\n				1. Identifies essential missions and business functions and associated contingency requirements;\n				2. Provides recovery objectives, restoration priorities, and metrics;\n				3. Addresses contingency roles, responsibilities, assigned individuals with contact information;\n				4. Addresses maintaining essential missions and business functions despite an information system disruption, compromise, or failure;\n				5. Addresses eventual, full information system restoration without deterioration of the security safeguards originally planned and implemented; and\n				6. Is reviewed and approved by [Assignment: organization-defined personnel or roles];\n			b. Distributes copies of the contingency plan to [Assignment: organization-defined key contingency personnel (identified by name and/or by role) and organizational elements];\n			c. Coordinates contingency planning activities with incident handling activities;\n			d. Reviews the contingency plan for the information system [Assignment: organization-defined frequency];\n			e. Updates the contingency plan to address changes to the organization, information system, or environment of operation and problems encountered during contingency plan implementation, execution, or testing;\n			f. Communicates contingency plan changes to [Assignment: organization-defined key contingency personnel (identified by name and/or by role) and organizational elements]; and\n			g. Protects the contingency plan from unauthorized disclosure and modification.\n		','CP-2','CONTINGENCY PLAN',0,'CP','CONTIGENCY PLANNING'),(282,2,'The organization coordinates contingency plan development with organizational elements responsible for related plans.\n		','CP-2(1)','CONTINGENCY PLAN | COORDINATE WITH RELATED PLANS',1,'CP','CONTIGENCY PLANNING'),(283,2,'The organization conducts capacity planning so that necessary capacity for information processing, telecommunications, and environmental support exists during contingency operations.\n		','CP-2(2)','CONTINGENCY PLAN | CAPACITY PLANNING',2,'CP','CONTIGENCY PLANNING'),(284,2,'The organization plans for the resumption of essential missions and business functions within [Assignment: organization-defined time period] of contingency plan activation.\n		','CP-2(3)','CONTINGENCY PLAN | RESUME ESSENTIAL MISSIONS / BUSINESS FUNCTIONS',3,'CP','CONTIGENCY PLANNING'),(285,2,'The organization plans for the resumption of all missions and business functions within [Assignment: organization-defined time period] of contingency plan activation.\n		','CP-2(4)','CONTINGENCY PLAN | RESUME ALL MISSIONS / BUSINESS FUNCTIONS',4,'CP','CONTIGENCY PLANNING'),(286,2,'The organization plans for the continuance of essential missions and business functions with little or no loss of operational continuity and sustains that continuity until full information system restoration at primary processing and/or storage sites.\n		','CP-2(5)','CONTINGENCY PLAN | CONTINUE ESSENTIAL MISSIONS / BUSINESS FUNCTIONS',5,'CP','CONTIGENCY PLANNING'),(287,2,'The organization plans for the transfer of essential missions and business functions to alternate processing and/or storage sites with little or no loss of operational continuity and sustains that continuity through information system restoration to primary processing and/or storage sites.\n		','CP-2(6)','CONTINGENCY PLAN | ALTERNATE PROCESSING / STORAGE SITE',6,'CP','CONTIGENCY PLANNING'),(288,2,'The organization coordinates its contingency plan with the contingency plans of external service providers to ensure that contingency requirements can be satisfied.\n		','CP-2(7)','CONTINGENCY PLAN | COORDINATE WITH EXTERNAL SERVICE PROVIDERS',7,'CP','CONTIGENCY PLANNING'),(289,2,'The organization identifies critical information system assets supporting essential missions and business functions.\n		','CP-2(8)','CONTINGENCY PLAN | IDENTIFY CRITICAL ASSETS',8,'CP','CONTIGENCY PLANNING'),(290,3,'The organization provides contingency training to information system users consistent with assigned roles and responsibilities: a. Within [Assignment: organization-defined time period] of assuming a contingency role or responsibility; b. When required by information system changes; and c. [Assignment: organization-defined frequency] thereafter.\n		','CP-3','CONTINGENCY TRAINING',0,'CP','CONTIGENCY PLANNING'),(291,3,'The organization incorporates simulated events into contingency training to facilitate effective response by personnel in crisis situations.\n		','CP-3(1)','CONTINGENCY TRAINING | SIMULATED EVENTS',1,'CP','CONTIGENCY PLANNING'),(292,3,'The organization employs automated mechanisms to provide a more thorough and realistic contingency training environment.\n		','CP-3(2)','CONTINGENCY TRAINING | AUTOMATED TRAINING ENVIRONMENTS',2,'CP','CONTIGENCY PLANNING'),(293,4,'The organization: a. Tests the contingency plan for the information system [Assignment: organization-defined frequency] using [Assignment: organization-defined tests] to determine the effectiveness of the plan and the organizational readiness to execute the plan; b. Reviews the contingency plan test results; and c. Initiates corrective actions, if needed.\n		','CP-4','CONTINGENCY PLAN TESTING',0,'CP','CONTIGENCY PLANNING'),(294,4,'The organization coordinates contingency plan testing with organizational elements responsible for related plans.\n		','CP-4(1)','CONTINGENCY PLAN TESTING | COORDINATE WITH RELATED PLANS',1,'CP','CONTIGENCY PLANNING'),(295,4,'The organization tests the contingency plan at the alternate processing site: (a) To familiarize contingency personnel with the facility and available resources; and (b) To evaluate the capabilities of the alternate processing site to support contingency operations.\n		','CP-4(2)','CONTINGENCY PLAN TESTING | ALTERNATE PROCESSING SITE',2,'CP','CONTIGENCY PLANNING'),(296,4,'The organization employs automated mechanisms to more thoroughly and effectively test the contingency plan.\n		','CP-4(3)','CONTINGENCY PLAN TESTING | AUTOMATED TESTING',3,'CP','CONTIGENCY PLANNING'),(297,4,'The organization includes a full recovery and reconstitution of the information system to a known state as part of contingency plan testing.\n		','CP-4(4)','CONTINGENCY PLAN TESTING | FULL RECOVERY / RECONSTITUTION',4,'CP','CONTIGENCY PLANNING'),(298,5,'Withdrawn: Incorporated into CP-2.\n		','CP-5','',0,'CP','CONTIGENCY PLANNING'),(299,6,'The organization: a. Establishes an alternate storage site including necessary agreements to permit the storage and retrieval of information system backup information; and b. Ensures that the alternate storage site provides information security safeguards equivalent to that of the primary site.\n		','CP-6','ALTERNATE STORAGE SITE',0,'CP','CONTIGENCY PLANNING'),(300,6,'The organization identifies an alternate storage site that is separated from the primary storage site to reduce susceptibility to the same threats.\n		','CP-6(1)','ALTERNATE STORAGE SITE | SEPARATION FROM PRIMARY SITE',1,'CP','CONTIGENCY PLANNING'),(301,6,'The organization configures the alternate storage site to facilitate recovery operations in accordance with recovery time and recovery point objectives.\n		','CP-6(2)','ALTERNATE STORAGE SITE | RECOVERY TIME / POINT OBJECTIVES',2,'CP','CONTIGENCY PLANNING'),(302,6,'The organization identifies potential accessibility problems to the alternate storage site in the event of an area-wide disruption or disaster and outlines explicit mitigation actions.\n		','CP-6(3)','ALTERNATE STORAGE SITE | ACCESSIBILITY',3,'CP','CONTIGENCY PLANNING'),(303,7,'The organization: a. Establishes an alternate processing site including necessary agreements to permit the transfer and resumption of [Assignment: organization-defined information system operations] for essential missions/business functions within [Assignment: organization-defined time periodconsistent with recovery time and recovery point objectives] when the primary processing capabilities are unavailable; b. Ensures that equipment and supplies required to transfer and resume operations are available at the alternate processing site or contracts are in place to support delivery to the site within the organization-defined time period for transfer/resumption; and c. Ensures that the alternate processing site provides information security safeguards equivalent to those of the primary site.\n		','CP-7','ALTERNATE PROCESSING SITE',0,'CP','CONTIGENCY PLANNING'),(304,7,'The organization identifies an alternate processing site that is separated from the primary processing site to reduce susceptibility to the same threats.\n		','CP-7(1)','ALTERNATE PROCESSING SITE | SEPARATION FROM PRIMARY SITE',1,'CP','CONTIGENCY PLANNING'),(305,7,'The organization identifies potential accessibility problems to the alternate processing site in the event of an area-wide disruption or disaster and outlines explicit mitigation actions.\n		','CP-7(2)','ALTERNATE PROCESSING SITE | ACCESSIBILITY',2,'CP','CONTIGENCY PLANNING'),(306,7,'The organization develops alternate processing site agreements that contain priority-of-service provisions in accordance with organizational availability requirements (including recovery time objectives).\n		','CP-7(3)','ALTERNATE PROCESSING SITE | PRIORITY OF SERVICE',3,'CP','CONTIGENCY PLANNING'),(307,7,'The organization prepares the alternate processing site so that the site is ready to be used as the operational site supporting essential missions and business functions.\n		','CP-7(4)','ALTERNATE PROCESSING SITE | PREPARATION FOR USE',4,'CP','CONTIGENCY PLANNING'),(308,7,'Withdrawn: Incorporated into CP-7.\n		','CP-7(5)','ALTERNATE PROCESSING SITE | EQUIVALENT INFORMATION SECURITY SAFEGUARDS',5,'CP','CONTIGENCY PLANNING'),(309,7,'The organization plans and prepares for circumstances that preclude returning to the primary processing site.\n		','CP-7(6)','ALTERNATE PROCESSING SITE | INABILITY TO RETURN TO PRIMARY SITE',6,'CP','CONTIGENCY PLANNING'),(310,8,'The organization establishes alternate telecommunications services including necessary agreements to permit the resumption of [Assignment: organization-defined information system operations] for essential missions and business functions within [Assignment: organization-defined time period] when the primary telecommunications capabilities are unavailable at either the primary or alternate processing or storage sites.\n		','CP-8','TELECOMMUNICATIONS SERVICES',0,'CP','CONTIGENCY PLANNING'),(311,8,'The organization:(a) Develops primary and alternate telecommunications service agreements that contain priority-of-service provisions in accordance with organizational availability requirements (including recovery time objectives); and (b) Requests Telecommunications Service Priority for all telecommunications services used for national security emergency preparedness in the event that the primary and/or alternate telecommunications services are provided by a common carrier.\n		','CP-8(1)','TELECOMMUNICATIONS SERVICES | PRIORITY OF SERVICE PROVISIONS',1,'CP','CONTIGENCY PLANNING'),(312,8,'The organization obtains alternate telecommunications services to reduce the likelihood of sharing a single point of failure with primary telecommunications services.\n		','CP-8(2)','TELECOMMUNICATIONS SERVICES | SINGLE POINTS OF FAILURE',2,'CP','CONTIGENCY PLANNING'),(313,8,'The organization obtains alternate telecommunications services from providers that are separated from primary service providers to reduce susceptibility to the same threats.\n		','CP-8(3)','TELECOMMUNICATIONS SERVICES | SEPARATION OF PRIMARY / ALTERNATE PROVIDERS',3,'CP','CONTIGENCY PLANNING'),(314,8,'The organization: (a) Requires primary and alternate telecommunications service providers to have contingency plans; (b) Reviews provider contingency plans to ensure that the plans meet organizational contingency requirements; and (c) Obtains evidence of contingency testing/training by providers [Assignment: organization-defined frequency].\n		','CP-8(4)','TELECOMMUNICATIONS SERVICES | PROVIDER CONTINGENCY PLAN',4,'CP','CONTIGENCY PLANNING'),(315,8,'The organization tests alternate telecommunication services [Assignment: organization-defined frequency].\n		','CP-8(5)','TELECOMMUNICATIONS SERVICES | ALTERNATE TELECOMMUNICATION SERVICE TESTING',5,'CP','CONTIGENCY PLANNING'),(316,9,'The organization: a. Conducts backups of user-level information contained in the information system [Assignment: organization-defined frequency consistent with recovery time and recovery point objectives]; b. Conducts backups of system-level information contained in the information system [Assignment: organization-defined frequency consistent with recovery time and recovery point objectives]; c. Conducts backups of information system documentation including security-related documentation [Assignment: organization-defined frequency consistent with recovery time and recovery point objectives]; and d. Protects the confidentiality, integrity, and availability of backup information at storage locations.\n		','CP-9','INFORMATION SYSTEM BACKUP',0,'CP','CONTIGENCY PLANNING'),(317,9,'The organization tests backup information [Assignment: organization-defined frequency] to verify media reliability and information integrity.\n		','CP-9(1)','INFORMATION SYSTEM BACKUP | TESTING FOR RELIABILITY / INTEGRITY',1,'CP','CONTIGENCY PLANNING'),(318,9,'The organization uses a sample of backup information in the restoration of selected information system functions as part of contingency plan testing.\n		','CP-9(2)','INFORMATION SYSTEM BACKUP | TEST RESTORATION USING SAMPLING',2,'CP','CONTIGENCY PLANNING'),(319,9,'The organization stores backup copies of [Assignment: organization-defined critical information system software and other security-related information] in a separate facility or in a fire-rated container that is not collocated with the operational system.\n		','CP-9(3)','INFORMATION SYSTEM BACKUP | SEPARATE STORAGE FOR CRITICAL INFORMATION',3,'CP','CONTIGENCY PLANNING'),(320,9,'Withdrawn: Incorporated into CP-9.\n		','CP-9(4)','INFORMATION SYSTEM BACKUP | PROTECTION FROM UNAUTHORIZED MODIFICATION',4,'CP','CONTIGENCY PLANNING'),(321,9,'The organization transfers information system backup information to the alternate storage site [Assignment: organization-defined time period and transfer rate consistent with the recovery time and recovery point objectives].\n		','CP-9(5)','INFORMATION SYSTEM BACKUP | TRANSFER TO ALTERNATE STORAGE SITE',5,'CP','CONTIGENCY PLANNING'),(322,9,'The organization accomplishes information system backup by maintaining a redundant secondary system that is not collocated with the primary system and that can be activated without loss of information or disruption to operations.\n		','CP-9(6)','INFORMATION SYSTEM BACKUP | REDUNDANT SECONDARY SYSTEM',6,'CP','CONTIGENCY PLANNING'),(323,9,'The organization enforces dual authorization for the deletion or destruction of [Assignment: organization-defined backup information].\n		','CP-9(7)','INFORMATION SYSTEM BACKUP | DUAL AUTHORIZATION',7,'CP','CONTIGENCY PLANNING'),(324,10,'The organization provides for the recovery and reconstitution of the information system to a known state after a disruption, compromise, or failure.\n		','CP-10','INFORMATION SYSTEM RECOVERY AND RECONSTITUTION',0,'CP','CONTIGENCY PLANNING'),(325,10,'Withdrawn: Incorporated into CP-4.\n		','CP-10(1)','INFORMATION SYSTEM RECOVERY AND RECONSTITUTION | CONTINGENCY PLAN TESTING',1,'CP','CONTIGENCY PLANNING'),(326,10,'The information system implements transaction recovery for systems that are transaction-based.\n		','CP-10(2)','INFORMATION SYSTEM RECOVERY AND RECONSTITUTION | TRANSACTION RECOVERY',2,'CP','CONTIGENCY PLANNING'),(327,10,'Withdrawn: Addressed through tailoring procedures.\n		','CP-10(3)','INFORMATION SYSTEM RECOVERY AND RECONSTITUTION | COMPENSATING SECURITY CONTROLS',3,'CP','CONTIGENCY PLANNING'),(328,10,'The organization provides the capability to restore information system components within [Assignment: organization-defined restoration time-periods] from configuration-controlled and integrity-protected information representing a known, operational state for the components.\n		','CP-10(4)','INFORMATION SYSTEM RECOVERY AND RECONSTITUTION | RESTORE WITHIN TIME PERIOD',4,'CP','CONTIGENCY PLANNING'),(329,10,'Withdrawn: Incorporated into SI-13.\n		','CP-10(5)','INFORMATION SYSTEM RECOVERY AND RECONSTITUTION | FAILOVER CAPABILITY',5,'CP','CONTIGENCY PLANNING'),(330,10,'The organization protects backup and restoration hardware, firmware, and software.\n		','CP-10(6)','INFORMATION SYSTEM RECOVERY AND RECONSTITUTION | COMPONENT PROTECTION',6,'CP','CONTIGENCY PLANNING'),(331,11,'The information system provides the capability to employ [Assignment: organization-defined alternative communications protocols] in support of maintaining continuity of operations.\n		','CP-11','ALTERNATE COMMUNICATIONS PROTOCOLS',0,'CP','CONTIGENCY PLANNING'),(332,12,'The information system, when [Assignment: organization-defined conditions] are detected, enters a safe mode of operation with [Assignment: organization-defined restrictions of safe mode of operation].\n		','CP-12','SAFE MODE',0,'CP','CONTIGENCY PLANNING'),(333,13,'The organization employs [Assignment: organization-defined alternative or supplemental security mechanisms] for satisfying [Assignment: organization-defined security functions] when the primary means of implementing the security function is unavailable or compromised.\n		','CP-13','ALTERNATIVE SECURITY MECHANISMS',0,'CP','CONTIGENCY PLANNING'),(334,1,'The organization:\n			a. Develops, documents, and disseminates to [Assignment: organization-defined personnel or roles]:\n				1. An identification and authentication policy that addresses purpose, scope, roles, responsibilities, management commitment, coordination among organizational entities, and compliance; and\n				2. Procedures to facilitate the implementation of the identification and authentication policy and associated identification and authentication controls; and\n			b. Reviews and updates the current:\n				1. Identification and authentication policy [Assignment: organization-defined frequency]; and\n				2. Identification and authentication procedures [Assignment: organization-defined frequency].\n		','IA-1','IDENTIFICATION AND AUTHENTICATION POLICY AND PROCEDURES',0,'IA','IDENTIFICATION AND AUTHENTICATION'),(335,2,'The information system uniquely identifies and authenticates organizational users (or processes acting on behalf of organizational users).\n		','IA-2','IDENTIFICATION AND AUTHENTICATION (ORGANIZATIONAL USERS)',0,'IA','IDENTIFICATION AND AUTHENTICATION'),(336,2,'The information system implements multifactor authentication for network access to privileged accounts.\n		','IA-2(1)','IDENTIFICATION AND AUTHENTICATION | NETWORK ACCESS TO PRIVILEGED ACCOUNTS',1,'IA','IDENTIFICATION AND AUTHENTICATION'),(337,2,'The information system implements multifactor authentication for network access to non-privileged accounts.\n		','IA-2(2)','IDENTIFICATION AND AUTHENTICATION | NETWORK ACCESS TO NON-PRIVILEGED ACCOUNTS',2,'IA','IDENTIFICATION AND AUTHENTICATION'),(338,2,'The information system implements multifactor authentication for local access to privileged accounts.\n		','IA-2(3)','IDENTIFICATION AND AUTHENTICATION | LOCAL ACCESS TO PRIVILEGED ACCOUNTS',3,'IA','IDENTIFICATION AND AUTHENTICATION'),(339,2,'The information system implements multifactor authentication for local access to non-privileged accounts.\n		','IA-2(4)','IDENTIFICATION AND AUTHENTICATION | LOCAL ACCESS TO NON-PRIVILEGED ACCOUNTS',4,'IA','IDENTIFICATION AND AUTHENTICATION'),(340,2,'The organization requires individuals to be authenticated with an individual authenticator when a group authenticator is employed.\n		','IA-2(5)','IDENTIFICATION AND AUTHENTICATION | GROUP AUTHENTICATION',5,'IA','IDENTIFICATION AND AUTHENTICATION'),(341,2,'The information system implements multifactor authentication for network access to privileged accounts such that one of the factors is provided by a device separate from the system gaining access and the device meets [Assignment: organization-defined strength of mechanism requirements].\n		','IA-2(6)','IDENTIFICATION AND AUTHENTICATION | NETWORK ACCESS TO PRIVILEGED ACCOUNTS - SEPARATE DEVICE',6,'IA','IDENTIFICATION AND AUTHENTICATION'),(342,2,'The information system implements multifactor authentication for network access to non-privileged accounts such that one of the factors is provided by a device separate from the system gaining access and the device meets [Assignment: organization-defined strength of mechanism requirements].\n		','IA-2(7)','IDENTIFICATION AND AUTHENTICATION | NETWORK ACCESS TO NON-PRIVILEGED ACCOUNTS - SEPARATE DEVICE',7,'IA','IDENTIFICATION AND AUTHENTICATION'),(343,2,'The information system implements replay-resistant authentication mechanisms for network access to privileged accounts.\n		','IA-2(8)','IDENTIFICATION AND AUTHENTICATION | NETWORK ACCESS TO PRIVILEGED ACCOUNTS - REPLAY RESISTANT',8,'IA','IDENTIFICATION AND AUTHENTICATION'),(344,2,'The information system implements replay-resistant authentication mechanisms for network access to non-privileged accounts.\n		','IA-2(9)','IDENTIFICATION AND AUTHENTICATION | NETWORK ACCESS TO NON-PRIVILEGED ACCOUNTS - REPLAY RESISTANT',9,'IA','IDENTIFICATION AND AUTHENTICATION'),(345,2,'The information system provides a single sign-on capability for [Assignment: organization-defined information system accounts and services].\n		','IA-2(10)','IDENTIFICATION AND AUTHENTICATION | SINGLE SIGN-ON',10,'IA','IDENTIFICATION AND AUTHENTICATION'),(346,2,'The information system implements multifactor authentication for remote access to privileged and non-privileged accounts such that one of the factors is provided by a device separate from the system gaining access and the device meets [Assignment: organization-defined strength of mechanism requirements].\n		','IA-2(11)','IDENTIFICATION AND AUTHENTICATION | REMOTE ACCESS - SEPARATE DEVICE',11,'IA','IDENTIFICATION AND AUTHENTICATION'),(347,2,'The information system accepts and electronically verifies Personal Identity Verification (PIV) credentials.\n		','IA-2(12)','IDENTIFICATION AND AUTHENTICATION | ACCEPTANCE OF PIV CREDENTIALS',12,'IA','IDENTIFICATION AND AUTHENTICATION'),(348,2,'The information system implements [Assignment: organization-defined out-of-band authentication] under [Assignment: organization-defined conditions].\n		','IA-2(13)','IDENTIFICATION AND AUTHENTICATION | OUT-OF-BAND AUTHENTICATION',13,'IA','IDENTIFICATION AND AUTHENTICATION'),(349,3,'The information system uniquely identifies and authenticates [Assignment: organization-defined specific and/or types of devices] before establishing a [Selection (one or more): local; remote; network] connection.\n		','IA-3','DEVICE IDENTIFICATION AND AUTHENTICATION',0,'IA','IDENTIFICATION AND AUTHENTICATION'),(350,3,'The information system authenticates [Assignment: organization-defined specific devices and/or types of devices] before establishing [Selection (one or more): local; remote; network] connection using bidirectional authentication that is cryptographically based.\n		','IA-3(1)','DEVICE IDENTIFICATION AND AUTHENTICATION | CRYPTOGRAPHIC BIDIRECTIONAL AUTHENTICATION',1,'IA','IDENTIFICATION AND AUTHENTICATION'),(351,3,'Withdrawn: Incorporated into IA-3 (1).\n		','IA-3(2)','DEVICE IDENTIFICATION AND AUTHENTICATION | CRYPTOGRAPHIC BIDIRECTIONAL NETWORK AUTHENTICATION',2,'IA','IDENTIFICATION AND AUTHENTICATION'),(352,3,'The organization:(a) Standardizes dynamic address allocation lease information and the lease duration assigned to devices in accordance with [Assignment: organization-defined lease information and lease duration]; and (b) Audits lease information when assigned to a device.\n		','IA-3(3)','DEVICE IDENTIFICATION AND AUTHENTICATION | DYNAMIC ADDRESS ALLOCATION',3,'IA','IDENTIFICATION AND AUTHENTICATION'),(353,3,'The organization ensures that device identification and authentication based on attestation is handled by [Assignment: organization-defined configuration management process].\n		','IA-3(4)','DEVICE IDENTIFICATION AND AUTHENTICATION | DEVICE ATTESTATION',4,'IA','IDENTIFICATION AND AUTHENTICATION'),(354,4,'The organization manages information system identifiers by:\n			a. Receiving authorization from [Assignment: organization-defined personnel or roles] to assign an individual, group, role, or device identifier;\n			b. Selecting an identifier that identifies an individual, group, role, or device;\n			c. Assigning the identifier to the intended individual, group, role, or device;\n			d. Preventing reuse of identifiers for [Assignment: organization-defined time period]; and\n			e. Disabling the identifier after [Assignment: organization-defined time period of inactivity].\n		','IA-4','IDENTIFIER MANAGEMENT',0,'IA','IDENTIFICATION AND AUTHENTICATION'),(355,4,'The organization prohibits the use of information system account identifiers that are the same as public identifiers for individual electronic mail accounts.\n		','IA-4(1)','IDENTIFIER MANAGEMENT | PROHIBIT ACCOUNT IDENTIFIERS AS PUBLIC IDENTIFIERS',1,'IA','IDENTIFICATION AND AUTHENTICATION'),(356,4,'The organization requires that the registration process to receive an individual identifier includes supervisor authorization.\n		','IA-4(2)','IDENTIFIER MANAGEMENT | SUPERVISOR AUTHORIZATION',2,'IA','IDENTIFICATION AND AUTHENTICATION'),(357,4,'The organization requires multiple forms of certification of individual identification be presented to the registration authority.\n		','IA-4(3)','IDENTIFIER MANAGEMENT | MULTIPLE FORMS OF CERTIFICATION',3,'IA','IDENTIFICATION AND AUTHENTICATION'),(358,4,'The organization manages individual identifiers by uniquely identifying each individual as [Assignment: organization-defined characteristic identifying individual status].\n		','IA-4(4)','IDENTIFIER MANAGEMENT | IDENTIFY USER STATUS',4,'IA','IDENTIFICATION AND AUTHENTICATION'),(359,4,'The information system dynamically manages identifiers.\n		','IA-4(5)','IDENTIFIER MANAGEMENT | DYNAMIC MANAGEMENT',5,'IA','IDENTIFICATION AND AUTHENTICATION'),(360,4,'The organization coordinates with [Assignment: organization-defined external organizations] for cross-organization management of identifiers.\n		','IA-4(6)','IDENTIFIER MANAGEMENT | CROSS-ORGANIZATION MANAGEMENT',6,'IA','IDENTIFICATION AND AUTHENTICATION'),(361,4,'The organization requires that the registration process to receive an individual identifier be conducted in person before a designated registration authority.\n		','IA-4(7)','IDENTIFIER MANAGEMENT | IN-PERSON REGISTRATION',7,'IA','IDENTIFICATION AND AUTHENTICATION'),(362,5,'The organization manages information system authenticators by:\n			a. Verifying, as part of the initial authenticator distribution, the identity of the individual, group, role, or device receiving the authenticator;\n			b. Establishing initial authenticator content for authenticators defined by the organization;\n			c. Ensuring that authenticators have sufficient strength of mechanism for their intended use;\n			d. Establishing and implementing administrative procedures for initial authenticator distribution, for lost/compromised or damaged authenticators, and for revoking authenticators;\n			e. Changing default content of authenticators prior to information system installation;\n			f. Establishing minimum and maximum lifetime restrictions and reuse conditions for authenticators;\n			g. Changing/refreshing authenticators [Assignment: organization-defined time period by authenticator type];\n			h. Protecting authenticator content from unauthorized disclosure and modification;\n			i. Requiring individuals to take, and having devices implement, specific security safeguards to protect authenticators; and\n			j. Changing authenticators for group/role accounts when membership to those accounts changes.\n		','IA-5','AUTHENTICATOR MANAGEMENT',0,'IA','IDENTIFICATION AND AUTHENTICATION'),(363,5,'The information system, for password-based authentication:\n			(a) Enforces minimum password complexity of [Assignment: organization-defined requirements for case sensitivity, number of characters, mix of upper-case letters, lower-case letters, numbers, and special characters, including minimum requirements for each type];\n			(b) Enforces at least the following number of changed characters when new passwords are created: [Assignment: organization-defined number];\n			(c) Stores and transmits only cryptographically-protected passwords;\n			(d) Enforces password minimum and maximum lifetime restrictions of [Assignment: organization-defined numbers for lifetime minimum, lifetime maximum];\n			(e) Prohibits password reuse for [Assignment: organization-defined number] generations; and\n			(f) Allows the use of a temporary password for system logons with an immediate change to a permanent password.\n		','IA-5(1)','AUTHENTICATOR MANAGEMENT | PASSWORD-BASED AUTHENTICATION',1,'IA','IDENTIFICATION AND AUTHENTICATION'),(364,5,'The information system, for PKI-based authentication: (a) Validates certifications by constructing and verifying a certification path to an accepted trust anchor including checking certificate status information; (b) Enforces authorized access to the corresponding private key; (c) Maps the authenticated identity to the account of the individual or group; and (d) Implements a local cache of revocation data to support path discovery and validation in case of inability to access revocation information via the network.\n		','IA-5(2)','AUTHENTICATOR MANAGEMENT | PKI-BASED AUTHENTICATION',2,'IA','IDENTIFICATION AND AUTHENTICATION'),(365,5,'The organization requires that the registration process to receive [Assignment: organization-defined types of and/or specific authenticators] be conducted [Selection: in person; by a trusted third party] before [Assignment: organization-defined registration authority] with authorization by [Assignment: organization-defined personnel or roles].\n		','IA-5(3)','AUTHENTICATOR MANAGEMENT | IN-PERSON OR TRUSTED THIRD-PARTY REGISTRATION',3,'IA','IDENTIFICATION AND AUTHENTICATION'),(366,5,'The organization employs automated tools to determine if password authenticators are sufficiently strong to satisfy [Assignment: organization-defined requirements].\n		','IA-5(4)','AUTHENTICATOR MANAGEMENT | AUTOMATED SUPPORT FOR PASSWORD STRENGTH DETERMINATION',4,'IA','IDENTIFICATION AND AUTHENTICATION'),(367,5,'The organization requires developers/installers of information system components to provide unique authenticators or change default authenticators prior to delivery/installation.\n		','IA-5(5)','AUTHENTICATOR MANAGEMENT | CHANGE AUTHENTICATORS PRIOR TO DELIVERY',5,'IA','IDENTIFICATION AND AUTHENTICATION'),(368,5,'The organization protects authenticators commensurate with the security category of the information to which use of the authenticator permits access.\n		','IA-5(6)','AUTHENTICATOR MANAGEMENT | PROTECTION OF AUTHENTICATORS',6,'IA','IDENTIFICATION AND AUTHENTICATION'),(369,5,'The organization ensures that unencrypted static authenticators are not embedded in applications or access scripts or stored on function keys.\n		','IA-5(7)','AUTHENTICATOR MANAGEMENT | NO EMBEDDED UNENCRYPTED STATIC AUTHENTICATORS',7,'IA','IDENTIFICATION AND AUTHENTICATION'),(370,5,'The organization implements [Assignment: organization-defined security safeguards] to manage the risk of compromise due to individuals having accounts on multiple information systems.\n		','IA-5(8)','AUTHENTICATOR MANAGEMENT | MULTIPLE INFORMATION SYSTEM ACCOUNTS',8,'IA','IDENTIFICATION AND AUTHENTICATION'),(371,5,'The organization coordinates with [Assignment: organization-defined external organizations] for cross-organization management of credentials.\n		','IA-5(9)','AUTHENTICATOR MANAGEMENT | CROSS-ORGANIZATION CREDENTIAL MANAGEMENT',9,'IA','IDENTIFICATION AND AUTHENTICATION'),(372,5,'The information system dynamically provisions identities.\n		','IA-5(10)','AUTHENTICATOR MANAGEMENT | DYNAMIC CREDENTIAL ASSOCIATION',10,'IA','IDENTIFICATION AND AUTHENTICATION'),(373,5,'The information system, for hardware token-based authentication, employs mechanisms that satisfy [Assignment: organization-defined token quality requirements].\n		','IA-5(11)','AUTHENTICATOR MANAGEMENT | HARDWARE TOKEN-BASED AUTHENTICATION',11,'IA','IDENTIFICATION AND AUTHENTICATION'),(374,5,'The information system, for biometric-based authentication, employs mechanisms that satisfy [Assignment: organization-defined biometric quality requirements].\n		','IA-5(12)','AUTHENTICATOR MANAGEMENT | BIOMETRIC-BASED AUTHENTICATION',12,'IA','IDENTIFICATION AND AUTHENTICATION'),(375,5,'The information system prohibits the use of cached authenticators after [Assignment: organization-defined time period].\n		','IA-5(13)','AUTHENTICATOR MANAGEMENT | EXPIRATION OF CACHED AUTHENTICATORS',13,'IA','IDENTIFICATION AND AUTHENTICATION'),(376,5,'The organization, for PKI-based authentication, employs a deliberate organization-wide methodology for managing the content of PKI trust stores installed across all platforms including networks, operating systems, browsers, and applications.\n		','IA-5(14)','AUTHENTICATOR MANAGEMENT | MANAGING CONTENT OF PKI TRUST STORES',14,'IA','IDENTIFICATION AND AUTHENTICATION'),(377,5,'The organization uses only FICAM-approved path discovery and validation products and services.\n		','IA-5(15)','AUTHENTICATOR MANAGEMENT | FICAM-APPROVED PRODUCTS AND SERVICES',15,'IA','IDENTIFICATION AND AUTHENTICATION'),(378,6,'The information system obscures feedback of authentication information during the authentication process to protect the information from possible exploitation/use by unauthorized individuals.\n		','IA-6','AUTHENTICATOR FEEDBACK',0,'IA','IDENTIFICATION AND AUTHENTICATION'),(379,7,'The information system implements mechanisms for authentication to a cryptographic module that meet the requirements of applicable federal laws, Executive Orders, directives, policies, regulations, standards, and guidance for such authentication.\n		','IA-7','CRYPTOGRAPHIC MODULE AUTHENTICATION',0,'IA','IDENTIFICATION AND AUTHENTICATION'),(380,8,'The information system uniquely identifies and authenticates non-organizational users (or processes acting on behalf of non-organizational users).\n		','IA-8','IDENTIFICATION AND AUTHENTICATION (NON-ORGANIZATIONAL USERS)',0,'IA','IDENTIFICATION AND AUTHENTICATION'),(381,8,'The information system accepts and electronically verifies Personal Identity Verification (PIV) credentials from other federal agencies.\n		','IA-8(1)','IDENTIFICATION AND AUTHENTICATION | ACCEPTANCE OF PIV CREDENTIALS FROM OTHER AGENCIES',1,'IA','IDENTIFICATION AND AUTHENTICATION'),(382,8,'The information system accepts only FICAM-approved third-party credentials.\n		','IA-8(2)','IDENTIFICATION AND AUTHENTICATION | ACCEPTANCE OF THIRD-PARTY CREDENTIALS',2,'IA','IDENTIFICATION AND AUTHENTICATION'),(383,8,'The organization employs only FICAM-approved information system components in [Assignment: organization-defined information systems] to accept third-party credentials.\n		','IA-8(3)','IDENTIFICATION AND AUTHENTICATION | USE OF FICAM-APPROVED PRODUCTS',3,'IA','IDENTIFICATION AND AUTHENTICATION'),(384,8,'The information system conforms to FICAM-issued profiles.\n		','IA-8(4)','IDENTIFICATION AND AUTHENTICATION | USE OF FICAM-ISSUED PROFILES',4,'IA','IDENTIFICATION AND AUTHENTICATION'),(385,8,'The information system accepts and electronically verifies Personal Identity Verification-I (PIV-I) credentials.\n		','IA-8(5)','IDENTIFICATION AND AUTHENTICATION | ACCEPTANCE OF PIV-I CREDENTIALS',5,'IA','IDENTIFICATION AND AUTHENTICATION'),(386,9,'The organization identifies and authenticates [Assignment: organization-defined information system services] using [Assignment: organization-defined security safeguards].\n		','IA-9','SERVICE IDENTIFICATION AND AUTHENTICATION',0,'IA','IDENTIFICATION AND AUTHENTICATION'),(387,9,'The organization ensures that service providers receive, validate, and transmit identification and authentication information.\n		','IA-9(1)','SERVICE IDENTIFICATION AND AUTHENTICATION | INFORMATION EXCHANGE',1,'IA','IDENTIFICATION AND AUTHENTICATION'),(388,9,'The organization ensures that identification and authentication decisions are transmitted between [Assignment: organization-defined services] consistent with organizational policies.\n		','IA-9(2)','SERVICE IDENTIFICATION AND AUTHENTICATION | TRANSMISSION OF DECISIONS',2,'IA','IDENTIFICATION AND AUTHENTICATION'),(389,10,'The organization requires that individuals accessing the information system employ [Assignment: organization-defined supplemental authentication techniques or mechanisms] under specific [Assignment: organization-defined circumstances or situations].\n		','IA-10','ADAPTIVE IDENTIFICATION AND AUTHENTICATION',0,'IA','IDENTIFICATION AND AUTHENTICATION'),(390,11,'The organization requires users and devices to re-authenticate when [Assignment: organization-defined circumstances or situations requiring re-authentication].\n		','IA-11','RE-AUTHENTICATION',0,'IA','IDENTIFICATION AND AUTHENTICATION'),(391,1,'The organization:\n			a. Develops, documents, and disseminates to [Assignment: organization-defined personnel or roles]:\n				1. An incident response policy that addresses purpose, scope, roles, responsibilities, management commitment, coordination among organizational entities, and compliance; and\n				2. Procedures to facilitate the implementation of the incident response policy and associated incident response controls; and\n			b. Reviews and updates the current:\n				1. Incident response policy [Assignment: organization-defined frequency]; and\n				2. Incident response procedures [Assignment: organization-defined frequency].\n		','IR-1','INCIDENT RESPONSE POLICY AND PROCEDURES',0,'IR','INCIDENT RESPONSE'),(392,2,'The organization provides incident response training to information system users consistent with assigned roles and responsibilities: a. Within [Assignment: organization-defined time period] of assuming an incident response role or responsibility; b. When required by information system changes; and c. [Assignment: organization-defined frequency] thereafter.\n		','IR-2','INCIDENT RESPONSE TRAINING',0,'IR','INCIDENT RESPONSE'),(393,2,'The organization incorporates simulated events into incident response training to facilitate effective response by personnel in crisis situations.\n		','IR-2(1)','INCIDENT RESPONSE TRAINING | SIMULATED EVENTS',1,'IR','INCIDENT RESPONSE'),(394,2,'The organization employs automated mechanisms to provide a more thorough and realistic incident response training environment.\n		','IR-2(2)','INCIDENT RESPONSE TRAINING | AUTOMATED TRAINING ENVIRONMENTS',2,'IR','INCIDENT RESPONSE'),(395,3,'The organization tests the incident response capability for the information system [Assignment: organization-defined frequency] using [Assignment: organization-defined tests] to determine the incident response effectiveness and documents the results.\n		','IR-3','INCIDENT RESPONSE TESTING',0,'IR','INCIDENT RESPONSE'),(396,3,'The organization employs automated mechanisms to more thoroughly and effectively test the incident response capability.\n		','IR-3(1)','INCIDENT RESPONSE TESTING | AUTOMATED TESTING',1,'IR','INCIDENT RESPONSE'),(397,3,'The organization coordinates incident response testing with organizational elements responsible for related plans.\n		','IR-3(2)','INCIDENT RESPONSE TESTING | COORDINATION WITH RELATED PLANS',2,'IR','INCIDENT RESPONSE'),(398,4,'The organization: a. Implements an incident handling capability for security incidents that includes preparation, detection and analysis, containment, eradication, and recovery; b. Coordinates incident handling activities with contingency planning activities; and c. Incorporates lessons learned from ongoing incident handling activities into incident response procedures, training, and testing, and implements the resulting changes accordingly.\n		','IR-4','INCIDENT HANDLING',0,'IR','INCIDENT RESPONSE'),(399,4,'The organization employs automated mechanisms to support the incident handling process.\n		','IR-4(1)','INCIDENT HANDLING | AUTOMATED INCIDENT HANDLING PROCESSES',1,'IR','INCIDENT RESPONSE'),(400,4,'The organization includes dynamic reconfiguration of [Assignment: organization-defined information system components] as part of the incident response capability.\n		','IR-4(2)','INCIDENT HANDLING | DYNAMIC RECONFIGURATION',2,'IR','INCIDENT RESPONSE'),(401,4,'The organization identifies [Assignment: organization-defined classes of incidents] and [Assignment: organization-defined actions to take in response to classes of incidents] to ensure continuation of organizational missions and business functions.\n		','IR-4(3)','INCIDENT HANDLING | CONTINUITY OF OPERATIONS',3,'IR','INCIDENT RESPONSE'),(402,4,'The organization correlates incident information and individual incident responses to achieve an organization-wide perspective on incident awareness and response.\n		','IR-4(4)','INCIDENT HANDLING | INFORMATION CORRELATION',4,'IR','INCIDENT RESPONSE'),(403,4,'The organization implements a configurable capability to automatically disable the information system if [Assignment: organization-defined security violations] are detected.\n		','IR-4(5)','INCIDENT HANDLING | AUTOMATIC DISABLING OF INFORMATION SYSTEM',5,'IR','INCIDENT RESPONSE'),(404,4,'The organization implements incident handling capability for insider threats.\n		','IR-4(6)','INCIDENT HANDLING | INSIDER THREATS - SPECIFIC CAPABILITIES',6,'IR','INCIDENT RESPONSE'),(405,4,'The organization coordinates incident handling capability for insider threats across [Assignment: organization-defined components or elements of the organization].\n		','IR-4(7)','INCIDENT HANDLING | INSIDER THREATS - INTRA-ORGANIZATION COORDINATION',7,'IR','INCIDENT RESPONSE'),(406,4,'The organization coordinates with [Assignment: organization-defined external organizations] to correlate and share [Assignment: organization-defined incident information] to achieve a cross-organization perspective on incident awareness and more effective incident responses.\n		','IR-4(8)','INCIDENT HANDLING | CORRELATION WITH EXTERNAL ORGANIZATIONS',8,'IR','INCIDENT RESPONSE'),(407,4,'The organization employs [Assignment: organization-defined dynamic response capabilities] to effectively respond to security incidents.\n		','IR-4(9)','INCIDENT HANDLING | DYNAMIC RESPONSE CAPABILITY',9,'IR','INCIDENT RESPONSE'),(408,4,'The organization coordinates incident handling activities involving supply chain events with other organizations involved in the supply chain.\n		','IR-4(10)','INCIDENT HANDLING | SUPPLY CHAIN COORDINATION',10,'IR','INCIDENT RESPONSE'),(409,5,'\n		','IR-5','INCIDENTMONITORING',0,'IR','INCIDENT RESPONSE'),(410,5,'The organization employs automated mechanisms to assist in the tracking of security incidents and in the collection and analysis of incident information.\n		','IR-5(1)','INCIDENT MONITORING | AUTOMATED TRACKING / DATA COLLECTION / ANALYSIS',1,'IR','INCIDENT RESPONSE'),(411,6,'The organization: a. Requires personnel to report suspected security incidents to the organizational incident response capability within [Assignment: organization-defined time period]; and b. Reports security incident information to [Assignment: organization-defined authorities].\n		','IR-6','INCIDENT REPORTING',0,'IR','INCIDENT RESPONSE'),(412,6,'The organization employs automated mechanisms to assist in the reporting of security incidents.\n		','IR-6(1)','INCIDENT REPORTING | AUTOMATED REPORTING',1,'IR','INCIDENT RESPONSE'),(413,6,'The organization reports information system vulnerabilities associated with reported security incidents to [Assignment: organization-defined personnel or roles].\n		','IR-6(2)','INCIDENT REPORTING | VULNERABILITIES RELATED TO INCIDENTS',2,'IR','INCIDENT RESPONSE'),(414,6,'The organization provides security incident information to other organizations involved in the supply chain for information systems or information system components related to the incident.\n		','IR-6(3)','INCIDENT REPORTING | COORDINATION WITH SUPPLY CHAIN',3,'IR','INCIDENT RESPONSE'),(415,7,'The organization provides an incident response support resource, integral to the organizational incident response capability that offers advice and assistance to users of the information system for the handling and reporting of security incidents.\n		','IR-7','INCIDENT RESPONSE ASSISTANCE',0,'IR','INCIDENT RESPONSE'),(416,7,'The organization employs automated mechanisms to increase the availability of incident response-related information and support.\n		','IR-7(1)','INCIDENT RESPONSE ASSISTANCE | AUTOMATION SUPPORT FOR AVAILABILITY OF INFORMATION / SUPPORT',1,'IR','INCIDENT RESPONSE'),(417,7,'The organization:(a) Establishes a direct, cooperative relationship between its incident response capability and external providers of information system protection capability; and (b) Identifies organizational incident response team members to the external providers.\n		','IR-7(2)','INCIDENT RESPONSE ASSISTANCE | COORDINATION WITH EXTERNAL PROVIDERS',2,'IR','INCIDENT RESPONSE'),(418,8,'The organization:\n			a. Develops an incident response plan that:\n				1. Provides the organization with a roadmap for implementing its incident response capability;\n				2. Describes the structure and organization of the incident response capability;\n				3. Provides a high-level approach for how the incident response capability fits into the overall organization;\n				4. Meets the unique requirements of the organization, which relate to mission, size, structure, and functions;\n				5. Defines reportable incidents;\n				6. Provides metrics for measuring the incident response capability within the organization;\n				7. Defines the resources and management support needed to effectively maintain and mature an incident response capability; and\n				8. Is reviewed and approved by [Assignment: organization-defined personnel or roles];\n			b. Distributes copies of the incident response plan to [Assignment: organization-defined incident response personnel (identified by name and/or by role) and organizational elements];\n			c. Reviews the incident response plan [Assignment: organization-defined frequency];\n			d. Updates the incident response plan to address system/organizational changes or problems encountered during plan implementation, execution, or testing;\n			e. Communicates incident response plan changes to [Assignment: organization-defined incident response personnel (identified by name and/or by role) and organizational elements]; and\n			f. Protects the incident response plan from unauthorized disclosure and modification.\n		','IR-8','INCIDENT RESPONSE PLAN',0,'IR','INCIDENT RESPONSE'),(419,9,'The organization responds to information spills by:\n			a. Identifying the specific information involved in the information system contamination;\n			b. Alerting [Assignment: organization-defined personnel or roles] of the information spill using a method of communication not associated with the spill;\n			c. Isolating the contaminated information system or system component;\n			d. Eradicating the information from the contaminated information system or component;\n			e. Identifying other information systems or system components that may have been subsequently contaminated; and\n			f. Performing other [Assignment: organization-defined actions].\n		','IR-9','INFORMATION SPILLAGE RESPONSE',0,'IR','INCIDENT RESPONSE'),(420,9,'The organization assigns [Assignment: organization-defined personnel or roles] with responsibility for responding to information spills.\n		','IR-9(1)','INFORMATION SPILLAGE RESPONSE | RESPONSIBLE PERSONNEL',1,'IR','INCIDENT RESPONSE'),(421,9,'The organization provides information spillage response training [Assignment: organization-defined frequency].\n		','IR-9(2)','INFORMATION SPILLAGE RESPONSE | TRAINING',2,'IR','INCIDENT RESPONSE'),(422,9,'The organization implements [Assignment: organization-defined procedures] to ensure that organizational personnel impacted by information spills can continue to carry out assigned tasks while contaminated systems are undergoing corrective actions.\n		','IR-9(3)','INFORMATION SPILLAGE RESPONSE | POST-SPILL OPERATIONS',3,'IR','INCIDENT RESPONSE'),(423,9,'The organization employs [Assignment: organization-defined security safeguards] for personnel exposed to information not within assigned access authorizations.\n		','IR-9(4)','INFORMATION SPILLAGE RESPONSE | EXPOSURE TO UNAUTHORIZED PERSONNEL',4,'IR','INCIDENT RESPONSE'),(424,10,'The organization establishes an integrated team of forensic/malicious code analysts, tool developers, and real-time operations personnel.\n		','IR-10','INTEGRATED INFORMATION SECURITY ANALYSIS TEAM',0,'IR','INCIDENT RESPONSE'),(425,1,'The organization:\n			a. Develops, documents, and disseminates to [Assignment: organization-defined personnel or roles]:\n				1. A system maintenance policy that addresses purpose, scope, roles, responsibilities, management commitment, coordination among organizational entities, and compliance; and\n				2. Procedures to facilitate the implementation of the system maintenance policy and associated system maintenance controls; and\n			b. Reviews and updates the current:\n				1. System maintenance policy [Assignment: organization-defined frequency]; and\n				2. System maintenance procedures [Assignment: organization-defined frequency].\n		','MA-1','SYSTEM MAINTENANCE POLICY AND PROCEDURES',0,'MA','MAINTENANCE'),(426,2,'The organization:\n			a. Schedules, performs, documents, and reviews records of maintenance and repairs on information system components in accordance with manufacturer or vendor specifications and/or organizational requirements;\n			b. Approves and monitors all maintenance activities, whether performed on site or remotely and whether the equipment is serviced on site or removed to another location;\n			c. Requires that [Assignment: organization-defined personnel or roles] explicitly approve the removal of the information system or system components from organizational facilities for off-site maintenance or repairs;\n			d. Sanitizes equipment to remove all information from associated media prior to removal from organizational facilities for off-site maintenance or repairs;\n			e. Checks all potentially impacted security controls to verify that the controls are still functioning properly following maintenance or repair actions; and\n			f. Includes [Assignment: organization-defined maintenance-related information] in organizational maintenance records.\n		','MA-2','CONTROLLED MAINTENANCE',0,'MA','MAINTENANCE'),(427,2,'Withdrawn: Incorporated into MA-2.\n		','MA-2(1)','CONTROLLED MAINTENANCE | RECORD CONTENT',1,'MA','MAINTENANCE'),(428,2,'The organization: (a) Employs automated mechanisms to schedule, conduct, and document maintenance and repairs; and (b) Produces up-to date, accurate, and complete records of all maintenance and repair actions requested, scheduled, in process, and completed.\n		','MA-2(2)','CONTROLLED MAINTENANCE | AUTOMATED MAINTENANCE ACTIVITIES',2,'MA','MAINTENANCE'),(429,3,'The organization approves, controls, and monitors information system maintenance tools.\n		','MA-3','MAINTENANCE TOOLS',0,'MA','MAINTENANCE'),(430,3,'The organization inspects the maintenance tools carried into a facility by maintenance personnel for improper or unauthorized modifications.\n		','MA-3(1)','MAINTENANCE TOOLS | INSPECT TOOLS',1,'MA','MAINTENANCE'),(431,3,'The organization checks media containing diagnostic and test programs for malicious code before the media are used in the information system.\n		','MA-3(2)','MAINTENANCE TOOLS | INSPECT MEDIA',2,'MA','MAINTENANCE'),(432,3,'The organization prevents the unauthorized removal of maintenance equipment containing organizational information by: (a) Verifying that there is no organizational information contained on the equipment; (b) Sanitizing or destroying the equipment; (c) Retaining the equipment within the facility; or (d) Obtaining an exemption from [Assignment: organization-defined personnel or roles] explicitly authorizing removal of the equipment from the facility.\n		','MA-3(3)','MAINTENANCE TOOLS | PREVENT UNAUTHORIZED REMOVAL',3,'MA','MAINTENANCE'),(433,3,'The information system restricts the use of maintenance tools to authorized personnel only.\n		','MA-3(4)','MAINTENANCE TOOLS | RESTRICTED TOOL USE',4,'MA','MAINTENANCE'),(434,4,'The organization: a. Approves and monitors nonlocal maintenance and diagnostic activities; b. Allows the use of nonlocal maintenance and diagnostic tools only as consistent with organizational policy and documented in the security plan for the information system; c. Employs strong authenticators in the establishment of nonlocal maintenance and diagnostic sessions; d. Maintains records for nonlocal maintenance and diagnostic activities; and e. Terminates session and network connections when nonlocal maintenance is completed.\n		','MA-4','NONLOCAL MAINTENANCE',0,'MA','MAINTENANCE'),(435,4,'The organization: (a) Audits nonlocal maintenance and diagnostic sessions [Assignment: organization-defined audit events]; and (b) Reviews the records of the maintenance and diagnostic sessions.\n		','MA-4(1)','NONLOCAL MAINTENANCE | AUDITING AND REVIEW',1,'MA','MAINTENANCE'),(436,4,'The organization documents in the security plan for the information system, the policies and procedures for the establishment and use of nonlocal maintenance and diagnostic connections.\n		','MA-4(2)','NONLOCAL MAINTENANCE | DOCUMENT NONLOCAL MAINTENANCE',2,'MA','MAINTENANCE'),(437,4,'The organization:\n			(a) Requires that nonlocal maintenance and diagnostic services be performed from an information system that implements a security capability comparable to the capability implemented on the system being serviced; or\n			(b) Removes the component to be serviced from the information system prior to nonlocal maintenance or diagnostic services, sanitizes the component (with regard to organizational information) before removal from organizational facilities, and after the service is performed, inspects and sanitizes the component (with regard to potentially malicious software) before reconnecting the component to the information system.\n		','MA-4(3)','NONLOCAL MAINTENANCE | COMPARABLE SECURITY / SANITIZATION',3,'MA','MAINTENANCE'),(438,4,'The organization protects nonlocal maintenance sessions by:\n			(a) Employing [Assignment: organization-defined authenticators that are replay resistant]; and\n			(b) Separating the maintenance sessions from other network sessions with the information system by either:\n				(1) Physically separated communications paths; or\n				(2) Logically separated communications paths based upon encryption.\n		','MA-4(4)','NONLOCAL MAINTENANCE | AUTHENTICATION / SEPARATION OF MAINTENANCE SESSIONS',4,'MA','MAINTENANCE'),(439,4,'The organization: (a) Requires the approval of each nonlocal maintenance session by [Assignment: organization-defined personnel or roles]; and (b) Notifies [Assignment: organization-defined personnel or roles] of the date and time of planned nonlocal maintenance.\n		','MA-4(5)','NONLOCAL MAINTENANCE | APPROVALS AND NOTIFICATIONS',5,'MA','MAINTENANCE'),(440,4,'The information system implements cryptographic mechanisms to protect the integrity and confidentiality of nonlocal maintenance and diagnostic communications.\n		','MA-4(6)','NONLOCAL MAINTENANCE | CRYPTOGRAPHIC PROTECTION',6,'MA','MAINTENANCE'),(441,4,'The information system implements remote disconnect verification at the termination of nonlocal maintenance and diagnostic sessions.\n		','MA-4(7)','NONLOCAL MAINTENANCE | REMOTE DISCONNECT VERIFICATION',7,'MA','MAINTENANCE'),(442,5,'The organization: a. Establishes a process for maintenance personnel authorization and maintains a list of authorized maintenance organizations or personnel; b. Ensures that non-escorted personnel performing maintenance on the information system have required access authorizations; and c. Designates organizational personnel with required access authorizations and technical competence to supervise the maintenance activities of personnel who do not possess the required access authorizations.\n		','MA-5','MAINTENANCE PERSONNEL',0,'MA','MAINTENANCE'),(443,5,'The organization:\n			(a) Implements procedures for the use of maintenance personnel that lack appropriate security clearances or are not U.S. citizens, that include the following requirements:\n				(1) Maintenance personnel who do not have needed access authorizations, clearances, or formal access approvals are escorted and supervised during the performance of maintenance and diagnostic activities on the information system by approved organizational personnel who are fully cleared, have appropriate access authorizations, and are technically qualified;\n				(2) Prior to initiating maintenance or diagnostic activities by personnel who do not have needed access authorizations, clearances or formal access approvals, all volatile information storage components within the information system are sanitized and all nonvolatile storage media are removed or physically disconnected from the system and secured; and\n			(b) Develops and implements alternate security safeguards in the event an information system component cannot be sanitized, removed, or disconnected from the system.\n		','MA-5(1)','MAINTENANCE PERSONNEL | INDIVIDUALS WITHOUT APPROPRIATE ACCESS',1,'MA','MAINTENANCE'),(444,5,'The organization ensures that personnel performing maintenance and diagnostic activities on an information system processing, storing, or transmitting classified information possess security clearances and formal access approvals for at least the highest classification level and for all compartments of information on the system.\n		','MA-5(2)','MAINTENANCE PERSONNEL | SECURITY CLEARANCES FOR CLASSIFIED SYSTEMS',2,'MA','MAINTENANCE'),(445,5,'The organization ensures that personnel performing maintenance and diagnostic activities on an information system processing, storing, or transmitting classified information are U.S. citizens.\n		','MA-5(3)','MAINTENANCE PERSONNEL | CITIZENSHIP REQUIREMENTS FOR CLASSIFIED SYSTEMS',3,'MA','MAINTENANCE'),(446,5,'The organization ensures that:\n			(a) Cleared foreign nationals (i.e., foreign nationals with appropriate security clearances), are used to conduct maintenance and diagnostic activities on classified information systems only when the systems are jointly owned and operated by the United States and foreign allied governments, or owned and operated solely by foreign allied governments; and\n			(b) Approvals, consents, and detailed operational conditions regarding the use of foreign nationals to conduct maintenance and diagnostic activities on classified information systems are fully documented within Memoranda of Agreements.\n		','MA-5(4)','MAINTENANCE PERSONNEL | FOREIGN NATIONALS',4,'MA','MAINTENANCE'),(447,5,'The organization ensures that non-escorted personnel performing maintenance activities not directly associated with the information system but in the physical proximity of the system, have required access authorizations.\n		','MA-5(5)','MAINTENANCE PERSONNEL | NONSYSTEM-RELATED MAINTENANCE',5,'MA','MAINTENANCE'),(448,6,'The organization obtains maintenance support and/or spare parts for [Assignment: organization-defined information system components] within [Assignment: organization-defined time period] of failure.\n		','MA-6','TIMELY MAINTENANCE',0,'MA','MAINTENANCE'),(449,6,'The organization performs preventive maintenance on [Assignment: organization-defined information system components] at [Assignment: organization-defined time intervals].\n		','MA-6(1)','TIMELY MAINTENANCE | PREVENTIVE MAINTENANCE',1,'MA','MAINTENANCE'),(450,6,'The organization performs predictive maintenance on [Assignment: organization-defined information system components] at [Assignment: organization-defined time intervals].\n		','MA-6(2)','TIMELY MAINTENANCE | PREDICTIVE MAINTENANCE',2,'MA','MAINTENANCE'),(451,6,'The organization employs automated mechanisms to transfer predictive maintenance data to a computerized maintenance management system.\n		','MA-6(3)','TIMELY MAINTENANCE | AUTOMATED SUPPORT FOR PREDICTIVE MAINTENANCE',3,'MA','MAINTENANCE'),(452,1,'The organization:\n			a. Develops, documents, and disseminates to [Assignment: organization-defined personnel or roles]:\n				1. A media protection policy that addresses purpose, scope, roles, responsibilities, management commitment, coordination among organizational entities, and compliance; and\n				2. Procedures to facilitate the implementation of the media protection policy and associated media protection controls; and\n			b. Reviews and updates the current:\n				1. Media protection policy [Assignment: organization-defined frequency]; and\n				2. Media protection procedures [Assignment: organization-defined frequency].\n		','MP-1','MEDIA PROTECTION POLICY AND PROCEDURES',0,'MP','MEDIA PROTECTION'),(453,2,'The organization restricts access to [Assignment: organization-defined types of digital and/or non-digital media] to [Assignment: organization-defined personnel or roles].\n		','MP-2','MEDIA ACCESS',0,'MP','MEDIA PROTECTION'),(454,2,'Withdrawn: Incorporated into MP-4 (2).\n		','MP-2(1)','MEDIA ACCESS | AUTOMATED RESTRICTED ACCESS',1,'MP','MEDIA PROTECTION'),(455,2,'Withdrawn: Incorporated into SC-28 (1).\n		','MP-2(2)','MEDIA ACCESS | CRYPTOGRAPHIC PROTECTION',2,'MP','MEDIA PROTECTION'),(456,3,'The organization: a. Marks information system media indicating the distribution limitations, handling caveats, and applicable security markings (if any) of the information; and b. Exempts [Assignment: organization-defined types of information system media] from marking as long as the media remain within [Assignment: organization-defined controlled areas].\n		','MP-3','MEDIA MARKING',0,'MP','MEDIA PROTECTION'),(457,4,'The organization: a. Physically controls and securely stores [Assignment: organization-defined types of digital and/or non-digital media] within [Assignment: organization-defined controlled areas]; and b. Protects information system media until the media are destroyed or sanitized using approved equipment, techniques, and procedures.\n		','MP-4','MEDIA STORAGE',0,'MP','MEDIA PROTECTION'),(458,4,'Withdrawn: Incorporated into SC-28 (1).\n		','MP-4(1)','MEDIA STORAGE | CRYPTOGRAPHIC PROTECTION',1,'MP','MEDIA PROTECTION'),(459,4,'The organization employs automated mechanisms to restrict access to media storage areas and to audit access attempts and access granted.\n		','MP-4(2)','MEDIA STORAGE | AUTOMATED RESTRICTED ACCESS',2,'MP','MEDIA PROTECTION'),(460,5,'The organization: a. Protects and controls [Assignment: organization-defined types of information system media] during transport outside of controlled areas using [Assignment: organization-defined security safeguards]; b. Maintains accountability for information system media during transport outside of controlled areas; c. Documents activities associated with the transport of information system media; and d. Restricts the activities associated with the transport of information system media to authorized personnel.\n		','MP-5','MEDIA TRANSPORT',0,'MP','MEDIA PROTECTION'),(461,5,'Withdrawn: Incorporated into MP-5.\n		','MP-5(1)','MEDIA TRANSPORT | PROTECTION OUTSIDE OF CONTROLLED AREAS',1,'MP','MEDIA PROTECTION'),(462,5,'Withdrawn: Incorporated into MP-5.\n		','MP-5(2)','MEDIA TRANSPORT | DOCUMENTATION OF ACTIVITIES',2,'MP','MEDIA PROTECTION'),(463,5,'The organization employs an identified custodian during transport of information system media outside of controlled areas.\n		','MP-5(3)','MEDIA TRANSPORT | CUSTODIANS',3,'MP','MEDIA PROTECTION'),(464,5,'The information system implements cryptographic mechanisms to protect the confidentiality and integrity of information stored on digital media during transport outside of controlled areas.\n		','MP-5(4)','MEDIA TRANSPORT | CRYPTOGRAPHIC PROTECTION',4,'MP','MEDIA PROTECTION'),(465,6,'The organization: a. Sanitizes [Assignment: organization-defined information system media] prior to disposal, release out of organizational control, or release for reuse using [Assignment: organization-defined sanitization techniques and procedures] in accordance with applicable federal and organizational standards and policies; and b. Employs sanitization mechanisms with the strength and integrity commensurate with the security category or classification of the information.\n		','MP-6','MEDIA SANITIZATION',0,'MP','MEDIA PROTECTION'),(466,6,'The organization reviews, approves, tracks, documents, and verifies media sanitization and disposal actions.\n		','MP-6(1)','MEDIA SANITIZATION | REVIEW / APPROVE / TRACK / DOCUMENT / VERIFY',1,'MP','MEDIA PROTECTION'),(467,6,'The organization tests sanitization equipment and procedures [Assignment: organization-defined frequency] to verify that the intended sanitization is being achieved.\n		','MP-6(2)','MEDIA SANITIZATION | EQUIPMENT TESTING',2,'MP','MEDIA PROTECTION'),(468,6,'The organization applies nondestructive sanitization techniques to portable storage devices prior to connecting such devices to the information system under the following circumstances: [Assignment: organization-defined circumstances requiring sanitization of portable storage devices].\n		','MP-6(3)','MEDIA SANITIZATION | NONDESTRUCTIVE TECHNIQUES',3,'MP','MEDIA PROTECTION'),(469,6,'Withdrawn: Incorporated into MP-6.\n		','MP-6(4)','MEDIA SANITIZATION | CONTROLLED UNCLASSIFIED INFORMATION',4,'MP','MEDIA PROTECTION'),(470,6,'Withdrawn: Incorporated into MP-6.\n		','MP-6(5)','MEDIA SANITIZATION | CLASSIFIED INFORMATION',5,'MP','MEDIA PROTECTION'),(471,6,'Withdrawn: Incorporated into MP-6.\n		','MP-6(6)','MEDIA SANITIZATION | MEDIA DESTRUCTION',6,'MP','MEDIA PROTECTION'),(472,6,'The organization enforces dual authorization for the sanitization of [Assignment: organization-defined information system media].\n		','MP-6(7)','MEDIA SANITIZATION | DUAL AUTHORIZATION',7,'MP','MEDIA PROTECTION'),(473,6,'The organization provides the capability to purge/wipe information from [Assignment: organization-defined information systems, system components, or devices] either remotely or under the following conditions: [Assignment: organization-defined conditions].\n		','MP-6(8)','MEDIA SANITIZATION | REMOTE PURGING / WIPING OF INFORMATION',8,'MP','MEDIA PROTECTION'),(474,7,'The organization [Selection: restricts; prohibits] the use of [Assignment: organization-defined types of information system media] on [Assignment: organization-defined information systems or system components] using [Assignment: organization-defined security safeguards].\n		','MP-7','MEDIA USE',0,'MP','MEDIA PROTECTION'),(475,7,'The organization prohibits the use of portable storage devices in organizational information systems when such devices have no identifiable owner.\n		','MP-7(1)','MEDIA USE | PROHIBIT USE WITHOUT OWNER',1,'MP','MEDIA PROTECTION'),(476,7,'The organization prohibits the use of sanitization-resistant media in organizational information systems.\n		','MP-7(2)','MEDIA USE | PROHIBIT USE OF SANITIZATION-RESISTANT MEDIA',2,'MP','MEDIA PROTECTION'),(477,8,'The organization:\n			a. Establishes [Assignment: organization-defined information system media downgrading process] that includes employing downgrading mechanisms with [Assignment: organization-defined strength and integrity];\n			b. Ensures that the information system media downgrading process is commensurate with the security category and/or classification level of the information to be removed and the access authorizations of the potential recipients of the downgraded information;\n			c. Identifies [Assignment: organization-defined information system media requiring downgrading]; and\n			d. Downgrades the identified information system media using the established process.\n		','MP-8','MEDIA DOWNGRADING',0,'MP','MEDIA PROTECTION'),(478,8,'The organization documents information system media downgrading actions.\n		','MP-8(1)','MEDIA DOWNGRADING | DOCUMENTATION OF PROCESS',1,'MP','MEDIA PROTECTION'),(479,8,'The organization employs [Assignment: organization-defined tests] of downgrading equipment and procedures to verify correct performance [Assignment: organization-defined frequency].\n		','MP-8(2)','MEDIA DOWNGRADING | EQUIPMENT TESTING',2,'MP','MEDIA PROTECTION'),(480,8,'The organization downgrades information system media containing [Assignment: organization-defined Controlled Unclassified Information (CUI)] prior to public release in accordance with applicable federal and organizational standards and policies.\n		','MP-8(3)','MEDIA DOWNGRADING | CONTROLLED UNCLASSIFIED INFORMATION',3,'MP','MEDIA PROTECTION'),(481,8,'The organization downgrades information system media containing classified information prior to release to individuals without required access authorizations in accordance with NSA standards and policies.\n		','MP-8(4)','MEDIA DOWNGRADING | CLASSIFIED INFORMATION',4,'MP','MEDIA PROTECTION'),(482,1,'The organization:\n			a. Develops, documents, and disseminates to [Assignment: organization-defined personnel or roles]:\n				1. A physical and environmental protection policy that addresses purpose, scope, roles, responsibilities, management commitment, coordination among organizational entities, and compliance; and\n				2. Procedures to facilitate the implementation of the physical and environmental protection policy and associated physical and environmental protection controls; and\n			b. Reviews and updates the current:\n				1. Physical and environmental protection policy [Assignment: organization-defined frequency]; and\n				2. Physical and environmental protection procedures [Assignment: organization-defined frequency].\n		','PE-1','PHYSICAL AND ENVIRONMENTAL PROTECTION POLICY AND PROCEDURES',0,'PE','PHYSICAL AND ENVIRONMENTAL PROTECTION'),(483,2,'The organization: a. Develops, approves, and maintains a list of individuals with authorized access to the facility where the information system resides; b. Issues authorization credentials for facility access; c. Reviews the access list detailing authorized facility access by individuals [Assignment: organization-defined frequency]; and d. Removes individuals from the facility access list when access is no longer required.\n		','PE-2','PHYSICAL ACCESS AUTHORIZATIONS',0,'PE','PHYSICAL AND ENVIRONMENTAL PROTECTION'),(484,2,'The organization authorizes physical access to the facility where the information system resides based on position or role.\n		','PE-2(1)','PHYSICAL ACCESS AUTHORIZATIONS | ACCESS BY POSITION / ROLE',1,'PE','PHYSICAL AND ENVIRONMENTAL PROTECTION'),(485,2,'The organization requires two forms of identification from [Assignment: organization-defined list of acceptable forms of identification] for visitor access to the facility where the information system resides.\n		','PE-2(2)','PHYSICAL ACCESS AUTHORIZATIONS | TWO FORMS OF IDENTIFICATION',2,'PE','PHYSICAL AND ENVIRONMENTAL PROTECTION'),(486,2,'The organization restricts unescorted access to the facility where the information system resides to personnel with [Selection (one or more): security clearances for all information contained within the system; formal access authorizations for all information contained within the system; need for access to all information contained within the system; [Assignment: organization-defined credentials]].\n		','PE-2(3)','PHYSICAL ACCESS AUTHORIZATIONS | RESTRICT UNESCORTED ACCESS',3,'PE','PHYSICAL AND ENVIRONMENTAL PROTECTION'),(487,3,'The organization:\n			a. Enforces physical access authorizations at [Assignment: organization-defined entry/exit points to the facility where the information system resides] by;\n				1. Verifying individual access authorizations before granting access to the facility; and\n				2. Controlling ingress/egress to the facility using [Selection (one or more): [Assignment: organization-defined physical access control systems/devices]; guards];\n			b. Maintains physical access audit logs for [Assignment: organization-defined entry/exit points];\n			c. Provides [Assignment: organization-defined security safeguards] to control access to areas within the facility officially designated as publicly accessible;\n			d. Escorts visitors and monitors visitor activity [Assignment: organization-defined circumstances requiring visitor escorts and monitoring];\n			e. Secures keys, combinations, and other physical access devices;\n			f. Inventories [Assignment: organization-defined physical access devices] every [Assignment: organization-defined frequency]; and\n			g. Changes combinations and keys [Assignment: organization-defined frequency] and/or when keys are lost, combinations are compromised, or individuals are transferred or terminated.\n		','PE-3','PHYSICAL ACCESS CONTROL',0,'PE','PHYSICAL AND ENVIRONMENTAL PROTECTION'),(488,3,'The organization enforces physical access authorizations to the information system in addition to the physical access controls for the facility at [Assignment: organization-defined physical spaces containing one or more components of the information system].\n		','PE-3(1)','PHYSICAL ACCESS CONTROL | INFORMATION SYSTEM ACCESS',1,'PE','PHYSICAL AND ENVIRONMENTAL PROTECTION'),(489,3,'The organization performs security checks [Assignment: organization-defined frequency] at the physical boundary of the facility or information system for unauthorized exfiltration of information or removal of information system components.\n		','PE-3(2)','PHYSICAL ACCESS CONTROL | FACILITY / INFORMATION SYSTEM BOUNDARIES',2,'PE','PHYSICAL AND ENVIRONMENTAL PROTECTION'),(490,3,'The organization employs guards and/or alarms to monitor every physical access point to the facility where the information system resides 24 hours per day, 7 days per week.\n		','PE-3(3)','PHYSICAL ACCESS CONTROL | CONTINUOUS GUARDS / ALARMS / MONITORING',3,'PE','PHYSICAL AND ENVIRONMENTAL PROTECTION'),(491,3,'The organization uses lockable physical casings to protect [Assignment: organization-defined information system components] from unauthorized physical access.\n		','PE-3(4)','PHYSICAL ACCESS CONTROL | LOCKABLE CASINGS',4,'PE','PHYSICAL AND ENVIRONMENTAL PROTECTION'),(492,3,'The organization employs [Assignment: organization-defined security safeguards] to [Selection (one or more): detect; prevent] physical tampering or alteration of [Assignment: organization-defined hardware components] within the information system.\n		','PE-3(5)','PHYSICAL ACCESS CONTROL | TAMPER PROTECTION',5,'PE','PHYSICAL AND ENVIRONMENTAL PROTECTION'),(493,3,'The organization employs a penetration testing process that includes [Assignment: organization-defined frequency], unannounced attempts to bypass or circumvent security controls associated with physical access points to the facility.\n		','PE-3(6)','PHYSICAL ACCESS CONTROL | FACILITY PENETRATION TESTING',6,'PE','PHYSICAL AND ENVIRONMENTAL PROTECTION'),(494,4,'The organization controls physical access to [Assignment: organization-defined information system distribution and transmission lines] within organizational facilities using [Assignment: organization-defined security safeguards].\n		','PE-4','ACCESS CONTROL FOR TRANSMISSION MEDIUM',0,'PE','PHYSICAL AND ENVIRONMENTAL PROTECTION'),(495,5,'The organization controls physical access to information system output devices to prevent unauthorized individuals from obtaining the output.\n		','PE-5','ACCESS CONTROL FOR OUTPUT DEVICES',0,'PE','PHYSICAL AND ENVIRONMENTAL PROTECTION'),(496,5,'The organization:(a) Controls physical access to output from [Assignment: organization-defined output devices]; and (b) Ensures that only authorized individuals receive output from the device.\n		','PE-5(1)','ACCESS CONTROL FOR OUTPUT DEVICES | ACCESS TO OUTPUT BY AUTHORIZED INDIVIDUALS',1,'PE','PHYSICAL AND ENVIRONMENTAL PROTECTION'),(497,5,'The information system:(a) Controls physical access to output from [Assignment: organization-defined output devices]; and(b) Links individual identity to receipt of the output from the device.\n		','PE-5(2)','ACCESS CONTROL FOR OUTPUT DEVICES | ACCESS TO OUTPUT BY INDIVIDUAL IDENTITY',2,'PE','PHYSICAL AND ENVIRONMENTAL PROTECTION'),(498,5,'The organization marks [Assignment: organization-defined information system output devices] indicating the appropriate security marking of the information permitted to be output from the device.\n		','PE-5(3)','ACCESS CONTROL FOR OUTPUT DEVICES | MARKING OUTPUT DEVICES',3,'PE','PHYSICAL AND ENVIRONMENTAL PROTECTION'),(499,6,'The organization: a. Monitors physical access to the facility where the information system resides to detect and respond to physical security incidents; b. Reviews physical access logs [Assignment: organization-defined frequency] and upon occurrence of [Assignment: organization-defined events or potential indications of events]; and c. Coordinates results of reviews and investigations with the organizational incident response capability.\n		','PE-6','MONITORING PHYSICAL ACCESS',0,'PE','PHYSICAL AND ENVIRONMENTAL PROTECTION'),(500,6,'The organization monitors physical intrusion alarms and surveillance equipment.\n		','PE-6(1)','MONITORING PHYSICAL ACCESS | INTRUSION ALARMS / SURVEILLANCE EQUIPMENT',1,'PE','PHYSICAL AND ENVIRONMENTAL PROTECTION'),(501,6,'The organization employs automated mechanisms to recognize [Assignment: organization-defined classes/types of intrusions] and initiate [Assignment: organization-defined response actions].\n		','PE-6(2)','MONITORING PHYSICAL ACCESS | AUTOMATED INTRUSION RECOGNITION / RESPONSES',2,'PE','PHYSICAL AND ENVIRONMENTAL PROTECTION'),(502,6,'The organization employs video surveillance of [Assignment: organization-defined operational areas] and retains video recordings for [Assignment: organization-defined time period].\n		','PE-6(3)','MONITORING PHYSICAL ACCESS | VIDEO SURVEILLANCE',3,'PE','PHYSICAL AND ENVIRONMENTAL PROTECTION'),(503,6,'The organization monitors physical access to the information system in addition to the physical access monitoring of the facility as [Assignment: organization-defined physical spaces containing one or more components of the information system].\n		','PE-6(4)','MONITORING PHYSICAL ACCESS | MONITORING PHYSICAL ACCESS TO INFORMATION SYSTEMS',4,'PE','PHYSICAL AND ENVIRONMENTAL PROTECTION'),(504,7,'Withdrawn: Incorporated into PE-2 and PE-3.\n		','PE-7','VISITOR CONTROL',0,'PE','PHYSICAL AND ENVIRONMENTAL PROTECTION'),(505,8,'The organization: a. Maintains visitor access records to the facility where the information system resides for [Assignment: organization-defined time period]; and b. Reviews visitor access records [Assignment: organization-defined frequency].\n		','PE-8','VISITOR ACCESS RECORDS',0,'PE','PHYSICAL AND ENVIRONMENTAL PROTECTION'),(506,8,'The organization employs automated mechanisms to facilitate the maintenance and review of visitor access records.\n		','PE-8(1)','VISITOR ACCESS RECORDS | AUTOMATED RECORDS MAINTENANCE / REVIEW',1,'PE','PHYSICAL AND ENVIRONMENTAL PROTECTION'),(507,8,'Withdrawn: Incorporated into PE-2.\n		','PE-8(2)','VISITOR ACCESS RECORDS | PHYSICAL ACCESS RECORDS',2,'PE','PHYSICAL AND ENVIRONMENTAL PROTECTION'),(508,9,'The organization protects power equipment and power cabling for the information system from damage and destruction.\n		','PE-9','POWER EQUIPMENT AND CABLING',0,'PE','PHYSICAL AND ENVIRONMENTAL PROTECTION'),(509,9,'The organization employs redundant power cabling paths that are physically separated by [Assignment: organization-defined distance].\n		','PE-9(1)','POWER EQUIPMENT AND CABLING | REDUNDANT CABLING',1,'PE','PHYSICAL AND ENVIRONMENTAL PROTECTION'),(510,9,'The organization employs automatic voltage controls for [Assignment: organization-defined critical information system components].\n		','PE-9(2)','POWER EQUIPMENT AND CABLING | AUTOMATIC VOLTAGE CONTROLS',2,'PE','PHYSICAL AND ENVIRONMENTAL PROTECTION'),(511,10,'The organization: a. Provides the capability of shutting off power to the information system or individual system components in emergency situations; b. Places emergency shutoff switches or devices in [Assignment: organization-defined location by information system or system component] to facilitate safe and easy access for personnel; and c. Protects emergency power shutoff capability from unauthorized activation.\n		','PE-10','EMERGENCY SHUTOFF',0,'PE','PHYSICAL AND ENVIRONMENTAL PROTECTION'),(512,10,'Withdrawn: Incorporated into PE-10.\n		','PE-10(1)','EMERGENCY SHUTOFF | ACCIDENTAL / UNAUTHORIZED ACTIVATION',1,'PE','PHYSICAL AND ENVIRONMENTAL PROTECTION'),(513,11,'The organization provides a short-term uninterruptible power supply to facilitate [Selection (one or more): an orderly shutdown of the information system; transition of the information system to long-term alternate power] in the event of a primary power source loss.\n		','PE-11','EMERGENCY POWER',0,'PE','PHYSICAL AND ENVIRONMENTAL PROTECTION'),(514,11,'The organization provides a long-term alternate power supply for the information system that is capable of maintaining minimally required operational capability in the event of an extended loss of the primary power source.\n		','PE-11(1)','EMERGENCY POWER | LONG-TERM ALTERNATE POWER SUPPLY - MINIMAL OPERATIONAL CAPABILITY',1,'PE','PHYSICAL AND ENVIRONMENTAL PROTECTION'),(515,11,'The organization provides a long-term alternate power supply for the information system that is:(a) Self-contained;(b) Not reliant on external power generation; and (c) Capable of maintaining [Selection: minimally required operational capability; full operational capability] in the event of an extended loss of the primary power source.\n		','PE-11(2)','EMERGENCY POWER | LONG-TERM ALTERNATE POWER SUPPLY - SELF-CONTAINED',2,'PE','PHYSICAL AND ENVIRONMENTAL PROTECTION'),(516,12,'The organization employs and maintains automatic emergency lighting for the information system that activates in the event of a power outage or disruption and that covers emergency exits and evacuation routes within the facility.\n		','PE-12','EMERGENCY LIGHTING',0,'PE','PHYSICAL AND ENVIRONMENTAL PROTECTION'),(517,12,'The organization provides emergency lighting for all areas within the facility supporting essential missions and business functions.\n		','PE-12(1)','EMERGENCY LIGHTING | ESSENTIAL MISSIONS / BUSINESS FUNCTIONS',1,'PE','PHYSICAL AND ENVIRONMENTAL PROTECTION'),(518,13,'The organization employs and maintains fire suppression and detection devices/systems for the information system that are supported by an independent energy source.\n		','PE-13','FIRE PROTECTION',0,'PE','PHYSICAL AND ENVIRONMENTAL PROTECTION'),(519,13,'The organization employs fire detection devices/systems for the information system that activate automatically and notify [Assignment: organization-defined personnel or roles] and [Assignment: organization-defined emergency responders] in the event of a fire.\n		','PE-13(1)','FIRE PROTECTION | DETECTION DEVICES / SYSTEMS',1,'PE','PHYSICAL AND ENVIRONMENTAL PROTECTION'),(520,13,'The organization employs fire suppression devices/systems for the information system that provide automatic notification of any activation to Assignment: organization-defined personnel or roles] and [Assignment: organization-defined emergency responders].\n		','PE-13(2)','FIRE PROTECTION | SUPPRESSION DEVICES / SYSTEMS',2,'PE','PHYSICAL AND ENVIRONMENTAL PROTECTION'),(521,13,'The organization employs an automatic fire suppression capability for the information system when the facility is not staffed on a continuous basis.\n		','PE-13(3)','FIRE PROTECTION | AUTOMATIC FIRE SUPPRESSION',3,'PE','PHYSICAL AND ENVIRONMENTAL PROTECTION'),(522,13,'The organization ensures that the facility undergoes [Assignment: organization-defined frequency] inspections by authorized and qualified inspectors and resolves identified deficiencies within [Assignment: organization-defined time period].\n		','PE-13(4)','FIRE PROTECTION | INSPECTIONS',4,'PE','PHYSICAL AND ENVIRONMENTAL PROTECTION'),(523,14,'The organization:a. Maintains temperature and humidity levels within the facility where the information system resides at [Assignment: organization-defined acceptable levels]; and b. Monitors temperature and humidity levels [Assignment: organization-defined frequency].\n		','PE-14','TEMPERATURE AND HUMIDITY CONTROLS',0,'PE','PHYSICAL AND ENVIRONMENTAL PROTECTION'),(524,14,'The organization employs automatic temperature and humidity controls in the facility to prevent fluctuations potentially harmful to the information system.\n		','PE-14(1)','TEMPERATURE AND HUMIDITY CONTROLS | AUTOMATIC CONTROLS',1,'PE','PHYSICAL AND ENVIRONMENTAL PROTECTION'),(525,14,'The organization employs temperature and humidity monitoring that provides an alarm or notification of changes potentially harmful to personnel or equipment.\n		','PE-14(2)','TEMPERATURE AND HUMIDITY CONTROLS | MONITORING WITH ALARMS / NOTIFICATIONS',2,'PE','PHYSICAL AND ENVIRONMENTAL PROTECTION'),(526,15,'The organization protects the information system from damage resulting from water leakage by providing master shutoff or isolation valves that are accessible, working properly, and known to key personnel.\n		','PE-15','WATER DAMAGE PROTECTION',0,'PE','PHYSICAL AND ENVIRONMENTAL PROTECTION'),(527,15,'The organization employs automated mechanisms to detect the presence of water in the vicinity of the information system and alerts [Assignment: organization-defined personnel or roles].\n		','PE-15(1)','WATER DAMAGE PROTECTION | AUTOMATION SUPPORT',1,'PE','PHYSICAL AND ENVIRONMENTAL PROTECTION'),(528,16,'The organization authorizes, monitors, and controls [Assignment: organization-defined types of information system components] entering and exiting the facility and maintains records of those items.\n		','PE-16','DELIVERY AND REMOVAL',0,'PE','PHYSICAL AND ENVIRONMENTAL PROTECTION'),(529,17,'The organization: a. Employs [Assignment: organization-defined security controls] at alternate work sites; b. Assesses as feasible, the effectiveness of security controls at alternate work sites; and c. Provides a means for employees to communicate with information security personnel in case of security incidents or problems.\n		','PE-17','ALTERNATE WORK SITE',0,'PE','PHYSICAL AND ENVIRONMENTAL PROTECTION'),(530,18,'The organization positions information system components within the facility to minimize potential damage from [Assignment: organization-defined physical and environmental hazards] and to minimize the opportunity for unauthorized access.\n		','PE-18','LOCATION OF INFORMATION SYSTEM COMPONENTS',0,'PE','PHYSICAL AND ENVIRONMENTAL PROTECTION'),(531,18,'The organization plans the location or site of the facility where the information system resides with regard to physical and environmental hazards and for existing facilities, considers the physical and environmental hazards in its risk mitigation strategy.\n		','PE-18(1)','LOCATION OF INFORMATION SYSTEM COMPONENTS | FACILITY SITE',1,'PE','PHYSICAL AND ENVIRONMENTAL PROTECTION'),(532,19,'The organization protects the information system from information leakage due to electromagnetic signals emanations.\n		','PE-19','INFORMATION LEAKAGE',0,'PE','PHYSICAL AND ENVIRONMENTAL PROTECTION'),(533,19,'The organization ensures that information system components, associated data communications, and networks are protected in accordance with national emissions and TEMPEST policies and procedures based on the security category or classification of the information.\n		','PE-19(1)','INFORMATION LEAKAGE | NATIONAL EMISSIONS / TEMPEST POLICIES AND PROCEDURES',1,'PE','PHYSICAL AND ENVIRONMENTAL PROTECTION'),(534,20,'The organization: a. Employs [Assignment: organization-defined asset location technologies] to track and monitor the location and movement of [Assignment: organization-defined assets] within [Assignment: organization-defined controlled areas]; and b. Ensures that asset location technologies are employed in accordance with applicable federal laws, Executive Orders, directives, regulations, policies, standards, and guidance.\n		','PE-20','ASSET MONITORING AND TRACKING',0,'PE','PHYSICAL AND ENVIRONMENTAL PROTECTION'),(535,1,'The organization:\n			a. Develops, documents, and disseminates to [Assignment: organization-defined personnel or roles]:\n				1. A security planning policy that addresses purpose, scope, roles, responsibilities, management commitment, coordination among organizational entities, and compliance; and\n				2. Procedures to facilitate the implementation of the security planning policy and associated security planning controls; and\n			b. Reviews and updates the current:\n				1. Security planning policy [Assignment: organization-defined frequency]; and\n				2. Security planning procedures [Assignment: organization-defined frequency].\n		','PL-1','SECURITY PLANNING POLICY AND PROCEDURES',0,'PL','PLANNING'),(536,2,'The organization:\n			a. Develops a security plan for the information system that:\n				1. Is consistent with the organization’s enterprise architecture;\n				2. Explicitly defines the authorization boundary for the system;\n				3. Describes the operational context of the information system in terms of missions and business processes;\n				4. Provides the security categorization of the information system including supporting rationale;\n				5. Describes the operational environment for the information system and relationships with or connections to other information systems;\n				6. Provides an overview of the security requirements for the system;\n				7. Identifies any relevant overlays, if applicable;\n				8. Describes the security controls in place or planned for meeting those requirements including a rationale for the tailoring decisions; and\n				9. Is reviewed and approved by the authorizing official or designated representative prior to plan implementation;\n			b. Distributes copies of the security plan and communicates subsequent changes to the plan to [Assignment: organization-defined personnel or roles];\n			c. Reviews the security plan for the information system [Assignment: organization-defined frequency];\n			d. Updates the plan to address changes to the information system/environment of operation or problems identified during plan implementation or security control assessments; and\n			e. Protects the security plan from unauthorized disclosure and modification.\n		','PL-2','SYSTEM SECURITY PLAN',0,'PL','PLANNING'),(537,2,'Withdrawn: Incorporated into PL-7.\n		','PL-2(1)','SYSTEM SECURITY PLAN | CONCEPT OF OPERATIONS',1,'PL','PLANNING'),(538,2,'Withdrawn: Incorporated into PL-8.\n		','PL-2(2)','SYSTEM SECURITY PLAN | FUNCTIONAL ARCHITECTURE',2,'PL','PLANNING'),(539,2,'The organization plans and coordinates security-related activities affecting the information system with [Assignment: organization-defined individuals or groups] before conducting such activities in order to reduce the impact on other organizational entities.\n		','PL-2(3)','SYSTEM SECURITY PLAN | PLAN / COORDINATE WITH OTHER ORGANIZATIONAL ENTITIES',3,'PL','PLANNING'),(540,3,'Withdrawn: Incorporated into PL-2.\n		','PL-3','SYSTEM SECURITY PLAN UPDATE',0,'PL','PLANNING'),(541,4,'The organization:\n			a. Establishes and makes readily available to individuals requiring access to the information system, the rules that describe their responsibilities and expected behavior with regard to information and information system usage;\n			b. Receives a signed acknowledgment from such individuals, indicating that they have read, understand, and agree to abide by the rules of behavior, before authorizing access to information and the information system;\n			c. Reviews and updates the rules of behavior [Assignment: organization-defined frequency]; and\n			d. Requires individuals who have signed a previous version of the rules of behavior to read and re-sign when the rules of behavior are revised/updated.\n		','PL-4','RULES OF BEHAVIOR',0,'PL','PLANNING'),(542,4,'The organization includes in the rules of behavior, explicit restrictions on the use of social media/networking sites and posting organizational information on public websites.\n		','PL-4(1)','RULES OF BEHAVIOR | SOCIAL MEDIA AND NETWORKING RESTRICTIONS',1,'PL','PLANNING'),(543,5,'Withdrawn: Incorporated into Appendix J, AR-2.\n		','PL-5','PRIVACY IMPACT ASSESSMENT',0,'PL','PLANNING'),(544,6,'Withdrawn: Incorporated into PL-2.\n		','PL-6','SECURITY-RELATED ACTIVITY PLANNING',0,'PL','PLANNING'),(545,7,'The organization:a. Develops a security Concept of Operations (CONOPS) for the information system containing at a minimum, how the organization intends to operate the system from the perspective of information security; and b. Reviews and updates the CONOPS [Assignment: organization-defined frequency].\n		','PL-7','SECURITY CONCEPT OF OPERATIONS',0,'PL','PLANNING'),(546,8,'The organization:\n			a. Develops an information security architecture for the information system that:\n				1. Describes the overall philosophy, requirements, and approach to be taken with regard to protecting the confidentiality, integrity, and availability of organizational information;\n				2. Describes how the information security architecture is integrated into and supports the enterprise architecture; and\n				3. Describes any information security assumptions about, and dependencies on, external services;\n			b. Reviews and updates the information security architecture [Assignment: organization-defined frequency] to reflect updates in the enterprise architecture; and\n			c. Ensures that planned information security architecture changes are reflected in the security plan, the security Concept of Operations (CONOPS), and organizational procurements/acquisitions.\n		','PL-8','INFORMATION SECURITY ARCHITECTURE',0,'PL','PLANNING'),(547,8,'The organization designs its security architecture using a defense-in-depth approach that: (a) Allocates [Assignment: organization-defined security safeguards] to [Assignment: organization-defined locations and architectural layers]; and (b) Ensures that the allocated security safeguards operate in a coordinated and mutually reinforcing manner.\n		','PL-8(1)','INFORMATION SECURITY ARCHITECTURE | DEFENSE-IN-DEPTH',1,'PL','PLANNING'),(548,8,'The organization requires that [Assignment: organization-defined security safeguards] allocated to [Assignment: organization-defined locations and architectural layers] are obtained from different suppliers.\n		','PL-8(2)','INFORMATION SECURITY ARCHITECTURE | SUPPLIER DIVERSITY',2,'PL','PLANNING'),(549,9,'The organization centrally manages [Assignment: organization-defined security controls and related processes].\n		','PL-9','CENTRAL MANAGEMENT',0,'PL','PLANNING'),(550,1,'The organization:\n			a. Develops, documents, and disseminates to [Assignment: organization-defined personnel or roles]:\n				1. A personnel security policy that addresses purpose, scope, roles, responsibilities, management commitment, coordination among organizational entities, and compliance; and\n				2. Procedures to facilitate the implementation of the personnel security policy and associated personnel security controls; and\n			b. Reviews and updates the current:\n				1. Personnel security policy [Assignment: organization-defined frequency]; and\n				2. Personnel security procedures [Assignment: organization-defined frequency].\n		','PS-1','PERSONNEL SECURITY POLICY AND PROCEDURES',0,'PS','PERSONNEL SECURITY'),(551,2,'The organization: a. Assigns a risk designation to all organizational positions; b. Establishes screening criteria for individuals filling those positions; and c. Reviews and updates position risk designations [Assignment: organization-defined frequency].\n		','PS-2','POSITION RISK DESIGNATION',0,'PS','PERSONNEL SECURITY'),(552,3,'The organization: a. Screens individuals prior to authorizing access to the information system; and b. Rescreens individuals according to [Assignment: organization-defined conditions requiring rescreening and, where rescreening is so indicated, the frequency of such rescreening].\n		','PS-3','PERSONNEL SCREENING',0,'PS','PERSONNEL SECURITY'),(553,3,'The organization ensures that individuals accessing an information system processing, storing, or transmitting classified information are cleared and indoctrinated to the highest classification level of the information to which they have access on the system.\n		','PS-3(1)','PERSONNEL SCREENING | CLASSIFIED INFORMATION',1,'PS','PERSONNEL SECURITY'),(554,3,'The organization ensures that individuals accessing an information system processing, storing, or transmitting types of classified information which require formal indoctrination, are formally indoctrinated for all of the relevant types of information to which they have access on the system\n		','PS-3(2)','PERSONNEL SCREENING | FORMAL INDOCTRINATION',2,'PS','PERSONNEL SECURITY'),(555,3,'The organization ensures that individuals accessing an information system processing, storing, or transmitting information requiring special protection: (a) Have valid access authorizations that are demonstrated by assigned official government duties; and (b) Satisfy [Assignment: organization-defined additional personnel screening criteria].\n		','PS-3(3)','PERSONNEL SCREENING | INFORMATION WITH SPECIAL PROTECTION MEASURES',3,'PS','PERSONNEL SECURITY'),(556,4,'The organization, upon termination of individual employment:\n			a. Disables information system access within [Assignment: organization-defined time period];\n			b. Terminates/revokes any authenticators/credentials associated with the individual;\n			c. Conducts exit interviews that include a discussion of [Assignment: organization-defined information security topics];\n			d. Retrieves all security-related organizational information system-related property;\n			e. Retains access to organizational information and information systems formerly controlled by terminated individual; and\n			f. Notifies [Assignment: organization-defined personnel or roles] within [Assignment: organization-defined time period].\n		','PS-4','PERSONNEL TERMINATION',0,'PS','PERSONNEL SECURITY'),(557,4,'The organization: (a) Notifies terminated individuals of applicable, legally binding post-employment requirements for the protection of organizational information; and (b) Requires terminated individuals to sign an acknowledgment of post-employment requirements as part of the organizational termination process.\n		','PS-4(1)','PERSONNEL TERMINATION | POST-EMPLOYMENT REQUIREMENTS',1,'PS','PERSONNEL SECURITY'),(558,4,'The organization employs automated mechanisms to notify [Assignment: organization-defined personnel or roles] upon termination of an individual.\n		','PS-4(2)','PERSONNEL TERMINATION | AUTOMATED NOTIFICATION',2,'PS','PERSONNEL SECURITY'),(559,5,'The organization: a. Reviews and confirms ongoing operational need for current logical and physical access authorizations to information systems/facilities when individuals are reassigned or transferred to other positions within the organization; b. Initiates [Assignment: organization-defined transfer or reassignment actions] within [Assignment: organization-defined time period following the formal transfer action]; c. Modifies access authorization as needed to correspond with any changes in operational need due to reassignment or transfer; and d. Notifies [Assignment: organization-defined personnel or roles] within [Assignment: organization-defined time period].\n		','PS-5','PERSONNEL TRANSFER',0,'PS','PERSONNEL SECURITY'),(560,6,'The organization: \n			a. Develops and documents access agreements for organizational information systems;\n			b. Reviews and updates the access agreements [Assignment: organization-defined frequency]; and\n			c. Ensures that individuals requiring access to organizational information and information systems:\n				1. Sign appropriate access agreements prior to being granted access; and\n				2. Re-sign access agreements to maintain access to organizational information systems when access agreements have been updated or [Assignment: organization-defined frequency].\n		','PS-6','ACCESS AGREEMENTS',0,'PS','PERSONNEL SECURITY'),(561,6,'Withdrawn: Incorporated into PS-3.\n		','PS-6(1)','ACCESS AGREEMENTS | INFORMATION REQUIRING SPECIAL PROTECTION',1,'PS','PERSONNEL SECURITY'),(562,6,'The organization ensures that access to classified information requiring special protection is granted only to individuals who: (a) Have a valid access authorization that is demonstrated by assigned official government duties; (b) Satisfy associated personnel security criteria; and (c) Have read, understood, and signed a nondisclosure agreement.\n		','PS-6(2)','ACCESS AGREEMENTS | CLASSIFIED INFORMATION REQUIRING SPECIAL PROTECTION',2,'PS','PERSONNEL SECURITY'),(563,6,'The organization:(a) Notifies individuals of applicable, legally binding post-employment requirements for protection of organizational information; and (b) Requires individuals to sign an acknowledgment of these requirements, if applicable, as part of granting initial access to covered information.\n		','PS-6(3)','ACCESS AGREEMENTS | POST-EMPLOYMENT REQUIREMENTS',3,'PS','PERSONNEL SECURITY'),(564,7,'The organization:\n			a. Establishes personnel security requirements including security roles and responsibilities for third-party providers;\n			b. Requires third-party providers to comply with personnel security policies and procedures established by the organization;\n			c. Documents personnel security requirements;\n			d. Requires third-party providers to notify [Assignment: organization-defined personnel or roles] of any personnel transfers or terminations of third-party personnel who possess organizational credentials and/or badges, or who have information system privileges within [Assignment: organization-defined time period]; and\n			e. Monitors provider compliance.\n		','PS-7','THIRD-PARTY PERSONNEL SECURITY',0,'PS','PERSONNEL SECURITY'),(565,8,'The organization: a. Employs a formal sanctions process for individuals failing to comply with established information security policies and procedures; and b. Notifies [Assignment: organization-defined personnel or roles] within [Assignment: organization-defined time period] when a formal employee sanctions process is initiated, identifying the individual sanctioned and the reason for the sanction.\n		','PS-8','PERSONNEL SANCTIONS',0,'PS','PERSONNEL SECURITY'),(566,1,'The organization:\n			a. Develops, documents, and disseminates to [Assignment: organization-defined personnel or roles]:\n				1. A risk assessment policy that addresses purpose, scope, roles, responsibilities, management commitment, coordination among organizational entities, and compliance; and\n				2. Procedures to facilitate the implementation of the risk assessment policy and associated risk assessment controls; and\n			b. Reviews and updates the current:\n				1. Risk assessment policy [Assignment: organization-defined frequency]; and\n				2. Risk assessment procedures [Assignment: organization-defined frequency].\n		','RA-1','RISK ASSESSMENT POLICY AND PROCEDURES',0,'RA','RISK ASSESSMENT'),(567,2,'The organization: a. Categorizes information and the information system in accordance with applicable federal laws, Executive Orders, directives, policies, regulations, standards, and guidance; b. Documents the security categorization results (including supporting rationale) in the security plan for the information system; and c. Ensures that the authorizing official or authorizing official designated representative reviews and approves the security categorization decision.\n		','RA-2','SECURITY CATEGORIZATION',0,'RA','RISK ASSESSMENT'),(568,3,'The organization:\n			a. Conducts an assessment of risk, including the likelihood and magnitude of harm, from the unauthorized access, use, disclosure, disruption, modification, or destruction of the information system and the information it processes, stores, or transmits;\n			b. Documents risk assessment results in [Selection: security plan; risk assessment report; [Assignment: organization-defined document]];\n			c. Reviews risk assessment results [Assignment: organization-defined frequency];\n			d. Disseminates risk assessment results to [Assignment: organization-defined personnel or roles]; and\n			e. Updates the risk assessment [Assignment: organization-defined frequency] or whenever there are significant changes to the information system or environment of operation (including the identification of new threats and vulnerabilities), or other conditions that may impact the security state of the system.\n		','RA-3','RISK ASSESSMENT',0,'RA','RISK ASSESSMENT'),(569,4,'Withdrawn: Incorporated into RA-3.\n		','RA-4','RISK ASSESSMENT UPDATE',0,'RA','RISK ASSESSMENT'),(570,5,'The organization:\n			a. Scans for vulnerabilities in the information system and hosted applications [Assignment: organization-defined frequency and/or randomly in accordance with organization-defined process] and when new vulnerabilities potentially affecting the system/applications are identified and reported;\n			b. Employs vulnerability scanning tools and techniques that facilitate interoperability among tools and automate parts of the vulnerability management process by using standards for:\n				1. Enumerating platforms, software flaws, and improper configurations;\n				2. Formatting checklists and test procedures; and\n				3. Measuring vulnerability impact;\n			c. Analyzes vulnerability scan reports and results from security control assessments;\n			d. Remediates legitimate vulnerabilities [Assignment: organization-defined response times] in accordance with an organizational assessment of risk; and\n			e. Shares information obtained from the vulnerability scanning process and security control assessments with [Assignment: organization-defined personnel or roles] to help eliminate similar vulnerabilities in other information systems (i.e., systemic weaknesses or deficiencies).\n		','RA-5','VULNERABILITY SCANNING',0,'RA','RISK ASSESSMENT'),(571,5,'The organization employs vulnerability scanning tools that include the capability to readily update the information system vulnerabilities to be scanned.\n		','RA-5(1)','VULNERABILITY SCANNING | UPDATE TOOL CAPABILITY',1,'RA','RISK ASSESSMENT'),(572,5,'The organization updates the information system vulnerabilities scanned [Selection (one or more): [Assignment: organization-defined frequency]; prior to a new scan; when new vulnerabilities are identified and reported].\n		','RA-5(2)','VULNERABILITY SCANNING | UPDATE BY FREQUENCY / PRIOR TO NEW SCAN / WHEN IDENTIFIED',2,'RA','RISK ASSESSMENT'),(573,5,'The organization employs vulnerability scanning procedures that can identify the breadth and depth of coverage (i.e., information system components scanned and vulnerabilities checked).\n		','RA-5(3)','VULNERABILITY SCANNING | BREADTH / DEPTH OF COVERAGE',3,'RA','RISK ASSESSMENT'),(574,5,'The organization determines what information about the information system is discoverable by adversaries and subsequently takes [Assignment: organization-defined corrective actions].\n		','RA-5(4)','VULNERABILITY SCANNING | DISCOVERABLE INFORMATION',4,'RA','RISK ASSESSMENT'),(575,5,'The information system implements privileged access authorization to [Assignment: organization-identified information system components] for selected [Assignment: organization-defined vulnerability scanning activities].\n		','RA-5(5)','VULNERABILITY SCANNING | PRIVILEGED ACCESS',5,'RA','RISK ASSESSMENT'),(576,5,'The organization employs automated mechanisms to compare the results of vulnerability scans over time to determine trends in information system vulnerabilities.\n		','RA-5(6)','VULNERABILITY SCANNING | AUTOMATED TREND ANALYSES',6,'RA','RISK ASSESSMENT'),(577,5,'Withdrawn: Incorporated into CM-8.\n		','RA-5(7)','VULNERABILITY SCANNING | AUTOMATED DETECTION AND NOTIFICATION OF UNAUTHORIZED COMPONENTS',7,'RA','RISK ASSESSMENT'),(578,5,'The organization reviews historic audit logs to determine if a vulnerability identified in the information system has been previously exploited.\n		','RA-5(8)','VULNERABILITY SCANNING | REVIEW HISTORIC AUDIT LOGS',8,'RA','RISK ASSESSMENT'),(579,5,'Withdrawn: Incorporated into CA-8.\n		','RA-5(9)','VULNERABILITY SCANNING | PENETRATION TESTING AND ANALYSES',9,'RA','RISK ASSESSMENT'),(580,5,'The organization correlates the output from vulnerability scanning tools to determine the presence of multi-vulnerability/multi-hop attack vectors.\n		','RA-5(10)','VULNERABILITY SCANNING | CORRELATE SCANNING INFORMATION',10,'RA','RISK ASSESSMENT'),(581,6,'The organization employs a technical surveillance countermeasures survey at [Assignment: organization-defined locations] [Selection (one or more): [Assignment: organization-defined frequency]; [Assignment: organization-defined events or indicators occur]].\n		','RA-6','TECHNICAL SURVEILLANCE COUNTERMEASURES SURVEY',0,'RA','RISK ASSESSMENT'),(582,1,'The organization:\n			a. Develops, documents, and disseminates to [Assignment: organization-defined personnel or roles]:\n				1. A system and services acquisition policy that addresses purpose, scope, roles, responsibilities, management commitment, coordination among organizational entities, and compliance; and\n				2. Procedures to facilitate the implementation of the system and services acquisition policy and associated system and services acquisition controls; and\n			b. Reviews and updates the current:\n				1. System and services acquisition policy [Assignment: organization-defined frequency]; and\n				2. System and services acquisition procedures [Assignment: organization-defined frequency].\n		','SA-1','SYSTEM AND SERVICES ACQUISITION POLICY AND PROCEDURES',0,'SA','SYSTEM AND SERVICES ACQUISITION'),(583,2,'The organization: a. Determines information security requirements for the information system or information system service in mission/business process planning; b. Determines, documents, and allocates the resources required to protect the information system or information system service as part of its capital planning and investment control process; and c. Establishes a discrete line item for information security in organizational programming and budgeting documentation.\n		','SA-2','ALLOCATION OF RESOURCES',0,'SA','SYSTEM AND SERVICES ACQUISITION'),(584,3,'The organization: a. Manages the information system using [Assignment: organization-defined system development life cycle] that incorporates information security considerations; b. Defines and documents information security roles and responsibilities throughout the system development life cycle; c. Identifies individuals having information security roles and responsibilities; and d. Integrates the organizational information security risk management process into system development life cycle activities.\n		','SA-3','SYSTEM DEVELOPMENT LIFE CYCLE',0,'SA','SYSTEM AND SERVICES ACQUISITION'),(585,4,'The organization includes the following requirements, descriptions, and criteria, explicitly or by reference, in the acquisition contract for the information system, system component, or information system service in accordance with applicable federal laws, Executive Orders, directives, policies, regulations, standards, guidelines, and organizational mission/business needs:a. Security functional requirements; b. Security strength requirements; c. Security assurance requirements; d. Security-related documentation requirements; e. Requirements for protecting security-related documentation; f. Description of the information system development environment and environment in which the system is intended to operate; and g. Acceptance criteria.\n		','SA-4','ACQUISITION PROCESS',0,'SA','SYSTEM AND SERVICES ACQUISITION'),(586,4,'The organization requires the developer of the information system, system component, or information system service to provide a description of the functional properties of the security controls to be employed.\n		','SA-4(1)','ACQUISITION PROCESS | FUNCTIONAL PROPERTIES OF SECURITY CONTROLS',1,'SA','SYSTEM AND SERVICES ACQUISITION'),(587,4,'The organization requires the developer of the information system, system component, or information system service to provide design and implementation information for the security controls to be employed that includes: [Selection (one or more): security-relevant external system interfaces; high-level design; low-level design; source code or hardware schematics; [Assignment: organization-defined design/implementation information]] at [Assignment: organization-defined level of detail].\n		','SA-4(2)','ACQUISITION PROCESS | DESIGN / IMPLEMENTATION INFORMATION FOR SECURITY CONTROLS',2,'SA','SYSTEM AND SERVICES ACQUISITION'),(588,4,'The organization requires the developer of the information system, system component, or information system service to demonstrate the use of a system development life cycle that includes [Assignment: organization-defined state-of-the-practice system/security engineering methods, software development methods, testing/evaluation/validation techniques, and quality control processes].\n		','SA-4(3)','ACQUISITION PROCESS | DEVELOPMENT METHODS / TECHNIQUES / PRACTICES',3,'SA','SYSTEM AND SERVICES ACQUISITION'),(589,4,'Withdrawn: Incorporated into CM-8 (9).\n		','SA-4(4)','ACQUISITION PROCESS | ASSIGNMENT OF COMPONENTS TO SYSTEMS',4,'SA','SYSTEM AND SERVICES ACQUISITION'),(590,4,'The organization requires the developer of the information system, system component, or information system service to: (a) Deliver the system, component, or service with [Assignment: organization-defined security configurations] implemented; and (b) Use the configurations as the default for any subsequent system, component, or service reinstallation or upgrade.\n		','SA-4(5)','ACQUISITION PROCESS | SYSTEM / COMPONENT / SERVICE CONFIGURATIONS',5,'SA','SYSTEM AND SERVICES ACQUISITION'),(591,4,'The organization: (a) Employs only government off-the-shelf (GOTS) or commercial off-the-shelf (COTS) information assurance (IA) and IA-enabled information technology products that compose an NSA-approved solution to protect classified information when the networks used to transmit the information are at a lower classification level than the information being transmitted; and (b) Ensures that these products have been evaluated and/or validated by NSA or in accordance with NSA-approved procedures.\n		','SA-4(6)','ACQUISITION PROCESS | USE OF INFORMATION ASSURANCE PRODUCTS',6,'SA','SYSTEM AND SERVICES ACQUISITION'),(592,4,'The organization: (a) Limits the use of commercially provided information assurance (IA) and IA-enabled information technology products to those products that have been successfully evaluated against a National Information Assurance partnership (NIAP)-approved Protection Profile for a specific technology type, if such a profile exists; and (b) Requires, if no NIAP-approved Protection Profile exists for a specific technology type but a commercially provided information technology product relies on cryptographic functionality to enforce its security policy, that the cryptographic module is FIPS-validated.\n		','SA-4(7)','ACQUISITION PROCESS | NIAP-APPROVED PROTECTION PROFILES',7,'SA','SYSTEM AND SERVICES ACQUISITION'),(593,4,'The organization requires the developer of the information system, system component, or information system service to produce a plan for the continuous monitoring of security control effectiveness that contains [Assignment: organization-defined level of detail].\n		','SA-4(8)','ACQUISITION PROCESS | CONTINUOUS MONITORING PLAN',8,'SA','SYSTEM AND SERVICES ACQUISITION'),(594,4,'The organization requires the developer of the information system, system component, or information system service to identify early in the system development life cycle, the functions, ports, protocols, and services intended for organizational use.\n		','SA-4(9)','ACQUISITION PROCESS | FUNCTIONS / PORTS / PROTOCOLS / SERVICES IN USE',9,'SA','SYSTEM AND SERVICES ACQUISITION'),(595,4,'The organization employs only information technology products on the FIPS 201-approved products list for Personal Identity Verification (PIV) capability implemented within organizational information systems.\n		','SA-4(10)','ACQUISITION PROCESS | USE OF APPROVED PIV PRODUCTS',10,'SA','SYSTEM AND SERVICES ACQUISITION'),(596,5,'The organization:\n			a. Obtains administrator documentation for the information system, system component, or information system service that describes:\n				1. Secure configuration, installation, and operation of the system, component, or service;\n				2. Effective use and maintenance of security functions/mechanisms; and\n				3. Known vulnerabilities regarding configuration and use of administrative (i.e., privileged) functions;\n			b. Obtains user documentation for the information system, system component, or information system service that describes:\n				1. User-accessible security functions/mechanisms and how to effectively use those security functions/mechanisms;\n				2. Methods for user interaction, which enables individuals to use the system, component, or service in a more secure manner; and\n				3. User responsibilities in maintaining the security of the system, component, or service;\n			c. Documents attempts to obtain information system, system component, or information system service documentation when such documentation is either unavailable or nonexistent and takes [Assignment: organization-defined actions] in response;\n			d. Protects documentation as required, in accordance with the risk management strategy; and\n			e. Distributes documentation to [Assignment: organization-defined personnel or roles].\n		','SA-5','INFORMATION SYSTEM DOCUMENTATION',0,'SA','SYSTEM AND SERVICES ACQUISITION'),(597,5,'Withdrawn: Incorporated into SA-4 (1).\n		','SA-5(1)','INFORMATION SYSTEM DOCUMENTATION | FUNCTIONAL PROPERTIES OF SECURITY CONTROLS',1,'SA','SYSTEM AND SERVICES ACQUISITION'),(598,5,'Withdrawn: Incorporated into SA-4 (2).\n		','SA-5(2)','INFORMATION SYSTEM DOCUMENTATION | SECURITY-RELEVANT EXTERNAL SYSTEM INTERFACES',2,'SA','SYSTEM AND SERVICES ACQUISITION'),(599,5,'Withdrawn: Incorporated into SA-4 (2).\n		','SA-5(3)','INFORMATION SYSTEM DOCUMENTATION | HIGH-LEVEL DESIGN',3,'SA','SYSTEM AND SERVICES ACQUISITION'),(600,5,'Withdrawn: Incorporated into SA-4 (2).\n		','SA-5(4)','INFORMATION SYSTEM DOCUMENTATION | LOW-LEVEL DESIGN',4,'SA','SYSTEM AND SERVICES ACQUISITION'),(601,5,'Withdrawn: Incorporated into SA-4 (2).\n		','SA-5(5)','INFORMATION SYSTEM DOCUMENTATION | SOURCE CODE',5,'SA','SYSTEM AND SERVICES ACQUISITION'),(602,6,'Withdrawn: Incorporated into CM-10 and SI-7.\n		','SA-6','SOFTWARE USAGE RESTRICTIONS',0,'SA','SYSTEM AND SERVICES ACQUISITION'),(603,7,'Withdrawn: Incorporated into CM-11 and SI-7.\n		','SA-7','USER-INSTALLED SOFTWARE',0,'SA','SYSTEM AND SERVICES ACQUISITION'),(604,8,'The organization applies information system security engineering principles in the specification, design, development, implementation, and modification of the information system.\n		','SA-8','SECURITY ENGINEERING PRINCIPLES',0,'SA','SYSTEM AND SERVICES ACQUISITION'),(605,9,'The organization: a. Requires that providers of external information system services comply with organizational information security requirements and employ [Assignment: organization-defined security controls] in accordance with applicable federal laws, Executive Orders, directives, policies, regulations, standards, and guidance; b. Defines and documents government oversight and user roles and responsibilities with regard to external information system services; and c. Employs [Assignment: organization-defined processes, methods, and techniques] to monitor security control compliance by external service providers on an ongoing basis.\n		','SA-9','EXTERNAL INFORMATION SYSTEM SERVICES',0,'SA','SYSTEM AND SERVICES ACQUISITION'),(606,9,'The organization: (a) Conducts an organizational assessment of risk prior to the acquisition or outsourcing of dedicated information security services; and (b) Ensures that the acquisition or outsourcing of dedicated information security services is approved by [Assignment: organization-defined personnel or roles].\n		','SA-9(1)','EXTERNAL INFORMATION SYSTEMS | RISK ASSESSMENTS / ORGANIZATIONAL APPROVALS',1,'SA','SYSTEM AND SERVICES ACQUISITION'),(607,9,'The organization requires providers of [Assignment: organization-defined external information system services] to identify the functions, ports, protocols, and other services required for the use of such services.\n		','SA-9(2)','EXTERNAL INFORMATION SYSTEMS | IDENTIFICATION OF FUNCTIONS / PORTS / PROTOCOLS / SERVICES',2,'SA','SYSTEM AND SERVICES ACQUISITION'),(608,9,'The organization establishes, documents, and maintains trust relationships with external service providers based on [Assignment: organization-defined security requirements, properties, factors, or conditions defining acceptable trust relationships].\n		','SA-9(3)','EXTERNAL INFORMATION SYSTEMS | ESTABLISH / MAINTAIN TRUST RELATIONSHIP WITH PROVIDERS',3,'SA','SYSTEM AND SERVICES ACQUISITION'),(609,9,'The organization employs [Assignment: organization-defined security safeguards] to ensure that the interests of [Assignment: organization-defined external service providers] are consistent with and reflect organizational interests.\n		','SA-9(4)','EXTERNAL INFORMATION SYSTEMS | CONSISTENT INTERESTS OF CONSUMERS AND PROVIDERS',4,'SA','SYSTEM AND SERVICES ACQUISITION'),(610,9,'The organization restricts the location of [Selection (one or more): information processing; information/data; information system services] to [Assignment: organization-defined locations] based on [Assignment: organization-defined requirements or conditions].\n		','SA-9(5)','EXTERNAL INFORMATION SYSTEMS | PROCESSING, STORAGE, AND SERVICE LOCATION',5,'SA','SYSTEM AND SERVICES ACQUISITION'),(611,10,'The organization requires the developer of the information system, system component, or information system service to:\n			a. Perform configuration management during system, component, or service [Selection (one or more): design; development; implementation; operation];\n			b. Document, manage, and control the integrity of changes to [Assignment: organization-defined configuration items under configuration management];\n			c. Implement only organization-approved changes to the system, component, or service;\n			d. Document approved changes to the system, component, or service and the potential security impacts of such changes; and\n			e. Track security flaws and flaw resolution within the system, component, or service and report findings to [Assignment: organization-defined personnel].\n		','SA-10','DEVELOPER CONFIGURATION MANAGEMENT',0,'SA','SYSTEM AND SERVICES ACQUISITION'),(612,10,'The organization requires the developer of the information system, system component, or information system service to enable integrity verification of software and firmware components.\n		','SA-10(1)','DEVELOPER CONFIGURATION MANAGEMENT | SOFTWARE / FIRMWARE INTEGRITY VERIFICATION',1,'SA','SYSTEM AND SERVICES ACQUISITION'),(613,10,'The organization provides an alternate configuration management process using organizational personnel in the absence of a dedicated developer configuration management team.\n		','SA-10(2)','DEVELOPER CONFIGURATION MANAGEMENT | ALTERNATIVE CONFIGURATION MANAGEMENT PROCESSES',2,'SA','SYSTEM AND SERVICES ACQUISITION'),(614,10,'The organization requires the developer of the information system, system component, or information system service to enable integrity verification of hardware components.\n		','SA-10(3)','DEVELOPER CONFIGURATION MANAGEMENT | HARDWARE INTEGRITY VERIFICATION',3,'SA','SYSTEM AND SERVICES ACQUISITION'),(615,10,'The organization requires the developer of the information system, system component, or information system service to employ tools for comparing newly generated versions of security-relevant hardware descriptions and software/firmware source and object code with previous versions.\n		','SA-10(4)','DEVELOPER CONFIGURATION MANAGEMENT | TRUSTED GENERATION',4,'SA','SYSTEM AND SERVICES ACQUISITION'),(616,10,'The organization requires the developer of the information system, system component, or information system service to maintain the integrity of the mapping between the master build data (hardware drawings and software/firmware code) describing the current version of security-relevant hardware, software, and firmware and the on-site master copy of the data for the current version.\n		','SA-10(5)','DEVELOPER CONFIGURATION MANAGEMENT | MAPPING INTEGRITY FOR VERSION CONTROL',5,'SA','SYSTEM AND SERVICES ACQUISITION'),(617,10,'The organization requires the developer of the information system, system component, or information system service to execute procedures for ensuring that security-relevant hardware, software, and firmware updates distributed to the organization are exactly as specified by the master copies.\n		','SA-10(6)','DEVELOPER CONFIGURATION MANAGEMENT | TRUSTED DISTRIBUTION',6,'SA','SYSTEM AND SERVICES ACQUISITION'),(618,11,'The organization requires the developer of the information system, system component, or information system service to:\n			a. Create and implement a security assessment plan;\n			b. Perform [Selection (one or more): unit; integration; system; regression] testing/evaluation at [Assignment: organization-defined depth and coverage];\n			c. Produce evidence of the execution of the security assessment plan and the results of the security testing/evaluation;\n			d. Implement a verifiable flaw remediation process; and\n			e. Correct flaws identified during security testing/evaluation.\n		','SA-11','DEVELOPER SECURITY TESTING AND EVALUATION',0,'SA','SYSTEM AND SERVICES ACQUISITION'),(619,11,'The organization requires the developer of the information system, system component, or information system service to employ static code analysis tools to identify common flaws and document the results of the analysis.\n		','SA-11(1)','DEVELOPER SECURITY TESTING AND EVALUATION | STATIC CODE ANALYSIS',1,'SA','SYSTEM AND SERVICES ACQUISITION'),(620,11,'The organization requires the developer of the information system, system component, or information system service to perform threat and vulnerability analyses and subsequent testing/evaluation of the as-built system, component, or service.\n		','SA-11(2)','DEVELOPER SECURITY TESTING AND EVALUATION | THREAT AND VULNERABILITY ANALYSES',2,'SA','SYSTEM AND SERVICES ACQUISITION'),(621,11,'The organization: (a) Requires an independent agent satisfying [Assignment: organization-defined independence criteria] to verify the correct implementation of the developer security assessment plan and the evidence produced during security testing/evaluation; and (b) Ensures that the independent agent is either provided with sufficient information to complete the verification process or granted the authority to obtain such information.\n		','SA-11(3)','DEVELOPER SECURITY TESTING AND EVALUATION | INDEPENDENT VERIFICATION OF ASSESSMENT PLANS / EVIDENCE',3,'SA','SYSTEM AND SERVICES ACQUISITION'),(622,11,'The organization requires the developer of the information system, system component, or information system service to perform a manual code review of [Assignment: organization-defined specific code] using [Assignment: organization-defined processes, procedures, and/or techniques].\n		','SA-11(4)','DEVELOPER SECURITY TESTING AND EVALUATION | MANUAL CODE REVIEWS',4,'SA','SYSTEM AND SERVICES ACQUISITION'),(623,11,'The organization requires the developer of the information system, system component, or information system service to perform penetration testing at [Assignment: organization-defined breadth/depth] and with [Assignment: organization-defined constraints].\n		','SA-11(5)','DEVELOPER SECURITY TESTING AND EVALUATION | PENETRATION TESTING',5,'SA','SYSTEM AND SERVICES ACQUISITION'),(624,11,'The organization requires the developer of the information system, system component, or information system service to perform attack surface reviews.\n		','SA-11(6)','DEVELOPER SECURITY TESTING AND EVALUATION | ATTACK SURFACE REVIEWS',6,'SA','SYSTEM AND SERVICES ACQUISITION'),(625,11,'The organization requires the developer of the information system, system component, or information system service to verify that the scope of security testing/evaluation provides complete coverage of required security controls at [Assignment: organization-defined depth of testing/evaluation].\n		','SA-11(7)','DEVELOPER SECURITY TESTING AND EVALUATION | VERIFY SCOPE OF TESTING / EVALUATION',7,'SA','SYSTEM AND SERVICES ACQUISITION'),(626,11,'The organization requires the developer of the information system, system component, or information system service to employ dynamic code analysis tools to identify common flaws and document the results of the analysis.\n		','SA-11(8)','DEVELOPER SECURITY TESTING AND EVALUATION | DYNAMIC CODE ANALYSIS',8,'SA','SYSTEM AND SERVICES ACQUISITION'),(627,12,'The organization protects against supply chain threats to the information system, system component, or information system service by employing [Assignment: organization-defined security safeguards] as part of a comprehensive, defense-in-breadth information security strategy.\n		','SA-12','SUPPLY CHAIN PROTECTION',0,'SA','SYSTEM AND SERVICES ACQUISITION'),(628,12,'The organization employs [Assignment: organization-defined tailored acquisition strategies, contract tools, and procurement methods] for the purchase of the information system, system component, or information system service from suppliers.\n		','SA-12(1)','SUPPLY CHAIN PROTECTION | ACQUISITION STRATEGIES / TOOLS / METHODS',1,'SA','SYSTEM AND SERVICES ACQUISITION'),(629,12,'The organization conducts a supplier review prior to entering into a contractual agreement to acquire the information system, system component, or information system service.\n		','SA-12(2)','SUPPLY CHAIN PROTECTION | SUPPLIER REVIEWS',2,'SA','SYSTEM AND SERVICES ACQUISITION'),(630,12,'Withdrawn: Incorporated into SA-12 (1).\n		','SA-12(3)','SUPPLY CHAIN PROTECTION | TRUSTED SHIPPING AND WAREHOUSING',3,'SA','SYSTEM AND SERVICES ACQUISITION'),(631,12,'Withdrawn: Incorporated into SA-12 (13).\n		','SA-12(4)','SUPPLY CHAIN PROTECTION | DIVERSITY OF SUPPLIERS',4,'SA','SYSTEM AND SERVICES ACQUISITION'),(632,12,'The organization employs [Assignment: organization-defined security safeguards] to limit harm from potential adversaries identifying and targeting the organizational supply chain.\n		','SA-12(5)','SUPPLY CHAIN PROTECTION | LIMITATION OF HARM',5,'SA','SYSTEM AND SERVICES ACQUISITION'),(633,12,'Withdrawn: Incorporated into SA-12 (1).\n		','SA-12(6)','SUPPLY CHAIN PROTECTION | MINIMIZING PROCUREMENT TIME',6,'SA','SYSTEM AND SERVICES ACQUISITION'),(634,12,'The organization conducts an assessment of the information system, system component, or information system service prior to selection, acceptance, or update.\n		','SA-12(7)','SUPPLY CHAIN PROTECTION | ASSESSMENTS PRIOR TO SELECTION / ACCEPTANCE / UPDATE',7,'SA','SYSTEM AND SERVICES ACQUISITION'),(635,12,'The organization uses all-source intelligence analysis of suppliers and potential suppliers of the information system, system component, or information system service.\n		','SA-12(8)','SUPPLY CHAIN PROTECTION | USE OF ALL-SOURCE INTELLIGENCE',8,'SA','SYSTEM AND SERVICES ACQUISITION'),(636,12,'The organization employs [Assignment: organization-defined Operations Security (OPSEC) safeguards] in accordance with classification guides to protect supply chain-related information for the information system, system component, or information system service.\n		','SA-12(9)','SUPPLY CHAIN PROTECTION | OPERATIONS SECURITY',9,'SA','SYSTEM AND SERVICES ACQUISITION'),(637,12,'The organization employs [Assignment: organization-defined security safeguards] to validate that the information system or system component received is genuine and has not been altered.\n		','SA-12(10)','SUPPLY CHAIN PROTECTION | VALIDATE AS GENUINE AND NOT ALTERED',10,'SA','SYSTEM AND SERVICES ACQUISITION'),(638,12,'The organization employs [Selection (one or more): organizational analysis, independent third-party analysis, organizational penetration testing, independent third-party penetration testing] of [Assignment: organization-defined supply chain elements, processes, and actors] associated with the information system, system component, or information system service.\n		','SA-12(11)','SUPPLY CHAIN PROTECTION | PENETRATION TESTING / ANALYSIS OF ELEMENTS, PROCESSES, AND ACTORS',11,'SA','SYSTEM AND SERVICES ACQUISITION'),(639,12,'The organization establishes inter-organizational agreements and procedures with entities involved in the supply chain for the information system, system component, or information system service.\n		','SA-12(12)','SUPPLY CHAIN PROTECTION | INTER-ORGANIZATIONAL AGREEMENTS',12,'SA','SYSTEM AND SERVICES ACQUISITION'),(640,12,'The organization employs [Assignment: organization-defined security safeguards] to ensure an adequate supply of [Assignment: organization-defined critical information system components].\n		','SA-12(13)','SUPPLY CHAIN PROTECTION | CRITICAL INFORMATION SYSTEM COMPONENTS',13,'SA','SYSTEM AND SERVICES ACQUISITION'),(641,12,'The organization establishes and retains unique identification of [Assignment: organization-defined supply chain elements, processes, and actors] for the information system, system component, or information system service.\n		','SA-12(14)','SUPPLY CHAIN PROTECTION | IDENTITY AND TRACEABILITY',14,'SA','SYSTEM AND SERVICES ACQUISITION'),(642,12,'The organization establishes a process to address weaknesses or deficiencies in supply chain elements identified during independent or organizational assessments of such elements.\n		','SA-12(15)','SUPPLY CHAIN PROTECTION | PROCESSES TO ADDRESS WEAKNESSES OR DEFICIENCIES',15,'SA','SYSTEM AND SERVICES ACQUISITION'),(643,13,'The organization: a. Describes the trustworthiness required in the [Assignment: organization-defined information system, information system component, or information system service] supporting its critical missions/business functions; and b. Implements [Assignment: organization-defined assurance overlay] to achieve such trustworthiness.\n		','SA-13','TRUSTWORTHINESS',0,'SA','SYSTEM AND SERVICES ACQUISITION'),(644,14,'The organization identifies critical information system components and functions by performing a criticality analysis for [Assignment: organization-defined information systems, information system components, or information system services] at [Assignment: organization-defined decision points in the system development life cycle].\n		','SA-14','CRITICALITY ANALYSIS',0,'SA','SYSTEM AND SERVICES ACQUISITION'),(645,15,'The organization:\n			a. Requires the developer of the information system, system component, or information system service to follow a documented development process that:\n				1. Explicitly addresses security requirements;\n				2. Identifies the standards and tools used in the development process;\n				3. Documents the specific tool options and tool configurations used in the development process; and\n				4. Documents, manages, and ensures the integrity of changes to the process and/or tools used in development; and\n			b. Reviews the development process, standards, tools, and tool options/configurations [Assignment: organization-defined frequency] to determine if the process, standards, tools, and tool options/configurations selected and employed can satisfy [Assignment: organization-defined security requirements].\n		','SA-15','DEVELOPMENT PROCESS, STANDARDS, AND TOOLS',0,'SA','SYSTEM AND SERVICES ACQUISITION'),(646,15,'The organization requires the developer of the information system, system component, or information system service to: (a) Define quality metrics at the beginning of the development process; and (b) Provide evidence of meeting the quality metrics [Selection (one or more): [Assignment: organization-defined frequency]; [Assignment: organization-defined program review milestones]; upon delivery].\n		','SA-15(1)','DEVELOPMENT PROCESS, STANDARDS, AND TOOLS | QUALITY METRICS',1,'SA','SYSTEM AND SERVICES ACQUISITION'),(647,15,'The organization requires the developer of the information system, system component, or information system service to select and employ a security tracking tool for use during the development process.\n		','SA-15(2)','DEVELOPMENT PROCESS, STANDARDS, AND TOOLS | SECURITY TRACKING TOOLS',2,'SA','SYSTEM AND SERVICES ACQUISITION'),(648,15,'The organization requires the developer of the information system, system component, or information system service to perform a criticality analysis at [Assignment: organization-defined breadth/depth] and at [Assignment: organization-defined decision points in the system development life cycle].\n		','SA-15(3)','DEVELOPMENT PROCESS, STANDARDS, AND TOOLS | CRITICALITY ANALYSIS',3,'SA','SYSTEM AND SERVICES ACQUISITION'),(649,15,'The organization requires that developers perform threat modeling and a vulnerability analysis for the information system at [Assignment: organization-defined breadth/depth] that: (a) Uses [Assignment: organization-defined information concerning impact, environment of operations, known or assumed threats, and acceptable risk levels]; (b) Employs [Assignment: organization-defined tools and methods]; and (c) Produces evidence that meets [Assignment: organization-defined acceptance criteria].\n		','SA-15(4)','DEVELOPMENT PROCESS, STANDARDS, AND TOOLS | THREAT MODELING / VULNERABILITY ANALYSIS',4,'SA','SYSTEM AND SERVICES ACQUISITION'),(650,15,'The organization requires the developer of the information system, system component, or information system service to reduce attack surfaces to [Assignment: organization-defined thresholds].\n		','SA-15(5)','DEVELOPMENT PROCESS, STANDARDS, AND TOOLS | ATTACK SURFACE REDUCTION',5,'SA','SYSTEM AND SERVICES ACQUISITION'),(651,15,'The organization requires the developer of the information system, system component, or information system service to implement an explicit process to continuously improve the development process.\n		','SA-15(6)','DEVELOPMENT PROCESS, STANDARDS, AND TOOLS | CONTINUOUS IMPROVEMENT',6,'SA','SYSTEM AND SERVICES ACQUISITION'),(652,15,'The organization requires the developer of the information system, system component, or information system service to: (a) Perform an automated vulnerability analysis using [Assignment: organization-defined tools]; (b) Determine the exploitation potential for discovered vulnerabilities; (c) Determine potential risk mitigations for delivered vulnerabilities; and (d) Deliver the outputs of the tools and results of the analysis to [Assignment: organization-defined personnel or roles].		\n		','SA-15(7)','DEVELOPMENT PROCESS, STANDARDS, AND TOOLS | AUTOMATED VULNERABILITY ANALYSIS',7,'SA','SYSTEM AND SERVICES ACQUISITION'),(653,15,'The organization requires the developer of the information system, system component, or information system service to use threat modeling and vulnerability analyses from similar systems, components, or services to inform the current development process.\n		','SA-15(8)','DEVELOPMENT PROCESS, STANDARDS, AND TOOLS | REUSE OF THREAT / VULNERABILITY INFORMATION',8,'SA','SYSTEM AND SERVICES ACQUISITION'),(654,15,'The organization approves, documents, and controls the use of live data in development and test environments for the information system, system component, or information system service.\n		','SA-15(9)','DEVELOPMENT PROCESS, STANDARDS, AND TOOLS | USE OF LIVE DATA',9,'SA','SYSTEM AND SERVICES ACQUISITION'),(655,15,'The organization requires the developer of the information system, system component, or information system service to provide an incident response plan.\n		','SA-15(10)','DEVELOPMENT PROCESS, STANDARDS, AND TOOLS | INCIDENT RESPONSE PLAN',10,'SA','SYSTEM AND SERVICES ACQUISITION'),(656,15,'The organization requires the developer of the information system or system component to archive the system or component to be released or delivered together with the corresponding evidence supporting the final security review.\n		','SA-15(11)','DEVELOPMENT PROCESS, STANDARDS, AND TOOLS | ARCHIVE INFORMATION SYSTEM / COMPONENT',11,'SA','SYSTEM AND SERVICES ACQUISITION'),(657,16,'The organization requires the developer of the information system, system component, or information system service to provide [Assignment: organization-defined training] on the correct use and operation of the implemented security functions, controls, and/or mechanisms.\n		','SA-16','DEVELOPER-PROVIDED TRAINING',0,'SA','SYSTEM AND SERVICES ACQUISITION'),(658,17,'The organization requires the developer of the information system, system component, or information system service to produce a design specification and security architecture that: a. Is consistent with and supportive of the organization’s security architecture which is established within and is an integrated part of the organization’s enterprise architecture; b. Accurately and completely describes the required security functionality, and the allocation of security controls among physical and logical components; and c. Expresses how individual security functions, mechanisms, and services work together to provide required security capabilities and a unified approach to protection.\n		','SA-17','DEVELOPER SECURITY ARCHITECTURE AND DESIGN',0,'SA','SYSTEM AND SERVICES ACQUISITION'),(659,17,'The organization requires the developer of the information system, system component, or information system service to: (a) Produce, as an integral part of the development process, a formal policy model describing the [Assignment: organization-defined elements of organizational security policy] to be enforced; and (b) Prove that the formal policy model is internally consistent and sufficient to enforce the defined elements of the organizational security policy when implemented. \n		','SA-17(1)','DEVELOPER SECURITY ARCHITECTURE AND DESIGN | FORMAL POLICY MODEL',1,'SA','SYSTEM AND SERVICES ACQUISITION'),(660,17,'The organization requires the developer of the information system, system component, or information system service to: (a) Define security-relevant hardware, software, and firmware; and (b) Provide a rationale that the definition for security-relevant hardware, software, and firmware is complete.\n		','SA-17(2)','DEVELOPER SECURITY ARCHITECTURE AND DESIGN | SECURITY-RELEVANT COMPONENTS',2,'SA','SYSTEM AND SERVICES ACQUISITION'),(661,17,'The organization requires the developer of the information system, system component, or information system service to:\n			(a) Produce, as an integral part of the development process, a formal top-level specification that specifies the interfaces to security-relevant hardware, software, and firmware in terms of exceptions, error messages, and effects;\n			(b) Show via proof to the extent feasible with additional informal demonstration as necessary, that the formal top-level specification is consistent with the formal policy model;\n			(c) Show via informal demonstration, that the formal top-level specification completely covers the interfaces to security-relevant hardware, software, and firmware;\n			(d) Show that the formal top-level specification is an accurate description of the implemented security-relevant hardware, software, and firmware; and\n			(e) Describe the security-relevant hardware, software, and firmware mechanisms not addressed in the formal top-level specification but strictly internal to the security-relevant hardware, software, and firmware.\n		','SA-17(3)','DEVELOPER SECURITY ARCHITECTURE AND DESIGN | FORMAL CORRESPONDENCE',3,'SA','SYSTEM AND SERVICES ACQUISITION'),(662,17,'The organization requires the developer of the information system, system component, or information system service to:(a) Produce, as an integral part of the development process, an informal descriptive top-level specification that specifies the interfaces to security-relevant hardware, software, and firmware in terms of exceptions, error messages, and effects;			(b) Show via [Selection: informal demonstration, convincing argument with formal methods as feasible] that the descriptive top-level specification is consistent with the formal policy model;			(c) Show via informal demonstration, that the descriptive top-level specification completely covers the interfaces to security-relevant hardware, software, and firmware;			(d) Show that the descriptive top-level specification is an accurate description of the interfaces to security-relevant hardware, software, and firmware; and			(e) Describe the security-relevant hardware, software, and firmware mechanisms not addressed in the descriptive top-level specification but strictly internal to the security-relevant hardware, software, and firmware.\n		','SA-17(4)','DEVELOPER SECURITY ARCHITECTURE AND DESIGN | INFORMAL CORRESPONDENCE',4,'SA','SYSTEM AND SERVICES ACQUISITION'),(663,17,'The organization requires the developer of the information system, system component, or information system service to: (a) Design and structure the security-relevant hardware, software, and firmware to use a complete, conceptually simple protection mechanism with precisely defined semantics; and (b) Internally structure the security-relevant hardware, software, and firmware with specific regard for this mechanism.\n		','SA-17(5)','DEVELOPER SECURITY ARCHITECTURE AND DESIGN | CONCEPTUALLY SIMPLE DESIGN',5,'SA','SYSTEM AND SERVICES ACQUISITION'),(664,17,'The organization requires the developer of the information system, system component, or information system service to structure security-relevant hardware, software, and firmware to facilitate testing.\n		','SA-17(6)','DEVELOPER SECURITY ARCHITECTURE AND DESIGN | CONCEPTUALLY SIMPLE DESIGN',6,'SA','SYSTEM AND SERVICES ACQUISITION'),(665,17,'The organization requires the developer of the information system, system component, or information system service to structure security-relevant hardware, software, and firmware to facilitate controlling access with least privilege.\n		','SA-17(7)','DEVELOPER SECURITY ARCHITECTURE AND DESIGN | CONCEPTUALLY SIMPLE DESIGN',7,'SA','SYSTEM AND SERVICES ACQUISITION'),(666,18,'The organization implements a tamper protection program for the information system, system component, or information system service.\n		','SA-18','TAMPER RESISTANCE AND DETECTION',0,'SA','SYSTEM AND SERVICES ACQUISITION'),(667,18,'The organization employs anti-tamper technologies and techniques during multiple phases in the system development life cycle including design, development, integration, operations, and maintenance.\n		','SA-18(1)','TAMPER RESISTANCE AND DETECTION | MULTIPLE PHASES OF SDLC',1,'SA','SYSTEM AND SERVICES ACQUISITION'),(668,18,'The organization inspects [Assignment: organization-defined information systems, system components, or devices] [Selection (one or more): at random; at [Assignment: organization-defined frequency], upon [Assignment: organization-defined indications of need for inspection]] to detect tampering.\n		','SA-18(2)','TAMPER RESISTANCE AND DETECTION | INSPECTION OF INFORMATION SYSTEMS, COMPONENTS, OR DEVICES',2,'SA','SYSTEM AND SERVICES ACQUISITION'),(669,19,'The organization: a. Develops and implements anti-counterfeit policy and procedures that include the means to detect and prevent counterfeit components from entering the information system; and b. Reports counterfeit information system components to [Selection (one or more): source of counterfeit component; [Assignment: organization-defined external reporting organizations]; [Assignment: organization-defined personnel or roles]].\n		','SA-19','COMPONENT AUTHENTICITY',0,'SA','SYSTEM AND SERVICES ACQUISITION'),(670,19,'The organization trains [Assignment: organization-defined personnel or roles] to detect counterfeit information system components (including hardware, software, and firmware).\n		','SA-19(1)','COMPONENT AUTHENTICITY | ANTI-COUNTERFEIT TRAINING',1,'SA','SYSTEM AND SERVICES ACQUISITION'),(671,19,'The organization maintains configuration control over [Assignment: organization-defined information system components] awaiting service/repair and serviced/repaired components awaiting return to service.\n		','SA-19(2)','COMPONENT AUTHENTICITY | CONFIGURATION CONTROL FOR COMPONENT SERVICE / REPAIR',2,'SA','SYSTEM AND SERVICES ACQUISITION'),(672,19,'The organization disposes of information system components using [Assignment: organization-defined techniques and methods].\n		','SA-19(3)','COMPONENT AUTHENTICITY | COMPONENT DISPOSAL',3,'SA','SYSTEM AND SERVICES ACQUISITION'),(673,19,'The organization scans for counterfeit information system components [Assignment: organization-defined frequency].\n		','SA-19(4)','COMPONENT AUTHENTICITY | ANTI-COUNTERFEIT SCANNING',4,'SA','SYSTEM AND SERVICES ACQUISITION'),(674,20,'The organization re-implements or custom develops [Assignment: organization-defined critical information system components].\n		','SA-20','CUSTOMIZED DEVELOPMENT OF CRITICAL COMPONENTS',0,'SA','SYSTEM AND SERVICES ACQUISITION'),(675,21,'The organization requires that the developer of [Assignment: organization-defined information system, system component, or information system service]: a. Have appropriate access authorizations as determined by assigned [Assignment: organization-defined official government duties]; and b. Satisfy [Assignment: organization-defined additional personnel screening criteria].\n		','SA-21','DEVELOPER SCREENING',0,'SA','SYSTEM AND SERVICES ACQUISITION'),(676,21,'The organization requires the developer of the information system, system component, or information system service take [Assignment: organization-defined actions] to ensure that the required access authorizations and screening criteria are satisfied.\n		','SA-21(1)','DEVELOPER SCREENING | VALIDATION OF SCREENING',1,'SA','SYSTEM AND SERVICES ACQUISITION'),(677,22,'The organization: a. Replaces information system components when support for the components is no longer available from the developer, vendor, or manufacturer; and b. Provides justification and documents approval for the continued use of unsupported system components required to satisfy mission/business needs.\n		','SA-22','UNSUPPORTED SYSTEM COMPONENTS',0,'SA','SYSTEM AND SERVICES ACQUISITION'),(678,22,'The organization provides [Selection (one or more): in-house support; [Assignment: organization-defined support from external providers]] for unsupported information system components.\n		','SA-22(1)','UNSUPPORTED SYSTEM COMPONENTS | ALTERNATIVE SOURCES FOR CONTINUED SUPPORT',0,'SA','SYSTEM AND SERVICES ACQUISITION'),(679,1,'The organization:\n			a. Develops, documents, and disseminates to [Assignment: organization-defined personnel or roles]:\n				1. A system and communications protection policy that addresses purpose, scope, roles, responsibilities, management commitment, coordination among organizational entities, and compliance; and\n				2. Procedures to facilitate the implementation of the system and communications protection policy and associated system and communications protection controls; and\n			b. Reviews and updates the current:\n				1. System and communications protection policy [Assignment: organization-defined frequency]; and\n				2. System and communications protection procedures [Assignment: organization-defined frequency].\n		','SC-1','SYSTEM AND COMMUNICATIONS PROTECTION POLICY AND PROCEDURES',0,'SC','SYSTEM AND COMMUNICATIONS PROTECTION'),(680,2,'The information system separates user functionality (including user interface services) from information system management functionality.\n		','SC-2','APPLICATION PARTITIONING',0,'SC','SYSTEM AND COMMUNICATIONS PROTECTION'),(681,2,'The information system prevents the presentation of information system management-related functionality at an interface for non-privileged users.\n		','SC-2(1)','APPLICATION PARTITIONING | INTERFACES FOR NON-PRIVILEGED USERS',1,'SC','SYSTEM AND COMMUNICATIONS PROTECTION'),(682,3,'The information system isolates security functions from nonsecurity functions.\n		','SC-3','SECURITY FUNCTION ISOLATION',0,'SC','SYSTEM AND COMMUNICATIONS PROTECTION'),(683,3,'The information system utilizes underlying hardware separation mechanisms to implement security function isolation.\n		','SC-3(1)','SECURITY FUNCTION ISOLATION | HARDWARE SEPARATION',1,'SC','SYSTEM AND COMMUNICATIONS PROTECTION'),(684,3,'The information system isolates security functions enforcing access and information flow control from nonsecurity functions and from other security functions.\n		','SC-3(2)','SECURITY FUNCTION ISOLATION | ACCESS / FLOW CONTROL FUNCTIONS',2,'SC','SYSTEM AND COMMUNICATIONS PROTECTION'),(685,3,'The organization minimizes the number of nonsecurity functions included within the isolation boundary containing security functions.\n		','SC-3(3)','SECURITY FUNCTION ISOLATION | MINIMIZE NONSECURITY FUNCTIONALITY',3,'SC','SYSTEM AND COMMUNICATIONS PROTECTION'),(686,3,'The organization implements security functions as largely independent modules that maximize internal cohesiveness within modules and minimize coupling between modules.\n		','SC-3(4)','SECURITY FUNCTION ISOLATION | MODULE COUPLING AND COHESIVENESS',4,'SC','SYSTEM AND COMMUNICATIONS PROTECTION'),(687,3,'The organization implements security functions as a layered structure minimizing interactions between layers of the design and avoiding any dependence by lower layers on the functionality or correctness of higher layers.\n		','SC-3(5)','SECURITY FUNCTION ISOLATION | LAYERED STRUCTURES',5,'SC','SYSTEM AND COMMUNICATIONS PROTECTION'),(688,4,'The information system prevents unauthorized and unintended information transfer via shared system resources.\n		','SC-4','INFORMATION IN SHARED RESOURCES',0,'SC','SYSTEM AND COMMUNICATIONS PROTECTION'),(689,4,'Withdrawn: Incorporated into SC-4.\n		','SC-4(1)','INFORMATION IN SHARED RESOURCES | SECURITY LEVELS',1,'SC','SYSTEM AND COMMUNICATIONS PROTECTION'),(690,4,'The information system prevents unauthorized information transfer via shared resources in accordance with [Assignment: organization-defined procedures] when system processing explicitly switches between different information classification levels or security categories.\n		','SC-4(2)','INFORMATION IN SHARED RESOURCES | PERIODS PROCESSING',2,'SC','SYSTEM AND COMMUNICATIONS PROTECTION'),(691,5,'The information system protects against or limits the effects of the following types of denial of service attacks: [Assignment: organization-defined types of denial of service attacks or references to sources for such information] by employing [Assignment: organization-defined security safeguards].\n		','SC-5','DENIAL OF SERVICE PROTECTION',0,'SC','SYSTEM AND COMMUNICATIONS PROTECTION'),(692,5,'The information system restricts the ability of individuals to launch [Assignment: organization-defined denial of service attacks] against other information systems.\n		','SC-5(1)','DENIAL OF SERVICE PROTECTION | RESTRICT INTERNAL USERS',1,'SC','SYSTEM AND COMMUNICATIONS PROTECTION'),(693,5,'The information system manages excess capacity, bandwidth, or other redundancy to limit the effects of information flooding denial of service attacks.\n		','SC-5(2)','DENIAL OF SERVICE PROTECTION | EXCESS CAPACITY / BANDWIDTH / REDUNDANCY',2,'SC','SYSTEM AND COMMUNICATIONS PROTECTION'),(694,5,'The organization: (a) Employs [Assignment: organization-defined monitoring tools] to detect indicators of denial of service attacks against the information system; and (b) Monitors [Assignment: organization-defined information system resources] to determine if sufficient resources exist to prevent effective denial of service attacks.\n		','SC-5(3)','DENIAL OF SERVICE PROTECTION | DETECTION / MONITORING',3,'SC','SYSTEM AND COMMUNICATIONS PROTECTION'),(695,6,'The information system protects the availability of resources by allocating [Assignment: organization-defined resources] by [Selection (one or more); priority; quota; [Assignment: organization-defined security safeguards]].\n		','SC-6','RESOURCE AVAILABILITY',0,'SC','SYSTEM AND COMMUNICATIONS PROTECTION'),(696,7,'The information system: a. Monitors and controls communications at the external boundary of the system and at key internal boundaries within the system; b. Implements subnetworks for publicly accessible system components that are [Selection: physically; logically] separated from internal organizational networks; and c. Connects to external networks or information systems only through managed interfaces consisting of boundary protection devices arranged in accordance with an organizational security architecture. \n		','SC-7','BOUNDARY PROTECTION',0,'SC','SYSTEM AND COMMUNICATIONS PROTECTION'),(697,7,'Withdrawn: Incorporated into SC-7.\n		','SC-7(1)','BOUNDARY PROTECTION | PHYSICALLY SEPARATED SUBNETWORKS',1,'SC','SYSTEM AND COMMUNICATIONS PROTECTION'),(698,7,'Withdrawn: Incorporated into SC-7.\n		','SC-7(2)','BOUNDARY PROTECTION | PUBLIC ACCESS',2,'SC','SYSTEM AND COMMUNICATIONS PROTECTION'),(699,7,'The organization limits the number of external network connections to the information system.\n		','SC-7(3)','BOUNDARY PROTECTION | ACCESS POINTS',3,'SC','SYSTEM AND COMMUNICATIONS PROTECTION'),(700,7,'The organization: (a) Implements a managed interface for each external telecommunication service; (b) Establishes a traffic flow policy for each managed interface; (c) Protects the confidentiality and integrity of the information being transmitted across each interface; (d) Documents each exception to the traffic flow policy with a supporting mission/business need and duration of that need; and (e) Reviews exceptions to the traffic flow policy [Assignment: organization-defined frequency] and removes exceptions that are no longer supported by an explicit mission/business need.\n		','SC-7(4)','BOUNDARY PROTECTION | EXTERNAL TELECOMMUNICATIONS SERVICES',4,'SC','SYSTEM AND COMMUNICATIONS PROTECTION'),(701,7,'The information system at managed interfaces denies network communications traffic by default and allows network communications traffic by exception (i.e., deny all, permit by exception).\n		','SC-7(5)','BOUNDARY PROTECTION | DENY BY DEFAULT / ALLOW BY EXCEPTION',5,'SC','SYSTEM AND COMMUNICATIONS PROTECTION'),(702,7,'Withdrawn: Incorporated into SC-7 (18).\n		','SC-7(6)','BOUNDARY PROTECTION | RESPONSE TO RECOGNIZED FAILURES',6,'SC','SYSTEM AND COMMUNICATIONS PROTECTION'),(703,7,'The information system, in conjunction with a remote device, prevents the device from simultaneously establishing non-remote connections with the system and communicating via some other connection to resources in external networks.\n		','SC-7(7)','BOUNDARY PROTECTION | PREVENT SPLIT TUNNELING FOR REMOTE DEVICES',7,'SC','SYSTEM AND COMMUNICATIONS PROTECTION'),(704,7,'The information system routes [Assignment: organization-defined internal communications traffic] to [Assignment: organization-defined external networks] through authenticated proxy servers at managed interfaces.\n		','SC-7(8)','BOUNDARY PROTECTION | ROUTE TRAFFIC TO AUTHENTICATED PROXY SERVERS',8,'SC','SYSTEM AND COMMUNICATIONS PROTECTION'),(705,7,'The information system: (a) Detects and denies outgoing communications traffic posing a threat to external information systems; and (b) Audits the identity of internal users associated with denied communications.\n		','SC-7(9)','BOUNDARY PROTECTION | RESTRICT THREATENING OUTGOING COMMUNICATIONS TRAFFIC',9,'SC','SYSTEM AND COMMUNICATIONS PROTECTION'),(706,7,'The organization prevents the unauthorized exfiltration of information across managed interfaces.\n		','SC-7(10)','BOUNDARY PROTECTION | PREVENT UNAUTHORIZED EXFILTRATION',10,'SC','SYSTEM AND COMMUNICATIONS PROTECTION'),(707,7,'The information system only allows incoming communications from [Assignment: organization-defined authorized sources] to be routed to [Assignment: organization-defined authorized destinations].\n		','SC-7(11)','BOUNDARY PROTECTION | RESTRICT INCOMING COMMUNICATIONS TRAFFIC',11,'SC','SYSTEM AND COMMUNICATIONS PROTECTION'),(708,7,'The organization implements [Assignment: organization-defined host-based boundary protection mechanisms] at [Assignment: organization-defined information system components].\n		','SC-7(12)','BOUNDARY PROTECTION | HOST-BASED PROTECTION',12,'SC','SYSTEM AND COMMUNICATIONS PROTECTION'),(709,7,'The organization isolates [Assignment: organization-defined information security tools, mechanisms, and support components] from other internal information system components by implementing physically separate subnetworks with managed interfaces to other components of the system.\n		','SC-7(13)','BOUNDARY PROTECTION | ISOLATION OF SECURITY TOOLS / MECHANISMS / SUPPORT COMPONENTS',13,'SC','SYSTEM AND COMMUNICATIONS PROTECTION'),(710,7,'The organization protects against unauthorized physical connections at [Assignment: organization-defined managed interfaces].\n		','SC-7(14)','BOUNDARY PROTECTION | PROTECTS AGAINST UNAUTHORIZED PHYSICAL CONNECTIONS',14,'SC','SYSTEM AND COMMUNICATIONS PROTECTION'),(711,7,'The information system routes all networked, privileged accesses through a dedicated, managed interface for purposes of access control and auditing.\n		','SC-7(15)','BOUNDARY PROTECTION | ROUTE PRIVILEGED NETWORK ACCESSES',15,'SC','SYSTEM AND COMMUNICATIONS PROTECTION'),(712,7,'The information system prevents discovery of specific system components composing a managed interface.\n		','SC-7(16)','BOUNDARY PROTECTION | PREVENT DISCOVERY OF COMPONENTS / DEVICES',16,'SC','SYSTEM AND COMMUNICATIONS PROTECTION'),(713,7,'The information system enforces adherence to protocol formats.\n		','SC-7(17)','BOUNDARY PROTECTION | AUTOMATED ENFORCEMENT OF PROTOCOL FORMATS',17,'SC','SYSTEM AND COMMUNICATIONS PROTECTION'),(714,7,'The information system fails securely in the event of an operational failure of a boundary protection device.\n		','SC-7(18)','BOUNDARY PROTECTION | FAIL SECURE',18,'SC','SYSTEM AND COMMUNICATIONS PROTECTION'),(715,7,'The information system blocks both inbound and outbound communications traffic between [Assignment: organization-defined communication clients] that are independently configured by end users and external service providers.\n		','SC-7(19)','BOUNDARY PROTECTION | BLOCKS COMMUNICATION FROM NON-ORGANIZATIONALLY CONFIGURED HOSTS',19,'SC','SYSTEM AND COMMUNICATIONS PROTECTION'),(716,7,'The information system provides the capability to dynamically isolate/segregate [Assignment: organization-defined information system components] from other components of the system.\n		','SC-7(20)','BOUNDARY PROTECTION | DYNAMIC ISOLATION / SEGREGATION',20,'SC','SYSTEM AND COMMUNICATIONS PROTECTION'),(717,7,'The organization employs boundary protection mechanisms to separate [Assignment: organization-defined information system components] supporting [Assignment: organization-defined missions and/or business functions].\n		','SC-7(21)','BOUNDARY PROTECTION | ISOLATION OF INFORMATION SYSTEM COMPONENTS',21,'SC','SYSTEM AND COMMUNICATIONS PROTECTION'),(718,7,'The information system implements separate network addresses (i.e., different subnets) to connect to systems in different security domains.\n		','SC-7(22)','BOUNDARY PROTECTION | SEPARATE SUBNETS FOR CONNECTING TO DIFFERENT SECURITY DOMAINS',22,'SC','SYSTEM AND COMMUNICATIONS PROTECTION'),(719,7,'The information system disables feedback to senders on protocol format validation failure.\n		','SC-7(23)','BOUNDARY PROTECTION | DISABLE SENDER FEEDBACK ON PROTOCOL VALIDATION FAILURE',23,'SC','SYSTEM AND COMMUNICATIONS PROTECTION'),(720,8,'The information system protects the [Selection (one or more): confidentiality; integrity] of transmitted information.\n		','SC-8','TRANSMISSION CONFIDENTIALITY AND INTEGRITY',0,'SC','SYSTEM AND COMMUNICATIONS PROTECTION'),(721,8,'The information system implements cryptographic mechanisms to [Selection (one or more): prevent unauthorized disclosure of information; detect changes to information] during transmission unless otherwise protected by [Assignment: organization-defined alternative physical safeguards].\n		','SC-8(1)','TRANSMISSION CONFIDENTIALITY AND INTEGRITY | CRYPTOGRAPHIC OR ALTERNATE PHYSICAL PROTECTION',1,'SC','SYSTEM AND COMMUNICATIONS PROTECTION'),(722,8,'The information system maintains the [Selection (one or more): confidentiality; integrity] of information during preparation for transmission and during reception.\n		','SC-8(2)','TRANSMISSION CONFIDENTIALITY AND INTEGRITY | PRE / POST TRANSMISSION HANDLING',2,'SC','SYSTEM AND COMMUNICATIONS PROTECTION'),(723,8,'The information system implements cryptographic mechanisms to protect message externals unless otherwise protected by [Assignment: organization-defined alternative physical safeguards].\n		','SC-8(3)','TRANSMISSION CONFIDENTIALITY AND INTEGRITY | CRYPTOGRAPHIC PROTECTION FOR MESSAGE EXTERNALS',3,'SC','SYSTEM AND COMMUNICATIONS PROTECTION'),(724,8,'The information system implements cryptographic mechanisms to conceal or randomize communication patterns unless otherwise protected by [Assignment: organization-defined alternative physical safeguards].\n		','SC-8(4)','TRANSMISSION CONFIDENTIALITY AND INTEGRITY | CONCEAL / RANDOMIZE COMMUNICATIONS',4,'SC','SYSTEM AND COMMUNICATIONS PROTECTION'),(725,9,'Withdrawn: Incorporated into SC-8.\n		','SC-9','TRANSMISSION CONFIDENTIALITY',0,'SC','SYSTEM AND COMMUNICATIONS PROTECTION'),(726,10,'The information system terminates the network connection associated with a communications session at the end of the session or after [Assignment: organization-defined time period] of inactivity.\n		','SC-10','NETWORK DISCONNECT',0,'SC','SYSTEM AND COMMUNICATIONS PROTECTION'),(727,11,'The information system establishes a trusted communications path between the user and the following security functions of the system: [Assignment: organization-defined security functions to include at a minimum, information system authentication and re-authentication].\n		','SC-11','TRUSTED PATH',0,'SC','SYSTEM AND COMMUNICATIONS PROTECTION'),(728,11,'The information system provides a trusted communications path that is logically isolated and distinguishable from other paths.\n		','SC-11(1)','TRUSTED PATH | LOGICAL ISOLATION',1,'SC','SYSTEM AND COMMUNICATIONS PROTECTION'),(729,12,'The organization establishes and manages cryptographic keys for required cryptography employed within the information system in accordance with [Assignment: organization-defined requirements for key generation, distribution, storage, access, and destruction].\n		','SC-12','CRYPTOGRAPHIC KEY ESTABLISHMENT AND MANAGEMENT',0,'SC','SYSTEM AND COMMUNICATIONS PROTECTION'),(730,12,'The organization maintains availability of information in the event of the loss of cryptographic keys by users.\n		','SC-12(1)','CRYPTOGRAPHIC KEY ESTABLISHMENT AND MANAGEMENT | AVAILABILITY',1,'SC','SYSTEM AND COMMUNICATIONS PROTECTION'),(731,12,'The organization produces, controls, and distributes symmetric cryptographic keys using [Selection: NIST FIPS-compliant; NSA-approved] key management technology and processes.\n		','SC-12(2)','CRYPTOGRAPHIC KEY ESTABLISHMENT AND MANAGEMENT | SYMMETRIC KEYS',2,'SC','SYSTEM AND COMMUNICATIONS PROTECTION'),(732,12,'The organization produces, controls, and distributes asymmetric cryptographic keys using [Selection: NSA-approved key management technology and processes; approved PKI Class 3 certificates or prepositioned keying material; approved PKI Class 3 or Class 4 certificates and hardware security tokens that protect the user’s private key].\n		','SC-12(3)','CRYPTOGRAPHIC KEY ESTABLISHMENT AND MANAGEMENT | ASYMMETRIC KEYS',3,'SC','SYSTEM AND COMMUNICATIONS PROTECTION'),(733,12,'Withdrawn: Incorporated into SC-12.\n		','SC-12(4)','CRYPTOGRAPHIC KEY ESTABLISHMENT AND MANAGEMENT | PKI CERTIFICATES',4,'SC','SYSTEM AND COMMUNICATIONS PROTECTION'),(734,12,'Withdrawn: Incorporated into SC-12.\n		','SC-12(5)','CRYPTOGRAPHIC KEY ESTABLISHMENT AND MANAGEMENT | PKI CERTIFICATES / HARDWARE TOKENS',5,'SC','SYSTEM AND COMMUNICATIONS PROTECTION'),(735,13,'The information system implements [Assignment: organization-defined cryptographic uses and type of cryptography required for each use] in accordance with applicable federal laws, Executive Orders, directives, policies, regulations, and standards.\n		','SC-13','CRYPTOGRAPHIC PROTECTION',0,'SC','SYSTEM AND COMMUNICATIONS PROTECTION'),(736,13,'Withdrawn: Incorporated into SC-13.\n		','SC-13(1)','CRYPTOGRAPHIC PROTECTION | FIPS-VALIDATED CRYPTOGRAPHY',1,'SC','SYSTEM AND COMMUNICATIONS PROTECTION'),(737,13,'Withdrawn: Incorporated into SC-13.\n		','SC-13(2)','CRYPTOGRAPHIC PROTECTION | NSA-APPROVED CRYPTOGRAPHY',2,'SC','SYSTEM AND COMMUNICATIONS PROTECTION'),(738,13,'Withdrawn: Incorporated into SC-13.\n		','SC-13(3)','CRYPTOGRAPHIC PROTECTION | INDIVIDUALS WITHOUT FORMAL ACCESS APPROVALS',3,'SC','SYSTEM AND COMMUNICATIONS PROTECTION'),(739,13,'Withdrawn: Incorporated into SC-13.\n		','SC-13(4)','CRYPTOGRAPHIC PROTECTION | DIGITAL SIGNATURES',4,'SC','SYSTEM AND COMMUNICATIONS PROTECTION'),(740,14,'Withdrawn: Capability provided by AC-2, AC-3, AC-5, AC-6, SI-3, SI-4, SI-5, SI-7, SI-10.\n		','SC-14','PUBLIC ACCESS PROTECTIONS',0,'SC','SYSTEM AND COMMUNICATIONS PROTECTION'),(741,15,'The information system: a. Prohibits remote activation of collaborative computing devices with the following exceptions: [Assignment: organization-defined exceptions where remote activation is to be allowed]; and b. Provides an explicit indication of use to users physically present at the devices.\n		','SC-15','COLLABORATIVE COMPUTING DEVICES',0,'SC','SYSTEM AND COMMUNICATIONS PROTECTION'),(742,15,'The information system provides physical disconnect of collaborative computing devices in a manner that supports ease of use.\n		','SC-15(1)','COLLABORATIVE COMPUTING DEVICES | PHYSICAL DISCONNECT',1,'SC','SYSTEM AND COMMUNICATIONS PROTECTION'),(743,15,'Withdrawn: Incorporated into SC-7.\n		','SC-15(2)','COLLABORATIVE COMPUTING DEVICES | BLOCKING INBOUND / OUTBOUND COMMUNICATIONS TRAFFIC',2,'SC','SYSTEM AND COMMUNICATIONS PROTECTION'),(744,15,'The organization disables or removes collaborative computing devices from [Assignment: organization-defined information systems or information system components] in [Assignment: organization-defined secure work areas].\n		','SC-15(3)','COLLABORATIVE COMPUTING DEVICES | DISABLING / REMOVAL IN SECURE WORK AREAS',3,'SC','SYSTEM AND COMMUNICATIONS PROTECTION'),(745,15,'The information system provides an explicit indication of current participants in [Assignment: organization-defined online meetings and teleconferences].\n		','SC-15(4)','COLLABORATIVE COMPUTING DEVICES | EXPLICITLY INDICATE CURRENT PARTICIPANTS',4,'SC','SYSTEM AND COMMUNICATIONS PROTECTION'),(746,16,'The information system associates [Assignment: organization-defined security attributes] with information exchanged between information systems and between system components.\n		','SC-16','TRANSMISSION OF SECURITY ATTRIBUTES',0,'SC','SYSTEM AND COMMUNICATIONS PROTECTION'),(747,16,'The information system validates the integrity of transmitted security attributes.\n		','SC-16(1)','TRANSMISSION OF SECURITY ATTRIBUTES | INTEGRITY VALIDATION',1,'SC','SYSTEM AND COMMUNICATIONS PROTECTION'),(748,17,'The organization issues public key certificates under an [Assignment: organization-defined certificate policy] or obtains public key certificates from an approved service provider.\n		','SC-17','PUBLIC KEY INFRASTRUCTURE CERTIFICATES',0,'SC','SYSTEM AND COMMUNICATIONS PROTECTION'),(749,18,'The organization: a. Defines acceptable and unacceptable mobile code and mobile code technologies; b. Establishes usage restrictions and implementation guidance for acceptable mobile code and mobile code technologies; and c. Authorizes, monitors, and controls the use of mobile code within the information system.\n		','SC-18','MOBILE CODE',0,'SC','SYSTEM AND COMMUNICATIONS PROTECTION'),(750,18,'The information system identifies [Assignment: organization-defined unacceptable mobile code] and takes [Assignment: organization-defined corrective actions].\n		','SC-18(1)','MOBILE CODE | IDENTIFY UNACCEPTABLE CODE / TAKE CORRECTIVE ACTIONS',1,'SC','SYSTEM AND COMMUNICATIONS PROTECTION'),(751,18,'The organization ensures that the acquisition, development, and use of mobile code to be deployed in the information system meets [Assignment: organization-defined mobile code requirements].\n		','SC-18(2)','MOBILE CODE | ACQUISITION / DEVELOPMENT / USE',2,'SC','SYSTEM AND COMMUNICATIONS PROTECTION'),(752,18,'The information system prevents the download and execution of [Assignment: organization-defined unacceptable mobile code].\n		','SC-18(3)','MOBILE CODE | PREVENT DOWNLOADING / EXECUTION',3,'SC','SYSTEM AND COMMUNICATIONS PROTECTION'),(753,18,'The information system prevents the automatic execution of mobile code in [Assignment: organization-defined software applications] and enforces [Assignment: organization-defined actions] prior to executing the code.\n		','SC-18(4)','MOBILE CODE | PREVENT AUTOMATIC EXECUTION',4,'SC','SYSTEM AND COMMUNICATIONS PROTECTION'),(754,18,'The organization allows execution of permitted mobile code only in confined virtual machine environments.\n		','SC-18(5)','MOBILE CODE | ALLOW EXECUTION ONLY IN CONFINED ENVIRONMENTS',5,'SC','SYSTEM AND COMMUNICATIONS PROTECTION'),(755,19,'The organization: a. Establishes usage restrictions and implementation guidance for Voice over Internet Protocol (VoIP) technologies based on the potential to cause damage to the information system if used maliciously; and b. Authorizes, monitors, and controls the use of VoIP within the information system.\n		','SC-19','VOICE OVER INTERNET PROTOCOL',0,'SC','SYSTEM AND COMMUNICATIONS PROTECTION'),(756,20,'The information system: a. Provides additional data origin authentication and integrity verification artifacts along with the authoritative name resolution data the system returns in response to external name/address resolution queries; and b. Provides the means to indicate the security status of child zones and (if the child supports secure resolution services) to enable verification of a chain of trust among parent and child domains, when operating as part of a distributed, hierarchical namespace.\n		','SC-20','SECURE NAME / ADDRESS RESOLUTION SERVICE (AUTHORITATIVE SOURCE)',0,'SC','SYSTEM AND COMMUNICATIONS PROTECTION'),(757,20,'Withdrawn: Incorporated into SC-20.\n		','SC-20(1)','SECURE NAME / ADDRESS RESOLUTION SERVICE (AUTHORITATIVE SOURCE) | CHILD SUBSPACES',1,'SC','SYSTEM AND COMMUNICATIONS PROTECTION'),(758,20,'The information system provides data origin and integrity protection artifacts for internal name/address resolution queries.\n		','SC-20(2)','SECURE NAME / ADDRESS RESOLUTION SERVICE (AUTHORITATIVE SOURCE) | DATA ORIGIN / INTEGRITY',2,'SC','SYSTEM AND COMMUNICATIONS PROTECTION'),(759,21,'The information system requests and performs data origin authentication and data integrity verification on the name/address resolution responses the system receives from authoritative sources.\n		','SC-21','SECURE NAME / ADDRESS RESOLUTION SERVICE (RECURSIVE OR CACHING RESOLVER)',0,'SC','SYSTEM AND COMMUNICATIONS PROTECTION'),(760,21,'Withdrawn: Incorporated into SC-21.\n		','SC-21(1)','SECURE NAME / ADDRESS RESOLUTION SERVICE (RECURSIVE OR CACHING RESOLVER) | DATA ORIGIN / INTEGRITY',1,'SC','SYSTEM AND COMMUNICATIONS PROTECTION'),(761,22,'The information systems that collectively provide name/address resolution service for an organization are fault-tolerant and implement internal/external role separation.\n		','SC-22','ARCHITECTURE AND PROVISIONING FOR NAME / ADDRESS RESOLUTION SERVICE',0,'SC','SYSTEM AND COMMUNICATIONS PROTECTION'),(762,23,'The information system protects the authenticity of communications sessions.\n		','SC-23','SESSION AUTHENTICITY',0,'SC','SYSTEM AND COMMUNICATIONS PROTECTION'),(763,23,'The information system invalidates session identifiers upon user logout or other session termination.\n		','SC-23(1)','SESSION AUTHENTICITY | INVALIDATE SESSION IDENTIFIERS AT LOGOUT',1,'SC','SYSTEM AND COMMUNICATIONS PROTECTION'),(764,23,'Withdrawn: Incorporated into AC-12 (1).\n		','SC-23(2)','SESSION AUTHENTICITY | USER-INITIATED LOGOUTS / MESSAGE DISPLAYS',2,'SC','SYSTEM AND COMMUNICATIONS PROTECTION'),(765,23,'The information system generates a unique session identifier for each session with [Assignment: organization-defined randomness requirements] and recognizes only session identifiers that are system-generated.\n		','SC-23(3)','',3,'SC','SYSTEM AND COMMUNICATIONS PROTECTION'),(766,23,'Withdrawn: Incorporated into SC-23 (3).\n		','SC-23(4)','SESSION AUTHENTICITY | UNIQUE SESSION IDENTIFIERS WITH RANDOMIZATION',4,'SC','SYSTEM AND COMMUNICATIONS PROTECTION'),(767,23,'The information system only allows the use of [Assignment: organization-defined certificate authorities] for verification of the establishment of protected sessions.\n		','SC-23(5)','SESSION AUTHENTICITY | ALLOWED CERTIFICATE AUTHORITIES',5,'SC','SYSTEM AND COMMUNICATIONS PROTECTION'),(768,24,'The information system fails to a [Assignment: organization-defined known-state] for [Assignment: organization-defined types of failures] preserving [Assignment: organization-defined system state information] in failure.\n		','SC-24','FAIL IN KNOWN STATE',0,'SC','SYSTEM AND COMMUNICATIONS PROTECTION'),(769,25,'The organization employs [Assignment: organization-defined information system components] with minimal functionality and information storage.\n		','SC-25','THIN NODES',0,'SC','SYSTEM AND COMMUNICATIONS PROTECTION'),(770,26,'The information system includes components specifically designed to be the target of malicious attacks for the purpose of detecting, deflecting, and analyzing such attacks.\n		','SC-26','HONEYPOTS',0,'SC','SYSTEM AND COMMUNICATIONS PROTECTION'),(771,26,'Withdrawn: Incorporated into SC-35.\n		','SC-26(1)','HONEYPOTS | DETECTION OF MALICIOUS CODE',1,'SC','SYSTEM AND COMMUNICATIONS PROTECTION'),(772,27,'The information system includes: [Assignment: organization-defined platform-independent applications].\n		','SC-27','PLATFORM-INDEPENDENT APPLICATIONS',0,'SC','SYSTEM AND COMMUNICATIONS PROTECTION'),(773,28,'The information system protects the [Selection (one or more): confidentiality; integrity] of [Assignment: organization-defined information at rest].\n		','SC-28','PROTECTION OF INFORMATION AT REST',0,'SC','SYSTEM AND COMMUNICATIONS PROTECTION'),(774,28,'The information system implements cryptographic mechanisms to prevent unauthorized disclosure and modification of [Assignment: organization-defined information] on [Assignment: organization-defined information system components].\n		','SC-28(1)','PROTECTION OF INFORMATION AT REST | CRYPTOGRAPHIC PROTECTION',1,'SC','SYSTEM AND COMMUNICATIONS PROTECTION'),(775,28,'The organization removes from online storage and stores off-line in a secure location [Assignment: organization-defined information].\n		','SC-28(2)','PROTECTION OF INFORMATION AT REST | OFF-LINE STORAGE',2,'SC','SYSTEM AND COMMUNICATIONS PROTECTION'),(776,29,'The organization employs a diverse set of information technologies for [Assignment: organization-defined information system components] in the implementation of the information system.\n		','SC-29','HETEROGENEITY',0,'SC','SYSTEM AND COMMUNICATIONS PROTECTION'),(777,29,'The organization employs virtualization techniques to support the deployment of a diversity of operating systems and applications that are changed [Assignment: organization-defined frequency].\n		','SC-29(1)','HETEROGENEITY | VIRTUALIZATION TECHNIQUES',1,'SC','SYSTEM AND COMMUNICATIONS PROTECTION'),(778,30,'The organization employs [Assignment: organization-defined concealment and misdirection techniques] for [Assignment: organization-defined information systems] at [Assignment: organization-defined time periods] to confuse and mislead adversaries.\n		','SC-30','CONCEALMENT AND MISDIRECTION',0,'SC','SYSTEM AND COMMUNICATIONS PROTECTION'),(779,30,'Withdrawn: Incorporated into SC-29 (1).\n		','SC-30(1)','CONCEALMENT AND MISDIRECTION | VIRTUALIZATION TECHNIQUES',1,'SC','SYSTEM AND COMMUNICATIONS PROTECTION'),(780,30,'The organization employs [Assignment: organization-defined techniques] to introduce randomness into organizational operations and assets.\n		','SC-30(2)','CONCEALMENT AND MISDIRECTION | RANDOMNESS',2,'SC','SYSTEM AND COMMUNICATIONS PROTECTION'),(781,30,'The organization changes the location of [Assignment: organization-defined processing and/or storage] [Selection: [Assignment: organization-defined time frequency]; at random time intervals]].\n		','SC-30(3)','CONCEALMENT AND MISDIRECTION | CHANGE PROCESSING / STORAGE LOCATIONS',3,'SC','SYSTEM AND COMMUNICATIONS PROTECTION'),(782,30,'The organization employs realistic, but misleading information in [Assignment: organization-defined information system components] with regard to its security state or posture.\n		','SC-30(4)','CONCEALMENT AND MISDIRECTION | MISLEADING INFORMATION',4,'SC','SYSTEM AND COMMUNICATIONS PROTECTION'),(783,30,'The organization employs [Assignment: organization-defined techniques] to hide or conceal [Assignment: organization-defined information system components].\n		','SC-30(5)','CONCEALMENT AND MISDIRECTION | CONCEALMENT OF SYSTEM COMPONENTS',5,'SC','SYSTEM AND COMMUNICATIONS PROTECTION'),(784,31,'The organization: a. Performs a covert channel analysis to identify those aspects of communications within the information system that are potential avenues for covert [Selection (one or more): storage; timing] channels; and b. Estimates the maximum bandwidth of those channels.\n		','SC-31','COVERT CHANNEL ANALYSIS',0,'SC','SYSTEM AND COMMUNICATIONS PROTECTION'),(785,31,'The organization tests a subset of the identified covert channels to determine which channels are exploitable.\n		','SC-31(1)','COVERT CHANNEL ANALYSIS | TEST COVERT CHANNELS FOR EXPLOITABILITY',1,'SC','SYSTEM AND COMMUNICATIONS PROTECTION'),(786,31,'The organization reduces the maximum bandwidth for identified covert [Selection (one or more); storage; timing] channels to [Assignment: organization-defined values].\n		','SC-31(2)','COVERT CHANNEL ANALYSIS | MAXIMUM BANDWIDTH',2,'SC','SYSTEM AND COMMUNICATIONS PROTECTION'),(787,31,'The organization measures the bandwidth of [Assignment: organization-defined subset of identified covert channels] in the operational environment of the information system.\n		','SC-31(3)','COVERT CHANNEL ANALYSIS | MEASURE BANDWIDTH IN OPERATIONAL ENVIRONMENTS',3,'SC','SYSTEM AND COMMUNICATIONS PROTECTION'),(788,32,'The organization partitions the information system into [Assignment: organization-defined information system components] residing in separate physical domains or environments based on [Assignment: organization-defined circumstances for physical separation of components].\n		','SC-32','INFORMATION SYSTEM PARTITIONING',0,'SC','SYSTEM AND COMMUNICATIONS PROTECTION'),(789,33,'Withdrawn: Incorporated into SC-8.\n		','SC-33','TRANSMISSION PREPARATION INTEGRITY',0,'SC','SYSTEM AND COMMUNICATIONS PROTECTION'),(790,34,'The information system at [Assignment: organization-defined information system components]: a. Loads and executes the operating environment from hardware-enforced, read-only media; and b. Loads and executes [Assignment: organization-defined applications] from hardware-enforced, read-only media.\n		','SC-34','NON-MODIFIABLE EXECUTABLE PROGRAMS',0,'SC','SYSTEM AND COMMUNICATIONS PROTECTION'),(791,34,'The organization employs [Assignment: organization-defined information system components] with no writeable storage that is persistent across component restart or power on/off.\n		','SC-34(1)','NON-MODIFIABLE EXECUTABLE PROGRAMS | NO WRITABLE STORAGE',1,'SC','SYSTEM AND COMMUNICATIONS PROTECTION'),(792,34,'The organization protects the integrity of information prior to storage on read-only media and controls the media after such information has been recorded onto the media.\n		','SC-34(2)','NON-MODIFIABLE EXECUTABLE PROGRAMS | INTEGRITY PROTECTION / READ-ONLY MEDIA',2,'SC','SYSTEM AND COMMUNICATIONS PROTECTION'),(793,34,'The organization: (a) Employs hardware-based, write-protect for [Assignment: organization-defined information system firmware components]; and (b) Implements specific procedures for [Assignment: organization-defined authorized individuals] to manually disable hardware write-protect for firmware modifications and re-enable the write-protect prior to returning to operational mode.\n		','SC-34(3)','NON-MODIFIABLE EXECUTABLE PROGRAMS | HARDWARE-BASED PROTECTION',3,'SC','SYSTEM AND COMMUNICATIONS PROTECTION'),(794,35,'The information system includes components that proactively seek to identify malicious websites and/or web-based malicious code.\n		','SC-35','HONEYCLIENTS',0,'SC','SYSTEM AND COMMUNICATIONS PROTECTION'),(795,36,'The organization distributes [Assignment: organization-defined processing and storage] across multiple physical locations.\n		','SC-36','DISTRIBUTED PROCESSING AND STORAGE',0,'SC','SYSTEM AND COMMUNICATIONS PROTECTION'),(796,36,'The organization employs polling techniques to identify potential faults, errors, or compromises to [Assignment: organization-defined distributed processing and storage components].\n		','SC-36(1)','DISTRIBUTED PROCESSING AND STORAGE | POLLING TECHNIQUES',1,'SC','SYSTEM AND COMMUNICATIONS PROTECTION'),(797,37,'The organization employs [Assignment: organization-defined out-of-band channels] for the physical delivery or electronic transmission of [Assignment: organization-defined information, information system components, or devices] to [Assignment: organization-defined individuals or information systems].\n		','SC-37','OUT-OF-BAND CHANNELS',0,'SC','SYSTEM AND COMMUNICATIONS PROTECTION'),(798,37,'The organization employs [Assignment: organization-defined security safeguards] to ensure that only [Assignment: organization-defined individuals or information systems] receive the [Assignment: organization-defined information, information system components, or devices].\n		','SC-37(1)','OUT-OF-BAND CHANNELS | ENSURE DELIVERY / TRANSMISSION',1,'SC','SYSTEM AND COMMUNICATIONS PROTECTION'),(799,38,'The organization employs [Assignment: organization-defined security safeguards] to ensure that only [Assignment: organization-defined individuals or information systems] receive the [Assignment: organization-defined information, information system components, or devices].\n		','SC-38','OPERATIONS SECURITY',0,'SC','SYSTEM AND COMMUNICATIONS PROTECTION'),(800,39,'The information system maintains a separate execution domain for each executing process.\n		','SC-39','PROCESS ISOLATION',0,'SC','SYSTEM AND COMMUNICATIONS PROTECTION'),(801,39,'The information system implements underlying hardware separation mechanisms to facilitate process separation.\n		','SC-39(1)','PROCESS ISOLATION | HARDWARE SEPARATION',1,'SC','SYSTEM AND COMMUNICATIONS PROTECTION'),(802,39,'The information system maintains a separate execution domain for each thread in [Assignment: organization-defined multi-threaded processing].\n		','SC-39(2)','PROCESS ISOLATION | THREAD ISOLATION',2,'SC','SYSTEM AND COMMUNICATIONS PROTECTION'),(803,40,'The information system protects external and internal [Assignment: organization-defined wireless links] from [Assignment: organization-defined types of signal parameter attacks or references to sources for such attacks].\n		','SC-40','WIRELESS LINK PROTECTION',0,'SC','SYSTEM AND COMMUNICATIONS PROTECTION'),(804,40,'The information system implements cryptographic mechanisms that achieve [Assignment: organization-defined level of protection] against the effects of intentional electromagnetic interference.\n		','SC-40(1)','WIRELESS LINK PROTECTION | ELECTROMAGNETIC INTERFERENCE',1,'SC','SYSTEM AND COMMUNICATIONS PROTECTION'),(805,40,'The information system implements cryptographic mechanisms to reduce the detection potential of wireless links to [Assignment: organization-defined level of reduction].\n		','SC-40(2)','WIRELESS LINK PROTECTION | REDUCE DETECTION POTENTIAL',2,'SC','SYSTEM AND COMMUNICATIONS PROTECTION'),(806,40,'The information system implements cryptographic mechanisms to identify and reject wireless transmissions that are deliberate attempts to achieve imitative or manipulative communications deception based on signal parameters.\n		','SC-40(3)','WIRELESS LINK PROTECTION | IMITATIVE OR MANIPULATIVE COMMUNICATIONS DECEPTION',3,'SC','SYSTEM AND COMMUNICATIONS PROTECTION'),(807,40,'The information system implements cryptographic mechanisms to prevent the identification of [Assignment: organization-defined wireless transmitters] by using the transmitter signal parameters.\n		','SC-40(4)','WIRELESS LINK PROTECTION | SIGNAL PARAMETER IDENTIFICATION',4,'SC','SYSTEM AND COMMUNICATIONS PROTECTION'),(808,41,'The organization physically disables or removes [Assignment: organization-defined connection ports or input/output devices] on [Assignment: organization-defined information systems or information system components].\n		','SC-41','PORT AND I/O DEVICE ACCESS',0,'SC','SYSTEM AND COMMUNICATIONS PROTECTION'),(809,42,'The information system: a. Prohibits the remote activation of environmental sensing capabilities with the following exceptions: [Assignment: organization-defined exceptions where remote activation of sensors is allowed]; andb. Provides an explicit indication of sensor use to [Assignment: organization-defined class of users].\n		','SC-42','SENSOR CAPABILITY AND DATA',0,'SC','SYSTEM AND COMMUNICATIONS PROTECTION'),(810,42,'The organization ensures that the information system is configured so that data or information collected by the [Assignment: organization-defined sensors] is only reported to authorized individuals or roles.\n		','SC-42(1)','SENSOR CAPABILITY AND DATA | REPORTING TO AUTHORIZED INDIVIDUALS OR ROLES',1,'SC','SYSTEM AND COMMUNICATIONS PROTECTION'),(811,42,'The organization employs the following measures: [Assignment: organization-defined measures], so that data or information collected by [Assignment: organization-defined sensors] is only used for authorized purposes.\n		','SC-42(2)','SENSOR CAPABILITY AND DATA | AUTHORIZED USE',2,'SC','SYSTEM AND COMMUNICATIONS PROTECTION'),(812,42,'The organization prohibits the use of devices possessing [Assignment: organization-defined environmental sensing capabilities] in [Assignment: organization-defined facilities, areas, or systems].\n		','SC-42(3)','SENSOR CAPABILITY AND DATA | PROHIBIT USE OF DEVICES',3,'SC','SYSTEM AND COMMUNICATIONS PROTECTION'),(813,43,'The organization: a.Establishes usage restrictions and implementation guidance for [Assignment: organization-defined information system components] based on the potential to cause damage to the information system if used maliciously; and b. Authorizes, monitors, and controls the use of such components within the information system.\n		','SC-43','USAGE RESTRICTIONS',0,'SC','SYSTEM AND COMMUNICATIONS PROTECTION'),(814,44,'The organization employs a detonation chamber capability within [Assignment: organization-defined information system, system component, or location].\n		','SC-44','DETONATION CHAMBERS',0,'SC','SYSTEM AND COMMUNICATIONS PROTECTION'),(815,1,'The organization:\n			a. Develops, documents, and disseminates to [Assignment: organization-defined personnel or roles]:\n				1. A system and information integrity policy that addresses purpose, scope, roles, responsibilities, management commitment, coordination among organizational entities, and compliance; and\n				2. Procedures to facilitate the implementation of the system and information integrity policy and associated system and information integrity controls; and\n			b. Reviews and updates the current:\n				1. System and information integrity policy [Assignment: organization-defined frequency]; and\n				2. System and information integrity procedures [Assignment: organization-defined frequency].\n		','SI-1','SYSTEM AND INFORMATION INTEGRITY POLICY AND PROCEDURES',0,'SI','SYSTEM AND INFORMATION INTEGRITY'),(816,2,'The organization: a. Identifies, reports, and corrects information system flaws; b. Tests software and firmware updates related to flaw remediation for effectiveness and potential side effects before installation; c. Installs security-relevant software and firmware updates within [Assignment: organization-defined time period] of the release of the updates; and d. Incorporates flaw remediation into the organizational configuration management process.\n		','SI-2','FLAW REMEDIATION',0,'SI','SYSTEM AND INFORMATION INTEGRITY'),(817,2,'The organization centrally manages the flaw remediation process.\n		','SI-2(1)','FLAW REMEDIATION | CENTRAL MANAGEMENT',1,'SI','SYSTEM AND INFORMATION INTEGRITY'),(818,2,'The organization employs automated mechanisms [Assignment: organization-defined frequency] to determine the state of information system components with regard to flaw remediation.\n		','SI-2(2)','FLAW REMEDIATION | AUTOMATED FLAW REMEDIATION STATUS',2,'SI','SYSTEM AND INFORMATION INTEGRITY'),(819,2,'The organization: (a) Measures the time between flaw identification and flaw remediation; and (b) Establishes [Assignment: organization-defined benchmarks] for taking corrective actions.\n		','SI-2(3)','FLAW REMEDIATION | TIME TO REMEDIATE FLAWS / BENCHMARKS FOR CORRECTIVE ACTIONS',3,'SI','SYSTEM AND INFORMATION INTEGRITY'),(820,2,'Withdrawn: Incorporated into SI-2.\n		','SI-2(4)','FLAW REMEDIATION | AUTOMATED PATCH MANAGEMENT TOOLS',4,'SI','SYSTEM AND INFORMATION INTEGRITY'),(821,2,'The organization installs [Assignment: organization-defined security-relevant software and firmware updates] automatically to [Assignment: organization-defined information system components].\n		','SI-2(5)','FLAW REMEDIATION | AUTOMATIC SOFTWARE / FIRMWARE UPDATES',5,'SI','SYSTEM AND INFORMATION INTEGRITY'),(822,2,'The organization removes [Assignment: organization-defined software and firmware components] after updated versions have been installed.\n		','SI-2(6)','FLAW REMEDIATION | REMOVAL OF PREVIOUS VERSIONS OF SOFTWARE / FIRMWARE',6,'SI','SYSTEM AND INFORMATION INTEGRITY'),(823,3,'The organization:\n			a. Employs malicious code protection mechanisms at information system entry and exit points to detect and eradicate malicious code;\n			b. Updates malicious code protection mechanisms whenever new releases are available in accordance with organizational configuration management policy and procedures;\n			c. Configures malicious code protection mechanisms to:\n				1. Perform periodic scans of the information system [Assignment: organization-defined frequency] and real-time scans of files from external sources at [Selection (one or more); endpoint; network entry/exit points] as the files are downloaded, opened, or executed in accordance with organizational security policy; and\n				2. [Selection (one or more): block malicious code; quarantine malicious code; send alert to administrator; [Assignment: organization-defined action]] in response to malicious code detection; and\n			d. Addresses the receipt of false positives during malicious code detection and eradication and the resulting potential impact on the availability of the information system.\n		','SI-3','MALICIOUS CODE PROTECTION',0,'SI','SYSTEM AND INFORMATION INTEGRITY'),(824,3,'The organization centrally manages malicious code protection mechanisms.\n		','SI-3(1)','MALICIOUS CODE PROTECTION | CENTRAL MANAGEMENT',1,'SI','SYSTEM AND INFORMATION INTEGRITY'),(825,3,'The information system automatically updates malicious code protection mechanisms.\n		','SI-3(2)','MALICIOUS CODE PROTECTION | AUTOMATIC UPDATES',2,'SI','SYSTEM AND INFORMATION INTEGRITY'),(826,3,'Withdrawn: Incorporated into AC-6 (10).\n		','SI-3(3)','MALICIOUS CODE PROTECTION | NON-PRIVILEGED USERS',3,'SI','SYSTEM AND INFORMATION INTEGRITY'),(827,3,'The information system updates malicious code protection mechanisms only when directed by a privileged user.\n		','SI-3(4)','MALICIOUS CODE PROTECTION | UPDATES ONLY BY PRIVILEGED USERS',4,'SI','SYSTEM AND INFORMATION INTEGRITY'),(828,3,'Withdrawn: Incorporated into MP-7.\n		','SI-3(5)','MALICIOUS CODE PROTECTION | PORTABLE STORAGE DEVICES',5,'SI','SYSTEM AND INFORMATION INTEGRITY'),(829,3,'The organization: (a) Tests malicious code protection mechanisms [Assignment: organization-defined frequency] by introducing a known benign, non-spreading test case into the information system; and (b) Verifies that both detection of the test case and associated incident reporting occur.\n		','SI-3(6)','MALICIOUS CODE PROTECTION | TESTING / VERIFICATION',6,'SI','SYSTEM AND INFORMATION INTEGRITY'),(830,3,'The information system implements nonsignature-based malicious code detection mechanisms.\n		','SI-3(7)','MALICIOUS CODE PROTECTION | NONSIGNATURE-BASED DETECTION',7,'SI','SYSTEM AND INFORMATION INTEGRITY'),(831,3,'The information system detects [Assignment: organization-defined unauthorized operating system commands] through the kernel application programming interface at [Assignment: organization-defined information system hardware components] and [Selection (one or more): issues a warning; audits the command execution; prevents the execution of the command].\n		','SI-3(8)','MALICIOUS CODE PROTECTION | DETECT UNAUTHORIZED COMMANDS',8,'SI','SYSTEM AND INFORMATION INTEGRITY'),(832,3,'The information system implements [Assignment: organization-defined security safeguards] to authenticate [Assignment: organization-defined remote commands].\n		','SI-3(9)','MALICIOUS CODE PROTECTION | AUTHENTICATE REMOTE COMMANDS',9,'SI','SYSTEM AND INFORMATION INTEGRITY'),(833,3,'The organization: (a) Employs [Assignment: organization-defined tools and techniques] to analyze the characteristics and behavior of malicious code; and (b) Incorporates the results from malicious code analysis into organizational incident response and flaw remediation processes.\n		','SI-3(10)','MALICIOUS CODE PROTECTION | MALICIOUS CODE ANALYSIS',10,'SI','SYSTEM AND INFORMATION INTEGRITY'),(834,4,'The organization:\n			a. Monitors the information system to detect:\n				1. Attacks and indicators of potential attacks in accordance with [Assignment: organization-defined monitoring objectives]; and\n				2. Unauthorized local, network, and remote connections;\n			b. Identifies unauthorized use of the information system through [Assignment: organization-defined techniques and methods];\n			c. Deploys monitoring devices:\n				1. Strategically within the information system to collect organization-determined essential information; and\n				2. At ad hoc locations within the system to track specific types of transactions of interest to the organization;\n			d. Protects information obtained from intrusion-monitoring tools from unauthorized access, modification, and deletion;\n			e. Heightens the level of information system monitoring activity whenever there is an indication of increased risk to organizational operations and assets, individuals, other organizations, or the Nation based on law enforcement information, intelligence information, or other credible sources of information;\n			f. Obtains legal opinion with regard to information system monitoring activities in accordance with applicable federal laws, Executive Orders, directives, policies, or regulations; and\n			g. Provides [Assignment: organization-defined information system monitoring information] to [Assignment: organization-defined personnel or roles] [Selection (one or more): as needed; [Assignment: organization-defined frequency]].\n		','SI-4','INFORMATION SYSTEM MONITORING',0,'SI','SYSTEM AND INFORMATION INTEGRITY'),(835,4,'The organization connects and configures individual intrusion detection tools into an information system-wide intrusion detection system.\n		','SI-4(1)','INFORMATION SYSTEM MONITORING | SYSTEM-WIDE INTRUSION DETECTION SYSTEM',1,'SI','SYSTEM AND INFORMATION INTEGRITY'),(836,4,'The organization employs automated tools to support near real-time analysis of events.\n		','SI-4(2)','INFORMATION SYSTEM MONITORING | AUTOMATED TOOLS FOR REAL-TIME ANALYSIS',2,'SI','SYSTEM AND INFORMATION INTEGRITY'),(837,4,'The organization employs automated tools to integrate intrusion detection tools into access control and flow control mechanisms for rapid response to attacks by enabling reconfiguration of these mechanisms in support of attack isolation and elimination.\n		','SI-4(3)','INFORMATION SYSTEM MONITORING | AUTOMATED TOOL INTEGRATION',3,'SI','SYSTEM AND INFORMATION INTEGRITY'),(838,4,'The information system monitors inbound and outbound communications traffic [Assignment: organization-defined frequency] for unusual or unauthorized activities or conditions.\n		','SI-4(4)','INFORMATION SYSTEM MONITORING | INBOUND AND OUTBOUND COMMUNICATIONS TRAFFIC',4,'SI','SYSTEM AND INFORMATION INTEGRITY'),(839,4,'The information system alerts [Assignment: organization-defined personnel or roles] when the following indications of compromise or potential compromise occur: [Assignment: organization-defined compromise indicators].\n		','SI-4(5)','INFORMATION SYSTEM MONITORING | SYSTEM-GENERATED ALERTS',5,'SI','SYSTEM AND INFORMATION INTEGRITY'),(840,4,'Withdrawn: Incorporated into AC-6 (10).\n		','SI-4(6)','INFORMATION SYSTEM MONITORING | RESTRICT NON-PRIVILEGED USERS',6,'SI','SYSTEM AND INFORMATION INTEGRITY'),(841,4,'The information system notifies [Assignment: organization-defined incident response personnel (identified by name and/or by role)] of detected suspicious events and takes [Assignment: organization-defined least-disruptive actions to terminate suspicious events].\n		','SI-4(7)','INFORMATION SYSTEM MONITORING | AUTOMATED RESPONSE TO SUSPICIOUS EVENTS',7,'SI','SYSTEM AND INFORMATION INTEGRITY'),(842,4,'Withdrawn: Incorporated into SI-4.\n		','SI-4(8)','INFORMATION SYSTEM MONITORING | PROTECTION OF MONITORING INFORMATION',8,'SI','SYSTEM AND INFORMATION INTEGRITY'),(843,4,'The organization tests intrusion-monitoring tools [Assignment: organization-defined frequency].\n		','SI-4(9)','INFORMATION SYSTEM MONITORING | TESTING OF MONITORING TOOLS',9,'SI','SYSTEM AND INFORMATION INTEGRITY'),(844,4,'The organization makes provisions so that [Assignment: organization-defined encrypted communications traffic] is visible to [Assignment: organization-defined information system monitoring tools].\n		','SI-4(10)','INFORMATION SYSTEM MONITORING | VISIBILITY OF ENCRYPTED COMMUNICATIONS',10,'SI','SYSTEM AND INFORMATION INTEGRITY'),(845,4,'The organization analyzes outbound communications traffic at the external boundary of the information system and selected [Assignment: organization-defined interior points within the system (e.g., subnetworks, subsystems)] to discover anomalies.\n		','SI-4(11)','INFORMATION SYSTEM MONITORING | ANALYZE COMMUNICATIONS TRAFFIC ANOMALIES',11,'SI','SYSTEM AND INFORMATION INTEGRITY'),(846,4,'The organization employs automated mechanisms to alert security personnel of the following inappropriate or unusual activities with security implications: [Assignment: organization-defined activities that trigger alerts].\n		','SI-4(12)','INFORMATION SYSTEM MONITORING | AUTOMATED ALERTS',12,'SI','SYSTEM AND INFORMATION INTEGRITY'),(847,4,'The organization: (a) Analyzes communications traffic/event patterns for the information system; (b) Develops profiles representing common traffic patterns and/or events; and (c) Uses the traffic/event profiles in tuning system-monitoring devices to reduce the number of false positives and the number of false negatives.\n		','SI-4(13)','INFORMATION SYSTEM MONITORING | ANALYZE TRAFFIC / EVENT PATTERNS',13,'SI','SYSTEM AND INFORMATION INTEGRITY'),(848,4,'The organization employs a wireless intrusion detection system to identify rogue wireless devices and to detect attack attempts and potential compromises/breaches to the information system.\n		','SI-4(14)','INFORMATION SYSTEM MONITORING | WIRELESS INTRUSION DETECTION',14,'SI','SYSTEM AND INFORMATION INTEGRITY'),(849,4,'The organization employs an intrusion detection system to monitor wireless communications traffic as the traffic passes from wireless to wireline networks.\n		','SI-4(15)','INFORMATION SYSTEM MONITORING | WIRELESS TO WIRELINE COMMUNICATIONS',15,'SI','SYSTEM AND INFORMATION INTEGRITY'),(850,4,'The organization correlates information from monitoring tools employed throughout the information system.\n		','SI-4(16)','INFORMATION SYSTEM MONITORING | CORRELATE MONITORING INFORMATION',16,'SI','SYSTEM AND INFORMATION INTEGRITY'),(851,4,'The organization correlates information from monitoring physical, cyber, and supply chain activities to achieve integrated, organization-wide situational awareness.\n		','SI-4(17)','INFORMATION SYSTEM MONITORING | INTEGRATED SITUATIONAL AWARENESS',17,'SI','SYSTEM AND INFORMATION INTEGRITY'),(852,4,'The organization analyzes outbound communications traffic at the external boundary of the information system (i.e., system perimeter) and at [Assignment: organization-defined interior points within the system (e.g., subsystems, subnetworks)] to detect covert exfiltration of information.\n		','SI-4(18)','INFORMATION SYSTEM MONITORING | ANALYZE TRAFFIC / COVERT EXFILTRATION',18,'SI','SYSTEM AND INFORMATION INTEGRITY'),(853,4,'The organization implements [Assignment: organization-defined additional monitoring] of individuals who have been identified by [Assignment: organization-defined sources] as posing an increased level of risk.\n		','SI-4(19)','INFORMATION SYSTEM MONITORING | INDIVIDUALS POSING GREATER RISK',19,'SI','SYSTEM AND INFORMATION INTEGRITY'),(854,4,'The organization implements [Assignment: organization-defined additional monitoring] of privileged users.\n		','SI-4(20)','INFORMATION SYSTEM MONITORING | PRIVILEGED USERS',20,'SI','SYSTEM AND INFORMATION INTEGRITY'),(855,4,'The organization implements [Assignment: organization-defined additional monitoring] of individuals during [Assignment: organization-defined probationary period].\n		','SI-4(21)','INFORMATION SYSTEM MONITORING | PROBATIONARY PERIODS',21,'SI','SYSTEM AND INFORMATION INTEGRITY'),(856,4,'The information system detects network services that have not been authorized or approved by [Assignment: organization-defined authorization or approval processes] and [Selection (one or more): audits; alerts [Assignment: organization-defined personnel or roles]].\n		','SI-4(22)','INFORMATION SYSTEM MONITORING | UNAUTHORIZED NETWORK SERVICES',22,'SI','SYSTEM AND INFORMATION INTEGRITY'),(857,4,'The organization implements [Assignment: organization-defined host-based monitoring mechanisms] at [Assignment: organization-defined information system components].\n		','SI-4(23)','INFORMATION SYSTEM MONITORING | HOST-BASED DEVICES',23,'SI','SYSTEM AND INFORMATION INTEGRITY'),(858,4,'The information system discovers, collects, distributes, and uses indicators of compromise.\n		','SI-4(24)','INFORMATION SYSTEM MONITORING | INDICATORS OF COMPROMISE',24,'SI','SYSTEM AND INFORMATION INTEGRITY'),(859,5,'The organization: a. Receives information system security alerts, advisories, and directives from [Assignment: organization-defined external organizations] on an ongoing basis; b. Generates internal security alerts, advisories, and directives as deemed necessary; c. Disseminates security alerts, advisories, and directives to: [Selection (one or more): [Assignment: organization-defined personnel or roles]; [Assignment: organization-defined elements within the organization]; [Assignment: organization-defined external organizations]]; and d. Implements security directives in accordance with established time frames, or notifies the issuing organization of the degree of noncompliance.\n		','SI-5','SECURITY ALERTS, ADVISORIES, AND DIRECTIVES',0,'SI','SYSTEM AND INFORMATION INTEGRITY'),(860,5,'The organization employs automated mechanisms to make security alert and advisory information available throughout the organization.\n		','SI-5(1)','SECURITY ALERTS, ADVISORIES, AND DIRECTIVES | AUTOMATED ALERTS AND ADVISORIES',1,'SI','SYSTEM AND INFORMATION INTEGRITY'),(861,6,'The information system: a. Verifies the correct operation of [Assignment: organization-defined security functions]; b. Performs this verification [Selection (one or more): [Assignment: organization-defined system transitional states]; upon command by user with appropriate privilege; [Assignment: organization-defined frequency]]; c. Notifies [Assignment: organization-defined personnel or roles] of failed security verification tests; and d. [Selection (one or more): shuts the information system down; restarts the information system; [Assignment: organization-defined alternative action(s)]] when anomalies are discovered.\n		','SI-6','SECURITY FUNCTION VERIFICATION',0,'SI','SYSTEM AND INFORMATION INTEGRITY'),(862,6,'Withdrawn: Incorporated into SI-6.\n		','SI-6(1)','SECURITY FUNCTION VERIFICATION | NOTIFICATION OF FAILED SECURITY TESTS',1,'SI','SYSTEM AND INFORMATION INTEGRITY'),(863,6,'The information system implements automated mechanisms to support the management of distributed security testing.\n		','SI-6(2)','SECURITY FUNCTION VERIFICATION | AUTOMATION SUPPORT FOR DISTRIBUTED TESTING',2,'SI','SYSTEM AND INFORMATION INTEGRITY'),(864,6,'The organization reports the results of security function verification to [Assignment: organization-defined personnel or roles].\n		','SI-6(3)','SECURITY FUNCTION VERIFICATION | REPORT VERIFICATION RESULTS',3,'SI','SYSTEM AND INFORMATION INTEGRITY'),(865,7,'The organization employs integrity verification tools to detect unauthorized changes to [Assignment: organization-defined software, firmware, and information].\n		','SI-7','SOFTWARE, FIRMWARE, AND INFORMATION INTEGRITY',0,'SI','SYSTEM AND INFORMATION INTEGRITY'),(866,7,'The information system performs an integrity check of [Assignment: organization-defined software, firmware, and information] [Selection (one or more): at startup; at [Assignment: organization-defined transitional states or security-relevant events]; [Assignment: organization-defined frequency]].\n		','SI-7(1)','SOFTWARE, FIRMWARE, AND INFORMATION INTEGRITY | INTEGRITY CHECKS',1,'SI','SYSTEM AND INFORMATION INTEGRITY'),(867,7,'The organization employs automated tools that provide notification to [Assignment: organization-defined personnel or roles] upon discovering discrepancies during integrity verification.\n		','SI-7(2)','SOFTWARE, FIRMWARE, AND INFORMATION INTEGRITY | AUTOMATED NOTIFICATIONS OF INTEGRITY VIOLATIONS',2,'SI','SYSTEM AND INFORMATION INTEGRITY'),(868,7,'The organization employs centrally managed integrity verification tools.\n		','SI-7(3)','SOFTWARE, FIRMWARE, AND INFORMATION INTEGRITY | CENTRALLY-MANAGED INTEGRITY TOOLS',3,'SI','SYSTEM AND INFORMATION INTEGRITY'),(869,7,'Withdrawn: Incorporated into SA-12.\n		','SI-7(4)','SOFTWARE, FIRMWARE, AND INFORMATION INTEGRITY | TAMPER-EVIDENT PACKAGING',4,'SI','SYSTEM AND INFORMATION INTEGRITY'),(870,7,'The information system automatically [Selection (one or more): shuts the information system down; restarts the information system; implements [Assignment: organization-defined security safeguards]] when integrity violations are discovered.\n		','SI-7(5)','SOFTWARE, FIRMWARE, AND INFORMATION INTEGRITY | AUTOMATED RESPONSE TO INTEGRITY VIOLATIONS',5,'SI','SYSTEM AND INFORMATION INTEGRITY'),(871,7,'The information system implements cryptographic mechanisms to detect unauthorized changes to software, firmware, and information.\n		','SI-7(6)','SOFTWARE, FIRMWARE, AND INFORMATION INTEGRITY | CRYPTOGRAPHIC PROTECTION',6,'SI','SYSTEM AND INFORMATION INTEGRITY'),(872,7,'The organization incorporates the detection of unauthorized [Assignment: organization-defined security-relevant changes to the information system] into the organizational incident response capability.\n		','SI-7(7)','SOFTWARE, FIRMWARE, AND INFORMATION INTEGRITY | INTEGRATION OF DETECTION AND RESPONSE',7,'SI','SYSTEM AND INFORMATION INTEGRITY'),(873,7,'The information system, upon detection of a potential integrity violation, provides the capability to audit the event and initiates the following actions: [Selection (one or more): generates an audit record; alerts current user; alerts [Assignment: organization-defined personnel or roles]; [Assignment: organization-defined other actions]].\n		','SI-7(8)','SOFTWARE, FIRMWARE, AND INFORMATION INTEGRITY | AUDITING CAPABILITY FOR SIGNIFICANT EVENTS',8,'SI','SYSTEM AND INFORMATION INTEGRITY'),(874,7,'The information system verifies the integrity of the boot process of [Assignment: organization-defined devices].\n		','SI-7(9)','SOFTWARE, FIRMWARE, AND INFORMATION INTEGRITY | VERIFY BOOT PROCESS',9,'SI','SYSTEM AND INFORMATION INTEGRITY'),(875,7,'The information system implements [Assignment: organization-defined security safeguards] to protect the integrity of boot firmware in [Assignment: organization-defined devices].\n		','SI-7(10)','SOFTWARE, FIRMWARE, AND INFORMATION INTEGRITY | PROTECTION OF BOOT FIRMWARE',10,'SI','SYSTEM AND INFORMATION INTEGRITY'),(876,7,'The organization requires that [Assignment: organization-defined user-installed software] execute in a confined physical or virtual machine environment with limited privileges.\n		','SI-7(11)','SOFTWARE, FIRMWARE, AND INFORMATION INTEGRITY | CONFINED ENVIRONMENTS WITH LIMITED PRIVILEGES',11,'SI','SYSTEM AND INFORMATION INTEGRITY'),(877,7,'The organization requires that the integrity of [Assignment: organization-defined user-installed software] be verified prior to execution.\n		','SI-7(12)','SOFTWARE, FIRMWARE, AND INFORMATION INTEGRITY | CONFINED ENVIRONMENTS WITH LIMITED PRIVILEGES',12,'SI','SYSTEM AND INFORMATION INTEGRITY'),(878,7,'The organization allows execution of binary or machine-executable code obtained from sources with limited or no warranty and without the provision of source code only in confined physical or virtual machine environments and with the explicit approval of [Assignment: organization-defined personnel or roles].\n		','SI-7(13)','SOFTWARE, FIRMWARE, AND INFORMATION INTEGRITY | CODE EXECUTION IN PROTECTED ENVIRONMENTS',13,'SI','SYSTEM AND INFORMATION INTEGRITY'),(879,7,'The organization: (a) Prohibits the use of binary or machine-executable code from sources with limited or no warranty and without the provision of source code; and (b) Provides exceptions to the source code requirement only for compelling mission/operational requirements and with the approval of the authorizing official.\n		','SI-7(14)','SOFTWARE, FIRMWARE, AND INFORMATION INTEGRITY | BINARY OR MACHINE EXECUTABLE CODE',14,'SI','SYSTEM AND INFORMATION INTEGRITY'),(880,7,'The information system implements cryptographic mechanisms to authenticate [Assignment: organization-defined software or firmware components] prior to installation.\n		','SI-7(15)','SOFTWARE, FIRMWARE, AND INFORMATION INTEGRITY | CODE AUTHENTICATION',15,'SI','SYSTEM AND INFORMATION INTEGRITY'),(881,7,'The organization does not allow processes to execute without supervision for more than [Assignment: organization-defined time period].\n		','SI-7(16)','SOFTWARE, FIRMWARE, AND INFORMATION INTEGRITY | TIME LIMIT ON PROCESS EXECUTION W/O SUPERVISION',16,'SI','SYSTEM AND INFORMATION INTEGRITY'),(882,8,'The organization: a. Employs spam protection mechanisms at information system entry and exit points to detect and take action on unsolicited messages; and b. Updates spam protection mechanisms when new releases are available in accordance with organizational configuration management policy and procedures.\n		','SI-8','SPAM PROTECTION',0,'SI','SYSTEM AND INFORMATION INTEGRITY'),(883,8,'The organization centrally manages spam protection mechanisms.\n		','SI-8(1)','SPAM PROTECTION | CENTRAL MANAGEMENT',1,'SI','SYSTEM AND INFORMATION INTEGRITY'),(884,8,'The information system automatically updates spam protection mechanisms.\n		','SI-8(2)','SPAM PROTECTION | AUTOMATIC UPDATES',2,'SI','SYSTEM AND INFORMATION INTEGRITY'),(885,8,'The information system implements spam protection mechanisms with a learning capability to more effectively identify legitimate communications traffic.\n		','SI-8(3)','SPAM PROTECTION | CONTINUOUS LEARNING CAPABILITY',3,'SI','SYSTEM AND INFORMATION INTEGRITY'),(886,9,'Withdrawn: Incorporated into AC-2, AC-3, AC-5, AC-6.\n		','SI-9','INFORMATION INPUT RESTRICTIONS',0,'SI','SYSTEM AND INFORMATION INTEGRITY'),(887,10,'The information system checks the validity of [Assignment: organization-defined information inputs].\n		','SI-10','INFORMATION INPUT VALIDATION',0,'SI','SYSTEM AND INFORMATION INTEGRITY'),(888,10,'The information system: (a) Provides a manual override capability for input validation of [Assignment: organization-defined inputs]; (b) Restricts the use of the manual override capability to only [Assignment: organization-defined authorized individuals]; and (c) Audits the use of the manual override capability.\n		','SI-10(1)','INFORMATION INPUT VALIDATION | MANUAL OVERRIDE CAPABILITY',1,'SI','SYSTEM AND INFORMATION INTEGRITY'),(889,10,'The organization ensures that input validation errors are reviewed and resolved within [Assignment: organization-defined time period].\n		','SI-10(2)','INFORMATION INPUT VALIDATION | REVIEW / RESOLUTION OF ERRORS',2,'SI','SYSTEM AND INFORMATION INTEGRITY'),(890,10,'The information system behaves in a predictable and documented manner that reflects organizational and system objectives when invalid inputs are received.\n		','SI-10(3)','INFORMATION INPUT VALIDATION | PREDICTABLE BEHAVIOR',3,'SI','SYSTEM AND INFORMATION INTEGRITY'),(891,10,'The organization accounts for timing interactions among information system components in determining appropriate responses for invalid inputs.\n		','SI-10(4)','INFORMATION INPUT VALIDATION | REVIEW / TIMING INTERACTIONS',4,'SI','SYSTEM AND INFORMATION INTEGRITY'),(892,10,'The organization restricts the use of information inputs to [Assignment: organization-defined trusted sources] and/or [Assignment: organization-defined formats].\n		','SI-10(5)','INFORMATION INPUT VALIDATION | RESTRICT INPUTS TO TRUSTED SOURCES AND APPROVED FORMATS',5,'SI','SYSTEM AND INFORMATION INTEGRITY'),(893,11,'The information system: a. Generates error messages that provide information necessary for corrective actions without revealing information that could be exploited by adversaries; and b. Reveals error messages only to [Assignment: organization-defined personnel or roles].\n		','SI-11','ERROR HANDLING',0,'SI','SYSTEM AND INFORMATION INTEGRITY'),(894,12,'The organization handles and retains information within the information system and information output from the system in accordance with applicable federal laws, Executive Orders, directives, policies, regulations, standards, and operational requirements.\n		','SI-12','INFORMATION HANDLING AND RETENTION',0,'SI','SYSTEM AND INFORMATION INTEGRITY'),(895,13,'The organization: a. Determines mean time to failure (MTTF) for [Assignment: organization-defined information system components] in specific environments of operation; and b. Provides substitute information system components and a means to exchange active and standby components at [Assignment: organization-defined MTTF substitution criteria].\n		','SI-13','PREDICTABLE FAILURE PREVENTION',0,'SI','SYSTEM AND INFORMATION INTEGRITY'),(896,13,'The organization takes information system components out of service by transferring component responsibilities to substitute components no later than [Assignment: organization-defined fraction or percentage] of mean time to failure.\n		','SI-13(1)','PREDICTABLE FAILURE PREVENTION | TRANSFERRING COMPONENT RESPONSIBILITIES',1,'SI','SYSTEM AND INFORMATION INTEGRITY'),(897,13,'Withdrawn: Incorporated into SI-7 (16).\n		','SI-13(2)','PREDICTABLE FAILURE PREVENTION | TIME LIMIT ON PROCESS EXECUTION WITHOUT SUPERVISION',2,'SI','SYSTEM AND INFORMATION INTEGRITY'),(898,13,'The organization manually initiates transfers between active and standby information system components [Assignment: organization-defined frequency] if the mean time to failure exceeds [Assignment: organization-defined time period].\n		','SI-13(3)','PREDICTABLE FAILURE PREVENTION | MANUAL TRANSFER BETWEEN COMPONENTS',3,'SI','SYSTEM AND INFORMATION INTEGRITY'),(899,13,'The organization, if information system component failures are detected: (a) Ensures that the standby components are successfully and transparently installed within [Assignment: organization-defined time period]; and (b) [Selection (one or more): activates [Assignment: organization-defined alarm]; automatically shuts down the information system].\n		','SI-13(4)','PREDICTABLE FAILURE PREVENTION | STANDBY COMPONENT INSTALLATION / NOTIFICATION',4,'SI','SYSTEM AND INFORMATION INTEGRITY'),(900,13,'The organization provides [Selection: real-time; near real-time] [Assignment: organization-defined failover capability] for the information system.\n		','SI-13(5)','PREDICTABLE FAILURE PREVENTION | FAILOVER CAPABILITY',5,'SI','SYSTEM AND INFORMATION INTEGRITY'),(901,14,'The organization implements non-persistent [Assignment: organization-defined information system components and services] that are initiated in a known state and terminated [Selection (one or more): upon end of session of use; periodically at [Assignment: organization-defined frequency]].\n		','SI-14','NON-PERSISTENCE',0,'SI','SYSTEM AND INFORMATION INTEGRITY'),(902,14,'The organization ensures that software and data employed during information system component and service refreshes are obtained from [Assignment: organization-defined trusted sources].\n		','SI-14(1)','NON-PERSISTENCE | REFRESH FROM TRUSTED SOURCES',1,'SI','SYSTEM AND INFORMATION INTEGRITY'),(903,15,'The information system validates information output from [Assignment: organization-defined software programs and/or applications] to ensure that the information is consistent with the expected content.\n		','SI-15','INFORMATION OUTPUT FILTERING',0,'SI','SYSTEM AND INFORMATION INTEGRITY'),(904,16,'The information system implements [Assignment: organization-defined security safeguards] to protect its memory from unauthorized code execution.\n		','SI-16','MEMORY PROTECTION',0,'SI','SYSTEM AND INFORMATION INTEGRITY'),(905,17,'The information system implements [Assignment: organization-defined fail-safe procedures] when [Assignment: organization-defined failure conditions occur].\n		','SI-17','FAIL-SAFE PROCEDURES',0,'SI','SYSTEM AND INFORMATION INTEGRITY');
/*!40000 ALTER TABLE `controls` ENABLE KEYS */;
UNLOCK TABLES;

--
-- Table structure for table `controls_metrics`
--

DROP TABLE IF EXISTS `controls_metrics`;
/*!40101 SET @saved_cs_client     = @@character_set_client */;
/*!40101 SET character_set_client = utf8 */;
CREATE TABLE `controls_metrics` (
  `control_id` bigint(20) NOT NULL,
  `metrics_id` bigint(20) NOT NULL,
  PRIMARY KEY (`control_id`,`metrics_id`),
  KEY `FK3vsum655iaa1hsc0kn6ji31sd` (`metrics_id`),
  CONSTRAINT `FK3vsum655iaa1hsc0kn6ji31sd` FOREIGN KEY (`metrics_id`) REFERENCES `metrics` (`id`),
  CONSTRAINT `FKnqrdl5uv7wvfwh2l1thtf8v0` FOREIGN KEY (`control_id`) REFERENCES `controls` (`id`)
) ENGINE=InnoDB DEFAULT CHARSET=utf8;
/*!40101 SET character_set_client = @saved_cs_client */;

--
-- Dumping data for table `controls_metrics`
--

LOCK TABLES `controls_metrics` WRITE;
/*!40000 ALTER TABLE `controls_metrics` DISABLE KEYS */;
INSERT INTO `controls_metrics` VALUES (299,1),(316,1),(324,1),(398,1),(691,1),(695,1),(895,1),(303,2),(324,2),(398,2),(691,2),(695,2),(895,2),(398,3),(398,4),(409,4),(398,5),(409,5),(834,5),(398,6),(409,6),(834,6),(398,7),(418,7),(816,8),(299,9),(610,9),(788,9),(695,10),(285,11),(287,11),(300,11),(316,11),(322,11),(324,11),(865,11),(866,11),(867,11),(870,11),(285,12),(287,12),(300,12),(316,12),(322,12),(324,12),(865,12),(866,12),(867,12),(870,12),(729,13),(762,13),(813,14),(720,15),(776,16),(748,17),(216,18),(570,18),(219,19),(571,19),(216,20),(570,20),(138,21),(139,21),(144,21),(154,21),(720,22),(720,23),(720,24),(93,25),(190,25),(349,25),(379,25),(720,25),(725,25),(729,25),(735,25),(762,25),(729,26),(735,26),(136,27),(190,29),(1,35),(2,35),(16,35),(762,35),(834,36),(735,37),(281,38),(691,38),(795,38),(281,39),(691,39),(776,39),(409,40),(834,40),(24,41),(391,43),(398,43),(816,44),(409,45),(834,45),(398,46),(418,46),(816,47),(234,48),(398,49),(139,53),(834,56),(834,57),(398,58),(409,58),(834,58),(398,59),(409,59),(834,59),(720,63),(773,63),(144,64),(411,69),(834,69),(570,70),(91,71),(2,72),(16,72),(335,72),(411,73),(834,73),(213,74),(570,74),(816,75),(570,76),(226,81),(234,81),(293,82),(426,83),(448,83),(465,84),(499,85),(834,85),(398,86),(409,86),(834,86),(2,87),(541,87),(2,88),(552,88),(585,89),(735,90),(123,94),(841,94);
/*!40000 ALTER TABLE `controls_metrics` ENABLE KEYS */;
UNLOCK TABLES;

--
-- Table structure for table `controls_questions_control`
--

DROP TABLE IF EXISTS `controls_questions_control`;
/*!40101 SET @saved_cs_client     = @@character_set_client */;
/*!40101 SET character_set_client = utf8 */;
CREATE TABLE `controls_questions_control` (
  `control_id` bigint(20) NOT NULL,
  `questions_control_id` bigint(20) NOT NULL,
  PRIMARY KEY (`control_id`,`questions_control_id`),
  KEY `FK3xvj5jdn7dpulqk2mhay5h55e` (`questions_control_id`),
  CONSTRAINT `FK3xvj5jdn7dpulqk2mhay5h55e` FOREIGN KEY (`questions_control_id`) REFERENCES `questions_control` (`id`),
  CONSTRAINT `FKqvsj812jvpnedpbijoaufmxcn` FOREIGN KEY (`control_id`) REFERENCES `controls` (`id`)
) ENGINE=InnoDB DEFAULT CHARSET=utf8;
/*!40101 SET character_set_client = @saved_cs_client */;

--
-- Dumping data for table `controls_questions_control`
--

LOCK TABLES `controls_questions_control` WRITE;
/*!40000 ALTER TABLE `controls_questions_control` DISABLE KEYS */;
INSERT INTO `controls_questions_control` VALUES (334,1),(378,2),(334,3),(1,4),(768,4),(363,5),(366,5),(362,6),(362,7),(389,8),(379,9),(369,10),(379,10),(362,11),(362,12),(367,13),(334,14),(386,14),(369,15),(368,16),(389,17),(362,18),(363,19),(390,20),(366,21),(334,22),(386,22),(334,23),(362,24),(366,25),(369,25),(51,26),(71,27),(72,27),(74,27),(762,27),(763,28),(72,29),(74,29),(74,30),(75,31),(762,32),(765,33),(762,34),(762,35),(763,35),(762,36),(71,37),(70,38),(74,38),(75,39),(762,39),(51,40),(2,41),(1,42),(1,43),(768,43),(1,44),(61,45),(91,46),(14,47),(66,47),(762,48),(51,49),(62,49),(50,50),(51,50),(16,51),(748,52),(720,53),(768,53),(768,54),(748,55),(91,56),(113,56),(762,56),(720,57),(748,58),(748,59),(748,60),(748,61),(748,62),(748,63),(748,64),(720,65),(720,66),(720,67),(720,68),(720,69),(720,70),(720,71),(720,72);
/*!40000 ALTER TABLE `controls_questions_control` ENABLE KEYS */;
UNLOCK TABLES;

--
-- Table structure for table `metrics`
--

DROP TABLE IF EXISTS `metrics`;
/*!40101 SET @saved_cs_client     = @@character_set_client */;
/*!40101 SET character_set_client = utf8 */;
CREATE TABLE `metrics` (
  `id` bigint(20) NOT NULL AUTO_INCREMENT,
  `applicability` varchar(255) DEFAULT NULL,
  `default_value` longtext,
  `formula` longtext,
  `metric_description` longtext,
  `metric_id` varchar(255) DEFAULT NULL,
  `metric_name` varchar(255) DEFAULT NULL,
  `operator` longtext,
  `source` varchar(255) DEFAULT NULL,
  `unit` varchar(255) DEFAULT NULL,
  `value_description` longtext,
  `value_range` longtext,
  PRIMARY KEY (`id`),
  UNIQUE KEY `UK_ka8a9k1o4g7c442qe9pmwnlhx` (`metric_id`)
) ENGINE=InnoDB AUTO_INCREMENT=96 DEFAULT CHARSET=utf8;
/*!40101 SET character_set_client = @saved_cs_client */;

--
-- Dumping data for table `metrics`
--

LOCK TABLES `metrics` WRITE;
/*!40000 ALTER TABLE `metrics` DISABLE KEYS */;
INSERT INTO `metrics` VALUES (1,'AV','','Percentage of time in which data access is available to data owners','Data protection','DATA_AV','Data availability','n/a','ge (<=)','0 <= integer <= 100','%','Output=uptime / (uptime+downtime)'),(2,'AV','','Percentage of time in which service access is available to users','SW component/system protection','SERVICE_AV','Service availability','n/a','ge (<=)','0 <= integer <= 100','%',''),(3,'COST','','This metric indicates the total expenses incurred due to compensatory damages.','management','COMPENSATORY_COST','Total expenses due to compensatory damages','n/a','leq(<=)','integer > 0','euros','\"E_i: Expenses due to compensatory damage associated to incident i (expressed in a given currency, such as Euros) N: Total number of incidents that incurred in damagesOutput = Sum1_N(E_i)\"'),(4,'COST','','\"This metric indicates the average expenses due to compensatory damages per upheld complaint/incident\"','management','AVG_COMPENSATORY_COST','Average expenses due to compensatory damages','n/a','leq(<=)','integer > 0','euros','\"E_i: Expenses due to compensatory damage associated to incident i (expressed in a given currency, such as Euros) N Total number of incidents that incurred in damagesOutput = (1/N)* Sum1_N(E_i)\"'),(5,'COST','','This metric measures the total cost to the organization from security incidents occurring during the metric time period.','management','INCIDENTS_COST','Cost of Incidents','n/a','leq(<=)','integer>0','euros ','COI = SUM(Direct Loss + Cost of Business System Downtime + Cost of Containment + Cost of Recovery + Cost of Restitution)'),(6,'COST','','This metric measures the mean cost to the organization from security incidents identified relative to the number of incidents that occurred during the metric time period.','management','AVG_INCIDENT_COST','Mean Cost of Incidence','n/a','leq(<=)','integer>0','euros per incident',' Output = SUM(Direct Loss + Cost of Business System Downtime + Cost of Containment + Cost of Recovery + Cost of Restitution) /Count(incidents)'),(7,'COST','','This metric measures the cost of returning business systems to their pre-incident condition.','management','AVG_INCIDENT_RECOV_COST','Mean Incident Recovery Cost','n/a','leq(<=)','integer>0','euros per incident',' Output = SUM(recovery costs) / Count(incidents)'),(8,'COST','','The goal of this metric is to understand the effort required for patch management activities.','management','AVG_PATCH_COST','Mean Cost to Patch','n/a','leq(<=)','integer>0','euros per patch',' Output = SUM(patch costs) / Count(deployed patches)'),(9,'DL','','This metric defines the geolocation of the datacenter  infrastrucure for governance and compliance purposes','Data protection','INFR_DATA_LOCATION','Datacenter Location','','eq (=)','geographical zone','n/a',''),(10,'EFF','','It measures the efficiency of cloud resources allocated to application, to determine the utilisation','SW component/system protection','RES_UTILIZATION_EFF','Resource Utilization Efficiency','n/a','ge(>=)','0 <= integer <= 100','%','Output=(used resources/ total resources)*100'),(11,'FA','','This metric ensures the EU that any WS violation to his stored data will be detected in a defined period of time (detection periods are less than 2*epoch). In case of WS violations, the EU will be notified, and the system will be restored to the state of the last finished epoch.','Data protection','DATA_WS_ON','Write-Serializability Activation','yes','eq (=)','yes / no','n/a',''),(12,'FA','','This metric ensures the EU that any RF violation to his stored data will be detected in a defined period of time (detection periods are less than 2*epoch). In case of RF violations, the EU will be notified, and the system will be restored to the state of the last finished epoch.','Data protection','DATA_RF_ON','Read-Freshness Activation','yes','eq (=)','yes / no','n/a',''),(13,'FA','','This metric ensures that the encrypted data sent through a session of the TLS secure channel cannot be decrypted even if the cryptographic data, used to generate the cryptographic credentials for that session, are compromised.','Communication protection','FWSEC_ON','Forward Secrecy Activation','yes','eq (=)','yes / no','n/a',''),(14,'FA','','This metric enables the feature of the HTTP transport layer that declares the web content available only over a secure HTTP connection.','Communication protection','HSTS_ON','HTTP Strict Transport Security Activation','yes','eq (=)','yes / no','n/a',''),(15,'FA','','This metric enables the feature of the HTTP delivery service that forces clients to use only secure HTTP protocol.','Communication protection','HTTPS_ON','HTTP to HTTPS Redirect Activation','yes','eq (=)','yes / no','n/a',''),(16,'FA','','This metric enables the feature of the HTTP protocol that forces the clients to download session cookies, delivered by the HTTP services, only through a secured HTTP communication','Communication protection','SEC_COOKIES_ON','Secure Cookies Enforcement','yes','eq (=)','yes / no','n/a',''),(17,'FA','','This metric enables the feature of the HTTP protocol allowing the verification of the SSL certificates between the client and the HTTP service where the hash of the public certificate is pinned into the HTTP response.','Communication protection','CERT_PIN_ON','Certificate Pinning Activation','no','eq (=)','yes / no','n/a',''),(18,'FOP','','It represents the frequency of software vulnerability scanning. ','SW component/system protection','VULN_SCAN_FREQ','Vulnerability Scanning Frequency','24','eq (=)','integer > 0','hours',''),(19,'FOP','','It represents the vulnerability list update frequency (from an available repository such as OVAL/NDV)','SW component/system protection','VULN-LIST_UPD_FREQ','Vulnerability-List Update Frequency','24','eq (=)','integer > 0','hours',''),(20,'FOP','','This metric sets the frequency of checks for updates and upgrades of vulnerable installed libraries. ','SW component/system protection','SW_UPDATE_CHECK_FREQ','SW Update Check Frequency','24','eq (=)','integer > 0','hours',''),(21,'FOP','','It measures the average frequency of audit records review and analysis for inappropriate activity .','SW component/system protection','AUDIT_RECORD_FREQ','Audit Record Generation Frequency','n/a','ge (>=)','integer > 0','days','Average frequency during reporting period '),(22,'k-anonimity','','\"This metrics ensures that, given person-specific field-structured data, the individuals who are the subjects of the data cannot be re-identified while the data remain practically useful. Data is said to have the k-anonymity property if the information for each person contained in the release cannot be distinguished from at least k-1 individuals whose information also appear in the release.\"','Data protection','K_ANONIMITY_ON','k-anonimity','','eq (=)','','',''),(23,'l-diversity','','\"This metric ensures l-diversity, which is a form of group based anonymization that is used to preserve privacy in data sets by reducing the granularity of a data representation. This reduction is a trade off that results in some loss of effectiveness of data management or mining algorithms in order to gain some privacy. The l-diversity model is an extension of the k-anonymity model which reduces the granularity of data representation using techniques including generalization and suppression such that any given record maps onto at least k other records in the data.\"','Data protection','L_DIVERSITY_ON','l-diversity','','eq (=)','','',''),(24,'t-closeness','','This metric ensures the t-closeness feature, which is a further refinement of l-diversity group based anonymization that is used to preserve privacy in data sets by reducing the granularity of a data representation. This reduction is a trade off that results in some loss of effectiveness of data management or mining algorithms in order to gain some privacy. The t-closeness model extends the l-diversity model by treating the values of an attribute distinctly by taking into account the distribution of data values for that attribute.','Data protection','T_CLOSENESS_ON','t-closeness','','eq (=)','','',''),(25,'LOC','\"Level 0 <= Data confidentiality does not satisfy any of the next levels. Level 1 <= Data may be accessible by the cloud provider personnel for regular operational purposes, under the control of an authentication, authorization and accounting (AAA) mechanism. Level 2 <= Technical and organizational measures are in place so that data may only be  accessible to privileged CSP personnel (administrators) for debugging or maintenance  purposes, under the control of an AAA  mechanism. Level 3 <= Technical and organizational measures are in place so that data is only accessible to privileged CSP personnel to respond to law enforcement or extraordinary requests made by the client, under the control of an AAA mechanism. Level 4 <= Data is encrypted by the client with cryptographic keys that cannot be ascertained by the provider.\"','This metric indicates the level of confidentiality achieved by a system regarding client data independently of the means used to achieve this objective.','Data protection','CONFID_LEVEL','Level of confidentiality','0','ge (>=)','0 <= integer <= 4','(level)',''),(26,'LOC','\"Level 0 <= Access to decrypted data or cryptographic secrets by the CSP is necessary to provide some functionalities of the service. Level 1 <= Access to decrypted data or cryptographic secrets is available to specific personnel of the CSP, for administrative or debugging purposes only. Level 2 <= Access to decrypted data or cryptographic secrets is available to specific personnel  of the CSP, for administrative or debugging purposes only. It is governed by the principle of dual control and split knowledge. Level 3 <= Access to decrypted data or cryptographic secrets is available to specific personnel of the CSP in exceptional circumstances only. It is governed by the principle of dual control and split knowledge, under the supervision of a hardware security module. Level 4 <= Cryptographic secrets needed to decrypt the data are known to the cloud client only.\"','\"This metric indicator of key exposure to reflect the level of confidentiality afforded to cryptographic secrets, from a cloud client point of view.\"','Data protection','KEY_EXPOSURE_LEVEL','Key Exposure Level','n/a','le (<=)','0 <= integer <= 4','(level)',''),(27,'LOC','\"Level 0 <= No records of training are maintained. Level 1 <= Records of training sessions are maintained, but there is no evidence of individual attendance. Level 2 <= Individual records of attendance are maintained. Level 3 <= Individual evaluation of the training contents is performed and recorded. Level 4 <= The training program includes automated procedures for recording attendance as well as for evaluating personnel individually.\"','\"This metric describes the quality of the accounts given with respect to the privacy training and awareness programs in place.\"','management','ACC_TRAINING_LEVEL','Account of Privacy and Security Training','n/a','ge (>=)','0 <= integer <= 4','(level)',''),(28,'LOC','\"Level 0 <= No data isolation testing has been performed. Level 1 <= Read/write isolation has been tested. Level 2 <= Secure deletion has been tested, in addition to read/write isolation. Level 3 <= Absence of known side channel attacks has been tested, in addition to read/write and secure deletion.\"','\"This metric describes the level of testing that has been done by the cloud provider to assess how well data isolation is implemented.\"','Data protection, management','DATA_IS_TESTING_LEVEL','Data Isolation Testing Level','n/a','ge (>=)','0 <= integer <= 3','(level)',''),(29,'LOC','\"Level 0 <= No Consent: Consent is not obtained at or before collection of private data. Level 1 <= Implied Consent: The consent is infered from the behaviour of the data subject, or  even from failing to explicitly object. No opt-out or opt-in mechanisms are offered. Level 2 <= Opt-out Consent: Data subjects can take measures for prevent the collection of private data, but no opt-in mechanisms are offered. Level 3 <= Opt-in Consent: Data subjects explicitly grant permission for collecting or using private data.\"','\"This metric describes the type of consent obtained for collecting, using and sharing private data. The type of consent can be ranked in levels according to its preference.\"','Data protection, management','CONSENT_TYPE','Type of Consent','n/a','ge (>=)','0 <= integer <= 3','(level)',''),(30,'LOC','\"Level 1 <= Single notice: The organization provides only a single document describing the  privacy notice. Level 2 <= Multi-layer notice: The organization provides different layers of notices. Each layer  can present different degrees of information, as long as the union of all the layers is compliant  with applicable privacy regulations.\"','This metric describes the type of privacy notice provided by the collecting organization, depending on how the privacy notice is offered to the data subjects. Ideally, multi-layer notice should be provided so data subjects have the information necessary to make decisions at any point in time.','Data protection, management','NOTICE_TYPE','Type of notice','n/a','ge (>=)','0 <= integer <= 2','(level)',''),(31,'LOC','\"Level 0 - No procedures are established for permitting data subject access to their personal information.Level 1 - Procedures for data subject access exist but are not documented or consistent.Level 2 - Documented and consistent processes for data subject access are established. Employees responsible of such procedures are identified and trained on how to respond to requests. There also exist procedures for handling with denial of access.Level 3 - Automated and self-service procedures for data subject access are in place, including the case of denied access.\"','\"This metric describes the quality of the procedures in place for guaranteeing data subjects<= access to their personal information.\"','Data protection, management','DATA_SUBJ_ACCESS_PROCEDURES','Procedures for Data Subject Access Requests','n/a','ge (>=)','0 <= integer <= 3','(level)',''),(32,'LOC','','\"This metric describes quantitatively the level of readibility of a given text, computed fromthe number of sentences, words and syllables. This is of interest for assessing readibility of privacynotices and notifications, which should be written in a clear and concise way. This metric is known asthe Flesch Reading Ease Test, and is widely utilized for evaluating readibility.\"','management','PRI_NOTICE_READABILITY','Readability (Flesch Reading Ease Test)','n/a','ge (>=)','integer > 0','(readibility)','\"S: Total number of sentences in the textW: Total number of words in the textY: Total number of syllables in the textOutput = 206.835 _ 1.015 <= W/S _ 84.6 <= Y/W\"'),(33,'LOC','','\"This metric describes numerically at what level within the organization hierarchy theperson responsible for privacy is located.\"','management','PRI_RESP_LEVEL','Rank of Responsibility for Privacy','n/a','eq (=)','integer > 0','(person)','\"N: Number of superiors of the person responsible for privacy in the organization\'s hierarchyOutput = N\"'),(34,'LOC','\"Level 0 <= No integrity mechanisms are in placeLevel 1 <= Log integrity is protected only by access control measures.Level 2 <= Cryptographic mechanisms are in place for guaranteeing log unalterability or WORM  (Write Once Read Many) devices are used.\"','\"This metric describes the level of protection of the log management systems againsttampering.\"','SW component/system protection','LOG_INTEGRITY_LEVEL','Log Unalterability','n/a','ge (>=)','0 <= integer <= 2','(level)',''),(35,'LOC','\"Level 0 <= No authentication mechanisms are in place.Level 1 <= Simple challenge response mechanisms are allowed and no identity proofing is required.Level 2 <= Single factor remote network authentication is required','This metric describes the quality of the authentication mechanisms in place.','SW component/system protection','AUTHENTICATION_LEVEL','Identity Assurance',' in this case, authentication is successful if the claimant proves control of the authentication token through a secure authentication protocol.Level 3 <= Multifactor authentication mechanisms are in place. Proofs of control of the authentication token are done through a cryptographic protocol.Level 4 - Multifactor authentication with a hardware cryptographic token is required. Strong cryptographic mechanisms are required along physical tokens with a FIPS 140-2 level greater than 2, and identity proofing is done in person.\"','n/a','0 <= integer <= 4','level)',''),(36,'LOC','\"Level 0 <= No notification of privacy incidents is done, or it is done inconsistently.Level 1 <= General notification, usually as a public notice. Affected users may not be aware of the incidentLevel 2 <= Individual notification to each affected user.Level 3 <= Automated and self-service procedures for data subject access are in place, including the case of denied access.\"','This metric describes the quality of the notification procedures after a privacy incident or breach.','management','INCIDENT_NOTIF_QUALITY','Type of incident notification','n/a','ge (>=)','0 <= integer <= 3','(level)',''),(37,'LOC','\"LEVEL1: Attacks in \"\"real-time\"\" by individuals. Only acceptable for authentication tag size.LEVEL2: Very short-term protection against small organizations. Should not be used for confidentiality in new systems.LEVEL3: Short-term protection against medium organizations, medium-term protection against small organizations.LEVEL4: Very short-term protection against agencies, long-term protection against small organizations.LEVEL5: Legacy standard level.LEVEL6: Medium-term protection.LEVEL7: Long-term protection.LEVEL8: \"\"Foreseeable future\"\".\"','It is a measure of the strength of a cryptosystem in terms of the expected number of operations required to defeat the underlying cryptographic mechanism. The values (level 1-8) are based on ECRYPT II recommendations 2012 . https://www.keylength.com/en/3/ ','Data protection, Communication protection','CRYPTO_S','Cryptographic Strength','7','eq (=)','1 <= integer <= 8','(level)',''),(38,'LOC','','It represents the number of replicas of a software component that are set-up and kept active at the same time during system operation','SW component/system protection','LOR','Level of Redundancy','1','ge (<=)','integer > 0','n/a',''),(39,'LOC','','It represents the number of different software / hardware replicas of a software component that are set-up and kept active at the same time during system operation','SW component/system protection','LOD','Level of Diversity','1','ge (<=)','integer > 0','n/a',''),(40,'MTBE','','This metrics measures the mean time between two subsequent incidents','SW component/system protection, data protection, communication protection','MTB_INCIDENTS','Mean time between incidents','','','','',''),(41,'MTTC','','This attribute describes quantitatively how fast an organization revokes users<= access to data and organizationally-owned or managed (physical and virtual) applications, infrastructure systems, and network components, based on user\'s change in status (e.g., termination of employment or other business relationship, job change or transfer).','SW component/system protection, data protection, communication protection, management','MTT_REVOKE_USERS','Mean time to revoke users','n/a','le (<=)','integer > 0','hours','\"T_i: Revocation time for user i (expressed in a given time unit, such as hours) N: Total number of user revocation, for a given period of timeOutput = (1/N) *SUM(T_i)\"'),(42,'MTTC','','\"This metric indicates the average time that the organization takes for responding tocomplaints from stakeholders.\"','SW component/system protection, data protection, communication protection, management','MTT_RESPOND_COMPLAINTS','Mean time to respond to complaints','n/a','le (<=)','integer > 0','hours','\"T_i: Response time for complaint iN: Total number of complaintsOutput = (1/N) *SUM(T_i)\"'),(43,'MTTC','','This metric indicates the average time to react to a security incident','SW component/system protection, data protection, communication protection','MTT_REACT','Timeliness of reaction','n/a','le (<=)','integer>0','seconds',''),(44,'MTTC','','The metric measures the average time taken to deploy a critical patch to the organization<=s technologies','SW component/system protection','MTT_CRITICAL_PATCH','Mean Time to Deploy Critical Patches','n/a','le (<=)','integer>0','seconds','\"SUM(Date_of_Installation - Date_of_Notification )/Count(Completed_Critical_Patches )\"'),(45,'MTTC','','This metric measures the effectiveness of the organization in detecting security incidents, as it returns the average time to detect incidents','SW component/system protection, data protection, communication protection','MTT_DETECT_INCIDENT','Mean Time to Incident Discovery','n/a','le (<=)','integer>0','seconds','\"SUM(Date_of_Discovery - Date_of_Occurrence)/Count(Incidents)\"'),(46,'MTTC','','\"This metric measures the effectiveness of the organization to recovery from security incidents\"','SW component/system protection, data protection, communication protection','MTT_RECOVER','Mean Time to Incident Recovery','n/a','le (<=)','integer>0','seconds','\"SUM(Date_of_Recovery - Date_of_Occurrence)/ Count(Incidents)\"'),(47,'MTTC','','This metric measures the average time taken to deploy a patch to the organization<=s technologies','SW component/system protection','MTT_PATCH','Mean Time to Patch','n/a','le (<=)','integer>0','seconds','\"SUM(Date_of_Installation - Date_of_Availability )/ Count(Completed_Patches )\"'),(48,'MTTC','','The average time it takes to complete a configuration change request.','SW component/system protection','MTT_COMPLETE_CHANGES','Mean Time to Complete Changes','n/a','le (<=)','integer>0','seconds','\"Sum(Completion_Date - Submission_Date)/ Count(Completed_Changes)\"'),(49,'MTTC','','It measures the effectiveness of the organization to identify and contain security incidents.','SW component/system protection','MTT_CONTAINMENT','Mean Time from Discovery to Containment','n/a','le (<=)','integer>0','seconds','\"SUM(Date_of_Containment - Date_of_Discovery)/ Count(Incidents)\"'),(50,'NOE','','This metric describes the frequency of updates to the privacy program, policies and procedures by a competent role (e.g. Data Protection Officer (DPO)).','management','PRI_PROG_UPDTS','Privacy Program Updates','n/a','ge (>=)','integer > 0','(updates)','\"N: Number of scheduled updates to the privacy program, per yearOutput = N\"'),(51,'NOE','','\"This metric describes the periodicity of Privacy Impact Assessments for Information Systems\"','management','PERIODIC_PRI_ASSESSMENTS','Periodicity of Privacy Impact Assessments for Information Systems','n/a','ge (>=)','integer > 0','(assessments)','\"N: Number of scheduled Privacy Impact Assessments, per yearOutput = N\"'),(52,'NOE','','\"This metric describes how often employees certify their acceptance of responsibilities for activities that involve handling of private data.\"','Data protection, management','CERTIFICATIONS','Frequency of certifications','n/a','ge (>=)','integer > 0','(certifications)','\"N: Number of scheduled certifications of acceptance, per yearOutput = N\"'),(53,'NOE','','This metric describes the number of independent reviews and assessments performed to the privacy program, policies and procedures in place.','SW component/system protection, management','RCVD_PRIV_AUDITS','Number of privacy audits received','n/a','ge (>=)','integer > 0','n/a',''),(54,'NOE','','This metric describes the number of data subject access requests received during a given period of time.','Data protection','DATA_SUBJ_ACCESS_RQSTS','Number of Data Subject Access Requests','n/a','le (<=)','integer > 0','(access requests)','\"N: Number of data subject access requests received during a given period of timeOutput = N\"'),(55,'NOE','','This metric indicates the number of complaints received during a given period of time.','management','COMPLAINTS_NUMB','Number of complaints','n/a','eq (=)','integer > 0','(complaints)','\"N: Number of complaints received during a given period of timeOutput = N\"'),(56,'NOE','','\"This metric provides the number of privacy incidents and breaches that have occurred in a given period of time.\"','management','PRI_INCIDENT_NUMB','Number of privacy incidents','n/a','le (<=)','integer > 0','(incidents)','\"N Number of privacy incidents and breaches over a given periodOutput = N\"'),(57,'NOE','','\"This metric indicates the number of privacy incidents caused by a third party to whom personal information was transferred (i.e. Data Processors)\"','management','3RD-PARTY_PRI_INCIDENTS_NUMB','Privacy incidents caused by third parties','n/a','le (<=)','integer > 0','(incidents)','\"N: Number of privacy incidents and breaches over a given period caused by a third party processorOutput = N\"'),(58,'NOE','','\"This metric indicates the number of incidents that end up with compensatory or punitive damages.\"','management','DAMAGE_INCIDENTS','Incidents with damages','n/a','ge (>=)','integer > 0','(incidents)','\"N: Number of incidents that end up with compensatory or punitive damages, in a given period of timeOutput = N\"'),(59,'NOE','','It indicates the number of detected security incidents the organization has experiencedduring the metric time period. In combination with other metrics, this can indicate the level of threats, effectiveness of security controls, or incident detection capabilities','SW component/system protection, management','INCIDENTS','Number of Incidents','n/a','le (<=)','integer >=0','n/a','NI = Count(Incidents)'),(60,'NOE','','It is the number of known vulnerabilities that have been found on organization<=s systems during the vulnerability identification process (per catergory or severity)','SW component/system protection, management','VULNERABILITIES','Number of Vulnerabilities','n/a','le (<=)','integer>=0','n/a',''),(61,'NOE','','\"This metric indicates the number of business continuity resilience and incident response plans that have been tested in a given interval of time.\"','management','TESTED_BCR_PLANS','Number of Business Continuity Resilience (BCR) plans tested','n/a','le (<=)','integer > 0','(plans)','\"N: Number of BCR plans tests in a given period of timeOutput = N\"'),(62,'NOE','','\"This metric indicates the number and type of sanctions that the organization has received. The EU DPD defines different types of sanctions: (i) a notice addressed to the Data controller (e.g. for compulsory audit), (ii) a fine, (iii) an injunction dictating the end of processing operations, and (iv) a (temporary or permanent) revocation of the authorization allowing the processing of personal data.\"','management','SANCTIONS','Sanctions','n/a','eq (=)','integer > 0','(sanctions)','\"N1: Number of sanctions received in the form of notices N2: Number of sanctions received in the form of fines N3: Number of sanctions received in the form of injuctions N4: Number of sanctions received in the form of revocationsOutput = (N1, N2, N3, N4)\"'),(63,'PERC','','The metric represents  the percentage of encrypted stored data in the cloud infrastructure.','data protection','DATA_ENCRYPTION_PERC','Data encryption percentage','yes','eq (=)','0 <= integer <= 100','%',''),(64,'PERC','','This metric describes a percentage of the extent to which date is recorded when collecting, creating and updating private records. Date of data collection, creation and update is relevant for complying with data retention schedules.','Data protection, management','DATE_INDICATION_PERC','Record of Data Collection, Creation, and Update','n/a','ge (>=)','0 <= integer <= 100','%','\"N: Number of collected PII records for which the date is indicated T: Total number of collected PII recordsOutput = (N/T)*100\"'),(65,'PERC','n/a','\"This metric describes a percentage of the extent to which private data is identified andT:Total number of collected PII recordsOutput = (N/T)*100\"','Data protection, management','DATA_CLASSIFICATION_PERC','Data classification','ge (>=)','EU FP7 A4Cloud','%','','0 <= integer <= 100'),(66,'PERC','','This metric describes the coverage of authorizations for collecting personally identifiable information PII).','management','PII_AUTHORIZ_PERC','Authorized collection of PII','n/a','ge (>=)','0 <= integer <= 100','%','\"A: Number of collected PII records for which authorization from the data subject exists T: Total number of collected PII recordsOutput = (A/T)*100\"'),(67,'PERC','','\"This metric describes the percentage of the organization<=s IT budget that is allocated for establishing and maintaining a privacy program\"','management','PRI_BUDGET_PERC','Privacy Program Budget','n/a','ge (>=)','0 <= integer <= 100','%','\"B: Allocated budget to the privacy program T:Total budgetOutput = (B/T)*100\"'),(68,'PERC','','This metric describes the percentage of relevant employees who have received training on the privacy program and policies in place. The definition of relevant employee could vary (e.g., those that handle private data)','management','PRI_TRAINING_PERC','Coverage of Privacy and Security Training','n/a','le (<=)','0 <= integer <= 100','%','\"N: Number of relevant employees T: Number of employees who have received trainingOutput = (T/N)*100\"'),(69,'PERC','','This metric provides the percentage of privacy incidents and breaches for which affected stakeholders were notified, for a given period of time.','SW component/system protection, data protection, management','NOTIFIED_PRI_INCIDENTS_PERC','Coverage of incident notifications','n/a','ge (>=)','0 <= integer <= 100','%','\"N: Number of privacy incidents for which notification exists T: Total number of privacy incidents over a given periodOutput = (N/T)*100\"'),(70,'PERC','','It measures the percentage of the vulnerabilities ranked as HIGH in the NVD database that have been mitigated within organizationally defined time periods after discovery.','SW component/system protection, management','MITIGATED_HIGH_VULNS_PERC','Mitigated High Vulnerability Measure','n/a','ge (>=)','0 <= integer <= 100','%','(Number of high vulnerabilities identified and mitigated within targeted time frame during the time period /number of high vulnerabilities identified within the time period) *100 '),(71,'PERC','','It measures the percentage (%) of remote access points used to gain unauthorized access.','SW component/system protection, management','REMOTE_ACCESSES_PERC','Remote Access Control Measure','n/a','le (<=)','0 <= integer <= 100','%','(Number of remote access points used to gain unauthorized access/total number of remote access points) *100 '),(72,'PERC','','It measures the percentage (%) of users with access to shared accounts.','SW component/system protection, management','SHARED_ACCOUNTS_PERC','User Accounts Measure','n/a','le (<=)','0 <= integer <= 100','%','(Number of users with access to shared accounts/total number of users) *100 '),(73,'PERC','','It measures the percentage (%) of incidents reported within required time frame per applicable incident category.','SW component/system protection, management','REPORTED_INTIME_INCID_PERC','Incident Response Measure ','n/a','ge (>=)','0 <= integer <= 100','%','For each incident category (number of incidents reported on time/total number of reported incidents) *100 '),(74,'PERC','','It measures the percentage (%) of vulnerabilities remediated within organization-specified time frames.','SW component/system protection, management','REMEDIATED_INTIME_VULNS_PERC','Remediated Vulnerability Measure','n/a','ge (>=)','0 <= integer <= 100','%','(Number of vulnerabilities remediated according to POA&M schedule/total number of POA&M documented vulnerabilities identified through vulnerability scans) *100'),(75,'PERC','','It measures the percentage (%) of operating system vulnerabilities for which patches have been applied or that have been otherwise mitigated (over total number of applicable vulnerabilities found through scans)','SW component/system protection, management','MITIGATED_OS_VULNS_PERC','Mitigated OS Vulnerabilities','n/a','ge (>=)','0 <= integer <= 100','%','(Number of vulnerabilities addressed in distributed alerts and advisories for which patches have been implemented, determined as non-applicable, or granted a waiver/total number of applicable vulnerabilities identified through alerts and advisories and through vulnerability scans) *100 '),(76,'PERC','','It measures the percentage of the organization<=s systems under management that were checked for vulnerabilities during vulnerability scanning and identification processes. This metric is used to indicate the scope of vulnerability identification efforts.','SW component/system protection, management','VULN_SCANNED_SYSTEMS_PERC','Vulnerability Scanning Coverage','n/a','ge (>=)','0 <= integer <= 100','%','VSC=Count(Scanned_Systems)/ Count(All_Systems_Within_Organization ) *100'),(77,'PERC','','\"This metric describes the percentage of independent reviews and assessments performed to the policies and procedures in place for complying with applicable contractual and regulatory obligations.\"','management','RCVD_AUDITS_PERC','Successful audits received','n/a','ge (>=)','0 <= integer <= 100','%','\"S: Number of successful audits received A: Total number of audits receivedOutput = (S/A)*100\"'),(78,'PERC','','This metric describes the percentage of data subject access requests that have been responded and for which a record of the request and the response exists.','Data protection','DATA_SUBJ_ACCESS_RPLYS_PERC','Responded data subject access requests','n/a','ge (>=)','0 <= integer <= 100','%','\"R: Number of responses to data subject access requests N: Number of data subject access requests received during a given period of timeOutput = (R/N)*100\"'),(79,'PERC','','This metric describes the percentage of employees who have certified their acceptance of responsibilities for activities that involve handling of private data.','management','RESP_CERTIFICATION_PERC','Certification of acceptance of responsibility','n/a','ge (>=)','0 <= integer <= 100','%','\"N: Number of employees that are responsible of handling private data A: Number of employees who have effectively certified their responsibilityOutput = (A/N)*100\"'),(80,'PERC','','\"This metric indicates the percentage of complaints that have been reviewed during a given period of time.\"','management','REVIEWED_COMPLAINTS_PERC','Reviewed complaints','n/a','le (<=)','0 <= integer <= 100','%','\"R: Number of complaints that have been reviewed during a given period of time T: Total number of complaints received during a given period of timeOutput = (R/T)*100\"'),(81,'PERC','','\"It measures the percentage (%) approved and implemented configuration changes identified in the latest automated baseline configuration. \"','management','CONF_CHANGES_PERC','Configuration Changes Measure ','n/a','ge (>=)','0 <= integer <= 100','%','(Number of approved and implemented configuration changes identified in the latest automated baseline configuration/total number of configuration changes identified through automated scans) *100 '),(82,'PERC','','It measures the percentage (%) of information systems that have conducted annual contingency plan testing.','management','CONTINGENCY_PLAN_TESTED_SYSTEMS_PERC','Contingency Plan Testing Measure ','n/a','ge (>=)','0 <= integer <= 100','%','(Number of information systems that have conducted annual contingency plans testing/number of information systems in the system inventory) *100 '),(83,'PERC','','It measures the percentage (%) of system components that undergo maintenance in accordance with formal maintenance schedules.','management','MANTEINED_SYSTEMS_PERC','Maintenance Measure ','n/a','ge (>=)','0 <= integer <= 100','%','(Number of system components that undergo maintenance according to formal maintenance schedules/total number of system components) *100 '),(84,'PERC','','It measures the percentage (%) of media that passes sanitization procedures testing for FIPS 199 highimpact systems.','management','SANITIZED_MEDIA_PERC','Media Sanitization Measure ','n/a','ge (>=)','0 <= integer <= 100','%','(Number of media that passes sanitization procedures testing/total number of media tested) * 100 '),(85,'PERC','','It measures the percentage (%) of physical security incidents allowing unauthorized entry into facilities containing information systems.','management','PHY_INCIDENTS_PERC','Physical Security Incidents Measure','n/a','le (<=)','0 <= integer <= 100','%','(Number of physical security incidents allowing unauthorized entry into facilities containing information systems/total number of physical security incidents) *100 '),(86,'PERC','','It measures the percentage (%) of security incidents that were solved in a given period of time','SW component/system protection, management','INTIME_SOLVED_INCIDENTS_PERC','Percentage of timely incident resolutions','n/a','ge (>=)','0 <= integer <= 100','%','(Number of solved incidents in time t/total number of incidents detected in time t) *100 '),(87,'PERC','','It measures the percentage of employees who are authorized access to information systems only after they sign an acknowledgement that they have read and understood rules of behavior.','management','AUTHORIZED_USERS_PERC','Planning Measure','n/a','ge (>=)','0 <= integer <= 100','%','(Number of users who are granted system access after signing rules of behavior/total number of users with system access) *100 '),(88,'PERC','','It measures the percentage (%) of individuals screened before being granted access to organizational information and information systems .','management','PERSONNEL_SCREENING_PERC','Personnel Security Screening Measure','n/a','ge (>=)','0 <= integer <= 100','%','(Number of individuals screened/total number of individuals with access) *100 '),(89,'PERC','','It measures the percentage (%) of system and service acquisition contracts that include security requirements and/or specifications.','management','SECURITY_CONTRACTS_PERC','Service Acquisition Contract Measure','n/a','ge (>=)','0 <= integer <= 100','%','(Number of system and service acquisition contracts that include security requirements and specifications/total number of system and service acquisition contracts) *100 '),(90,'PERC','','\"It measures the percentage of mobile computers and devices that perform all cryptographic operations using FIPS 140-2 validated cryptographic modules operating in approved modes of operation. Strategic Goal: Accelerate the development and use of an electronic information infrastructure.  Information Security Goal: Allocate sufficient resources to adequately protect electronic information infrastructure.\"','management','DEVICE_PROTECTION_PERC','System and Communication Protection Measure','n/a','ge (>=)','0 <= integer <= 100','%','(Number of mobile computers and devices that perform all cryptographic operations using FIPS 140-2 validated cryptographic modules operating in approved modes of operation/total number of mobile computers and devices) *100 '),(91,'RL','','The metric returns the last location source of the request made by a user to the cloud service','Data protection, SW component/system protection','LAST_RQST_LOC','Most recent request location','','eq (=)','geographical zone','n/a',''),(92,'RL','','The metric returns the most frequency  location source of the request made by a user to the cloud service','Data protection, SW component/system protection','MOST_FREQ_RQST_LOC','Most frequent request location','','','geographical zone','n/a',''),(93,'TIME','','\"This metric indicates the maximum tolerable period for disruption, as defined by the organizations<= BCR plans.\"','management','MTPD','Maximum tolerable period for disruption (MTPD)','n/a','le (<=)','integer > 0','minutes','\"MTPD: Duration of the maximum tolerable period for disruption, expressed in a given time unit (e.g. minutes)Output = MTPD\"'),(94,'TIME','','The average time (in milliseconds) to answer a specific request (can be categorized by request)','SW component/system protection','APP_RSP_TIME','Application response time','1','le (<=)','integer > 0','milliseconds',''),(95,'','','Deviation from the normal use regarding different metrics (response time, nb of requests, nb of connected users etc.) at different day periods','SW component/system protection','SERVICE_DISRUPT','Service distruption','','','','','');
/*!40000 ALTER TABLE `metrics` ENABLE KEYS */;
UNLOCK TABLES;

--
-- Table structure for table `questions_control`
--

DROP TABLE IF EXISTS `questions_control`;
/*!40101 SET @saved_cs_client     = @@character_set_client */;
/*!40101 SET character_set_client = utf8 */;
CREATE TABLE `questions_control` (
  `id` bigint(20) NOT NULL AUTO_INCREMENT,
  `description` longtext,
  `source_id` varchar(255) DEFAULT NULL,
  `source_name` varchar(255) DEFAULT NULL,
  PRIMARY KEY (`id`),
  UNIQUE KEY `UK_4i6p9bpyqso992rgy0oiotxit` (`source_id`)
) ENGINE=InnoDB AUTO_INCREMENT=73 DEFAULT CHARSET=utf8;
/*!40101 SET character_set_client = @saved_cs_client */;

--
-- Dumping data for table `questions_control`
--

LOCK TABLES `questions_control` WRITE;
/*!40000 ALTER TABLE `questions_control` DISABLE KEYS */;
INSERT INTO `questions_control` VALUES (1,'Verify all pages and resources by default require authentication except those specifically intended to be public (Principle of complete mediation).','2.1','ASVS'),(2,'Verify that all password fields do not echo the user’s password when it is entered.','2.2','ASVS'),(3,'Verify all authentication controls are enforced on the server side.','2.4','ASVS'),(4,'Verify all authentication controls fail securely to ensure attackers cannot log in.','2.6','ASVS'),(5,'Verify password entry fields allow, or encourage, the use of passphrases, and do not prevent long passphrases/highly complex passwords being entered.','2.7','ASVS'),(6,'Verify all account identity authentication functions (such as update profile, forgot password, disabled / lost token, help desk or IVR) that might regain access to the account are at least as resistant to attack as the primary authentication mechanism.','2.8','ASVS'),(7,'Verify that the changing password functionality includes the old password, the new password, and a password confirmation.','2.9','ASVS'),(8,'Verify that all suspicious authentication decisions are logged. This should include requests with relevant metadata needed for security investigations.','2.12','ASVS'),(9,'Verify that account passwords make use of a sufficient strength encryption routine and that it withstands brute force attack against the encryption routine. ','2.13','ASVS'),(10,'Verify that credentials are transported using a suitable encrypted link and that all pages/functions that require a user to enter credentials are done so using an encrypted link.','2.16','ASVS'),(11,'Verify that the forgotten password function and other recovery paths do not reveal the current password and that the new password is not sent in clear text to the user.','2.17','ASVS'),(12,'Verify that information enumeration is not possible via login, password reset, or forgot account functionality. ','2.18','ASVS'),(13,'Verify there are no default passwords in use for the application framework or any components used by the application (such as \'admin/password\').','2.19','ASVS'),(14,'Verify that request throttling is in place to prevent automated attacks against common authentication attacks such as brute force attacks or denial of service attacks.','2.20','ASVS'),(15,'Verify that all authentication credentials for accessing services external to the application are encrypted and stored in a protected location. ','2.21','ASVS'),(16,'Verify that forgotten password and other recovery paths use a soft token, mobile push, or an offline recovery mechanism.','2.22','ASVS'),(17,'Verify that account lockout is divided into soft and hard lock status, and these are not mutually exclusive. If an account is temporarily soft locked out due to a brute force attack, this should not reset the hard lock status.','2.23','ASVS'),(18,'\"Verify that if knowledge based questions (also known as \"\"secret questions\"\") are required, the questions should be strong enough to protect the application.\"','2.24','ASVS'),(19,'Verify that the system can be configured to disallow the use of a configurable number of previous passwords.','2.25','ASVS'),(20,'Verify re-authentication, step up or adaptive authentication, two factor authentication, or transaction signing is required before any application-specific sensitive operations are permitted as per the risk profile of the application.','2.26','ASVS'),(21,'Verify that measures are in place to block the use of commonly chosen passwords and weak passphrases.','2.27','ASVS'),(22,'Verify that all authentication challenges, whether successful or failed, should respond in the same average response time.','2.28','ASVS'),(23,'Verify that secrets, API keys, and passwords are not included in the source code, or online source code repositories. ','2.29','ASVS'),(24,'Verify that if an application allows users to authenticate, they use a proven secure authentication mechanism.','2.30','ASVS'),(25,'Verify that if an application allows users to authenticate, they can authenticate using two-factor authentication or other strong authentication, or any similar scheme that provides protection against username + password disclosure. ','2.31','ASVS'),(26,'Verify that administrative interfaces are not accessible to  untrusted parties.','2.32','ASVS'),(27,'Verify that there is no custom session manager, or that the custom session manager is resistant against all common session management attacks.','3.1','ASVS'),(28,'Verify that sessions are invalidated when the user logs out.','3.2','ASVS'),(29,'Verify that sessions timeout after a specified period of inactivity.','3.3','ASVS'),(30,'Verify that sessions timeout after an administratively configurable maximum time period regardless of activity (an absolute timeout).','3.4','ASVS'),(31,'Verify that all pages that require authentication have easy and visible access to logout functionality.','3.5','ASVS'),(32,'Verify that the session id is never disclosed in URLs, error messages, or logs. This includes verifying that the application does not support URL rewriting of session cookies.','3.6','ASVS'),(33,'Verify that all successful authentication and reauthentication generates a new session and session id.','3.7','ASVS'),(34,'Verify that only session ids generated by the application framework are recognized as active by the application.','3.10','ASVS'),(35,'Verify that session ids are sufficiently long, random and unique across the correct active session base.','3.11','ASVS'),(36,'Verify that session ids stored in cookies have their path set to an appropriately restrictive value for the application, and authentication session tokens additionally set the \'HttpOnly\' and \'secure\' attributes.','3.12','ASVS'),(37,'Verify that the application limits the number of active concurrent sessions.','3.16','ASVS'),(38,'Verify that an active session list is displayed in the account profile or similar of each user. The user should be able to terminate any active session.','3.17','ASVS'),(39,'Verify the user is prompted with the option to terminate all other active sessions after a successful change password process.','3.18','ASVS'),(40,'Verify that the principle of least privilege exists - users should only be able to access functions, data files, URLs, controllers, services, and other resources, for which they possess specific authorization. This implies protection against spoofing and elevation of privilege.','4.1','ASVS'),(41,'Verify that access to sensitive records is protected, such that only authorized objects or data is accessible to each user (for example, protect against users tampering with a parameter to see or alter another user\'s account).','4.4','ASVS'),(42,'Verify that directory browsing is disabled unless deliberately desired. Additionally, applications should not allow discovery or disclosure of file or directory metadata, such as Thumbs.db, .DS_Store, .git or .svn folders.','4.5','ASVS'),(43,'Verify that access controls fail securely.','4.8','ASVS'),(44,'Verify that the same access control rules implied by the presentation layer are enforced on the server side.','4.9','ASVS'),(45,'Verify that all user and data attributes and policy information used by access controls cannot be manipulated by end users unless specifically authorized.','4.10','ASVS'),(46,'Verify that there is a centralized mechanism (including libraries that call external authorization services) for protecting access to each type of protected resource.','4.11','ASVS'),(47,'Verify that all access control decisions can be logged and all failed decisions are logged.','4.12','ASVS'),(48,'Verify that the application or framework uses strong random anti-CSRF tokens or has another transaction protection mechanism. ','4.13','ASVS'),(49,'Verify the system can protect against aggregate or continuous access of secured functions, resources, or data. For example, consider the use of a resource governor to limit the number of edits per hour or to prevent the entire database from being scraped by an individual user.','4.14','ASVS'),(50,'Verify the application has additional authorization (such as step up or adaptive authentication) for lower value systems, and / or segregation of duties for high value applications to enforce anti-fraud controls as per the risk of application and past fraud.','4.15','ASVS'),(51,'Verify that the application correctly enforces context-sensitive authorisation so as to not allow unauthorised manipulation by means of parameter tampering.','4.16','ASVS'),(52,'Verify that a path can be built from a trusted CA to each Transport Layer Security (TLS) server certificate, and that each server certificate is valid.','10.1','ASVS'),(53,'Verify that TLS is used for all connections (including both external and backend connections) that are authenticated or that involve sensitive data or functions, and does not fall back to insecure or unencrypted protocols. Ensure the strongest alternative is the preferred algorithm.','10.3','ASVS'),(54,'Verify that backend TLS connection failures are logged.','10.4','ASVS'),(55,'Verify that certificate paths are built and verified for all client certificates using configured trust anchors and revocation information.','10.5','ASVS'),(56,'Verify that all connections to external systems that involve sensitive information or functions are authenticated.','10.6','ASVS'),(57,'Verify that there is a single standard TLS implementation that is used by the application that is configured to operate in an approved mode of operation.','10.8','ASVS'),(58,'Verify that TLS certificate public key pinning is implemented with production and backup public keys.','10.10','ASVS'),(59,'Verify that HTTP Strict Transport Security headers are included on all requests and for all subdomains, such as Strict-Transport-Security: max-age=15724800. IncludeSubdomains.','10.11','ASVS'),(60,'Verify that production website URL has been submitted to preloaded list of Strict Transport Security domains maintained by web browser vendors.','10.12','ASVS'),(61,'Ensure forward secrecy ciphers are in use to mitigate passive attackers recording traffic.','10.13','ASVS'),(62,'Verify that proper certification revocation, such as Online Certificate Status Protocol (OSCP) Stapling, is enabled and configured.','10.14','ASVS'),(63,'Verify that only strong algorithms, ciphers, and protocols are used, through all the certificate hierarchy, including root and intermediary certificates of your selected certifying authority.','10.15','ASVS'),(64,'Verify that the TLS settings are in line with current leading practice, particularly as common configurations, ciphers, and algorithms become insecure.','10.16','ASVS'),(65,'Verify that the application accepts only a defined set of required HTTP request methods, such as GET and POST are accepted, and unused methods (e.g. TRACE, PUT, and DELETE) are explicitly blocked.','11.1','ASVS'),(66,'Verify that every HTTP response contains a content type header specifying a safe character set (e.g., UTF-8, ISO 8859-1).','11.2','ASVS'),(67,'Verify that HTTP headers added by a trusted proxy or SSO devices, such as a bearer token, are authenticated by the application.','11.3','ASVS'),(68,'Verify that the Content Security Policy V2 (CSP) is in use for sites where content should not be viewed in a 3rd-party X-Frame. ','11.4','ASVS'),(69,'Verify that the HTTP headers or any part of the HTTP response do not expose detailed version information of system components.','11.5','ASVS'),(70,'\"Verify that all API responses contain X-ContentType-Options: nosniff and Content-Disposition: attachment. Filename=\"\"api.json\"\" (or other appropriate filename for the content type).\"','11.6','ASVS'),(71,'Verify that the Content Security Policy V2 (CSP) is in use in a way that either disables inline JavaScript or provides an integrity check on inline JavaScript with CSP noncing or hashing.','11.7','ASVS'),(72,'Verify that the X-XSS-Protection: 1. Mode=block header is in place.','11.8','ASVS');
/*!40000 ALTER TABLE `questions_control` ENABLE KEYS */;
UNLOCK TABLES;

--
-- Table structure for table `questions_control_component_types`
--

DROP TABLE IF EXISTS `questions_control_component_types`;
/*!40101 SET @saved_cs_client     = @@character_set_client */;
/*!40101 SET character_set_client = utf8 */;
CREATE TABLE `questions_control_component_types` (
  `question_control_id` bigint(20) NOT NULL,
  `component_types_id` bigint(20) NOT NULL,
  PRIMARY KEY (`question_control_id`,`component_types_id`),
  KEY `FKhofacj68cg03l19jqyr4k5oah` (`component_types_id`),
  CONSTRAINT `FK6ouptci9drqmwy2y35g8epwxi` FOREIGN KEY (`question_control_id`) REFERENCES `questions_control` (`id`),
  CONSTRAINT `FKhofacj68cg03l19jqyr4k5oah` FOREIGN KEY (`component_types_id`) REFERENCES `component_types` (`id`)
) ENGINE=InnoDB DEFAULT CHARSET=utf8;
/*!40101 SET character_set_client = @saved_cs_client */;

--
-- Dumping data for table `questions_control_component_types`
--

LOCK TABLES `questions_control_component_types` WRITE;
/*!40000 ALTER TABLE `questions_control_component_types` DISABLE KEYS */;
INSERT INTO `questions_control_component_types` VALUES (1,1),(2,1),(3,1),(4,1),(5,1),(6,1),(7,1),(8,1),(9,1),(10,1),(11,1),(12,1),(13,1),(14,1),(15,1),(16,1),(17,1),(18,1),(19,1),(20,1),(21,1),(22,1),(23,1),(24,1),(25,1),(26,1),(27,1),(28,1),(29,1),(30,1),(31,1),(32,1),(33,1),(34,1),(35,1),(36,1),(37,1),(38,1),(39,1),(40,1),(41,1),(42,1),(43,1),(44,1),(45,1),(46,1),(47,1),(48,1),(49,1),(50,1),(51,1),(52,1),(53,1),(54,1),(55,1),(56,1),(57,1),(58,1),(59,1),(60,1),(61,1),(62,1),(63,1),(64,1),(65,1),(66,1),(67,1),(68,1),(69,1),(70,1),(71,1),(72,1);
/*!40000 ALTER TABLE `questions_control_component_types` ENABLE KEYS */;
UNLOCK TABLES;

--
-- Table structure for table `questions_threat`
--

DROP TABLE IF EXISTS `questions_threat`;
/*!40101 SET @saved_cs_client     = @@character_set_client */;
/*!40101 SET character_set_client = utf8 */;
CREATE TABLE `questions_threat` (
  `id` bigint(20) NOT NULL AUTO_INCREMENT,
  `description` varchar(255) DEFAULT NULL,
  `question_id` varchar(255) DEFAULT NULL,
  PRIMARY KEY (`id`),
  UNIQUE KEY `UK_be9ukc2uede6whcoy9hd0jdhs` (`question_id`)
) ENGINE=InnoDB AUTO_INCREMENT=68 DEFAULT CHARSET=utf8;
/*!40101 SET character_set_client = @saved_cs_client */;

--
-- Dumping data for table `questions_threat`
--

LOCK TABLES `questions_threat` WRITE;
/*!40000 ALTER TABLE `questions_threat` DISABLE KEYS */;
INSERT INTO `questions_threat` VALUES (1,'Does your OAUTH authorization server implementation use refresh tokens without validating the client id associated with the refresh token when processing a refresh request?','Q2'),(2,'Are you developing a native OAUTH client to be run on a device which may  be exposed to improper access and use?','Q3'),(3,'Are you developing a native OAUTH client to be run on a device on which secrets are stored without encryption?','Q4'),(4,'Are you developing a native OAUTH client to be run on a device, in absence of device identification mechanisms?','Q5'),(5,'Does your OAUTH authorization server implementation use refresh tokens without considering a policy for revocation or rotation?','Q6'),(6,'Does your OAUTH implementation use bearer tokens?','Q7'),(7,'Does your OAUTH implementation use non-validated third-party client applications or use clients that directly access authentication information?','Q8'),(8,'Does your OAUTH authorization server implementation allow the client to register only part of the redirect URI or it uses redirect URI without URI validation?','Q9'),(9,'Does your authentication/authorization system use non-protected (i.e., encrypted) communications from/to the authentrication/authorization server?','Q10'),(10,'Does your OAUTH authorization server implementation grant access to protected resources without considering the client type and only based on the end-user authorization?','Q11'),(11,'Does your OAUTH authorization server implementation automatically grant access to clients that have been previoulsy authorized?','Q12'),(12,'Does your authentication/authorization server implementation store secrets/tokens/credentials in a database not adequately protected (against unathorized access or SQL injection)?','Q13'),(13,'Does your authentication/authorization system allow to perform multiple access attempts without locking accounts?','Q14'),(14,'Does your OAUTH implementation allow the use of non-authenticated clients?','Q15'),(15,'Are the OAUTH authorization codes exposed to eavesdropping?','Q16'),(16,'Does your OAUTH implementation use authorization codes with low entropy?','Q17'),(17,'Does your OAUTH implementation allow to use redirect URI of the clients that are not authenticated (server authentication)?','Q18'),(18,'Does your OAUTH implementation exchange bare authentication codes (without binding them to the redirect URI of the end-user authorization)?','Q19'),(19,'Does your OAUTH implementation consider authorization requests that are not explicitly linked to the redirect URI used to deliver the access token?','Q20'),(20,'Does your OAUTH authorization server implementation allow the use of iFrame objects?','Q21'),(21,'Does your OAUTH authorization server implementation simply follows the authorization flow without considering additional controls against resource owner impersonation?','Q22'),(22,'Does your OAUTH authorization server implementation allow to grant an unlimited number of access tokens per user?','Q23'),(23,'Does your OAUTH client implementation allow a user to submit an unlimited number of invalid authorization codes without a locking policy?','Q24'),(24,'Does your OAUTH implementation use long-lasting access tokens?','Q25'),(25,'Does your OAUTH client implementation allow to manage users without proper authentication via OpenID or SAML?','Q26'),(26,'Does your OAUTH authorization server grant authorization without applying restrictions on the token scope for non-trustworthy clients?','Q27'),(27,'Does your OAUTH authorization server use refresh tokens with non-trustworthy clients?','Q28'),(28,'Does your OAUTH authorization server enable the resource owner password credentials grant type?','Q29'),(29,'Does your OAUTH authorization server enable the use of refresh tokens?','Q30'),(30,'Does your OAUTH client implementation allow to make requests to non-trustworthy (e.g. non pre-registered) resources servers?','Q31'),(31,'Does your OAUTH implementation allow to use access tokens on multiple resource servers without restrictions?','Q32'),(32,'Does your OAUTH implementation uses access tokens sent via URI query parameters?','Q33'),(33,'Does your authentication/authorization system use secrets that may be extracted from source code (if public), reverse-engineered from binaries, or remotely accessed by breaking web server protection?','Q34'),(34,'Is any of your OAUTH clients implemented within the web browser in a scripting language?','Q35'),(35,'Are user passwords exposed to leakage at the client site?','Q36'),(36,'Does the component work with relational DBMSs? ','Q37'),(37,'Are the inputs from users (forms, http requests) direcly used without validation?','Q38'),(38,'Does the component implement authentication procedures and session management?','Q39'),(39,'Does the component maintain account information?','Q40'),(40,'Does the application under development manage sensitive data and resources (from the business/political point of view) that may be worth recurring to advanced techniques for their disclosure?','Q41'),(41,'Does the component use a versioning file system that creates multiple versions of objects?','Q42'),(42,'Does the component expose data which can be originated by customer?','Q43'),(43,'Does the component accept requests without checking their origin and trsutworthiness?','Q44'),(44,'Does the component host sensible data?','Q45'),(45,'Does the component work with data that can be physically or logically deleted by an adversary without backup capabilities?','Q46'),(46,'Does the component expose any service?','Q47'),(47,'Does the storage system allow to create and lock file handles at file opening without restrictions?','Q48'),(48,'Does the storage system make extensive use of logs and allow to create and modify logs and metadata without restrictions on the number and size?','Q49'),(49,'Does the storage system allow to access the file system and retrieve access type, timestamps of last modification, file names, and other file system metadata?','Q50'),(50,'Does the component expose a reference to an internal implementation object, such as a file, directory, or a key in a database?','Q51'),(51,'Does the component communicate with other components without ensuring the authenticity and integrity of the communications?','Q52'),(52,'Does the component expose different functionalities to different users based on their access rights by only differentiating the user interface (without performing an actual authorization at each request)?','Q53'),(53,'Does the component manage functionalities/data with different access rights?','Q54'),(54,'Does the component manage and transmit sensitive data such as credit card number?','Q55'),(55,'Does the component implement a web application that redirects or forwards users to other pages or sites without validating the destination page?','Q56'),(56,'Does the component have an administration interface?','Q57'),(57,'Does the component transmit storage traffic without ensuring confidentiality?','Q58'),(58,'Does the storage service allow the access to the physical memory to read/tamper with buffer caches, deleted storage blocks, deallocated memory blocks or storage metadata?','Q59'),(59,'Does the storage service allow to attach new devices?','Q60'),(60,'Does the storage service allow to access the flash memory and force erase cycles?','Q61'),(61,'Is the storage service implemented on a site which is not provided with power and/or network backup?','Q62'),(62,'Is the storage service implemented on storage devices that are not adequately protected against theft, tampering or destruction?','Q63'),(63,'Is it possible to plug an external drive into the information system devices?','Q64'),(64,'Is the component used without frequently running a scan for vulnerabilities?','Q65'),(65,'Does the software use a cross-domain policy file that includes domains that should not be trusted?','Q66'),(66,'Does the component allow to write on memory without restrictions?','Q67'),(67,'Does the application rely on identity data provided by an OAuth protected service API to login users?','Q68');
/*!40000 ALTER TABLE `questions_threat` ENABLE KEYS */;
UNLOCK TABLES;

--
-- Table structure for table `strides`
--

DROP TABLE IF EXISTS `strides`;
/*!40101 SET @saved_cs_client     = @@character_set_client */;
/*!40101 SET character_set_client = utf8 */;
CREATE TABLE `strides` (
  `id` bigint(20) NOT NULL AUTO_INCREMENT,
  `description` varchar(255) DEFAULT NULL,
  `name` varchar(255) DEFAULT NULL,
  PRIMARY KEY (`id`),
  UNIQUE KEY `UK_btycs5kfbv30cfcw3mlh70q0x` (`name`)
) ENGINE=InnoDB AUTO_INCREMENT=7 DEFAULT CHARSET=utf8;
/*!40101 SET character_set_client = @saved_cs_client */;

--
-- Dumping data for table `strides`
--

LOCK TABLES `strides` WRITE;
/*!40000 ALTER TABLE `strides` DISABLE KEYS */;
INSERT INTO `strides` VALUES (1,'','SPOOFING'),(2,'','INFORMATION DISCLOSURE'),(3,'','ELEVATION OF PRIVILEGES'),(4,'','DENIAL OF SERVICE'),(5,'','TAMPERING'),(6,'','SNOOPING');
/*!40000 ALTER TABLE `strides` ENABLE KEYS */;
UNLOCK TABLES;

--
-- Table structure for table `threats`
--

DROP TABLE IF EXISTS `threats`;
/*!40101 SET @saved_cs_client     = @@character_set_client */;
/*!40101 SET character_set_client = utf8 */;
CREATE TABLE `threats` (
  `id` bigint(20) NOT NULL AUTO_INCREMENT,
  `awareness` int(11) DEFAULT NULL,
  `countermeasures` longtext,
  `ease_of_discovery` int(11) DEFAULT NULL,
  `ease_of_exploit` int(11) DEFAULT NULL,
  `intrusion_detection` int(11) DEFAULT NULL,
  `loss_of_accountability` int(11) DEFAULT NULL,
  `loss_of_availability` int(11) DEFAULT NULL,
  `loss_of_confidentiality` int(11) DEFAULT NULL,
  `loss_of_integrity` int(11) DEFAULT NULL,
  `motive` int(11) DEFAULT NULL,
  `opportunity` int(11) DEFAULT NULL,
  `size` int(11) DEFAULT NULL,
  `skill_level` int(11) DEFAULT NULL,
  `source` varchar(255) DEFAULT NULL,
  `threat_description` longtext,
  `threat_id` varchar(255) DEFAULT NULL,
  `threat_name` varchar(255) DEFAULT NULL,
  PRIMARY KEY (`id`),
  UNIQUE KEY `UK_6xiu0si4fno7e66yu9gylp0oi` (`threat_id`)
) ENGINE=InnoDB AUTO_INCREMENT=94 DEFAULT CHARSET=utf8;
/*!40101 SET character_set_client = @saved_cs_client */;

--
-- Dumping data for table `threats`
--

LOCK TABLES `threats` WRITE;
/*!40000 ALTER TABLE `threats` DISABLE KEYS */;
INSERT INTO `threats` VALUES (1,4,'Apply standard web server protection measures. Use strong client authentication (e.g., client_assertion/client_token) so the attacker cannot obtain the client secret required to exchange the tokens',3,3,3,9,1,9,9,4,4,9,9,' RFC6819-OAuth 2.0 Threat Model and Security Considerations','\"Applies to OAUTH clients: An attacker may obtain the refresh tokens issued to a web application by overcoming the web server\'s security controls.Since a web application manages the user accounts of a certain site, such an attack would result in an exposure of all refresh tokens on that site to the attacker.\"','T1','Obtain Refresh Token from Web Application'),(2,4,'\" Store secrets in secure storage. Utilize device lock to prevent unauthorized device access\"',3,3,3,9,1,9,9,4,4,9,9,' RFC6819-OAuth 2.0 Threat Model and Security Considerations','Applies to OAUTH clients. On native clients, leakage of a refresh token typically affects a single user only. It may be carried out by a  read from local file system: The attacker could try to get file system access on the device and read the refresh tokens. The attacker could utilize a malicious application for that purpose.','T2','Obtain Refresh Token from Native Clients'),(3,4,'\"Utilize device lock to prevent unauthorized device access. Where a user knows the device has been stolen or cloned, they can revoke the affected tokens. In the case of cloning,  combine refresh token request with device identification or use Refresh token rotation\"',3,3,3,9,1,9,9,4,4,9,9,' RFC6819-OAuth 2.0 Threat Model and Security Considerations','\"Applies to OAUTH clients. The host device (e.g., mobile phone) may be stolen.  In that case, the attacker gets access to all applications under the identity of the legitimate user.The device may also be cloned to another one: All device data and applications are copied to another device. Applications are used as-is on the target device.\"','T3','Obtain Refresh Token by Stealing or Cloning the host device'),(4,4,'\"Keep access tokens in transient memory and limit grants. Limit token scope. Keep access tokens in private memory or apply same protection means as for refresh tokens. Keep access token lifetime short.\"',3,3,3,9,1,9,9,4,4,9,9,' RFC6819-OAuth 2.0 Threat Model and Security Considerations','\"Applies to OAUTH clients: Depending on the client type, there are different ways that access tokens may be revealed to an attacker. Access tokens could be stolen from a device when the application stores them in a storage device that is accessible to other applications.Where the token is a bearer token and no additional mechanism is used to identify the client, the attacker can access all resources associated with the token and its scope.\"','T4','Obtaining Access Tokens'),(5,4,'\"Client applications should avoid directly       asking users for their credentials.  In addition, end users could be educated about phishing attacks and best practices, such as only accessing trusted clients.                                Client applications could be validated prior to publication in an application market for users to access.                                   Client developers should not write client applications that       collect authentication information directly from users and should instead delegate this task to a trusted system component, e.g., the system browser.\"',3,3,8,1,1,9,9,9,7,9,6,' RFC6819-OAuth 2.0 Threat Model and Security Considerations','\"Applies to OAUTH clients. A malicious application could attempt to phish end-user passwords by misusing an embedded browser in the end-user authorization process, or by presenting its own user interface instead of allowing a trusted system browser to render the authorization user interface.By doing so, the usual visual trust mechanisms may be bypassed (e.g., Transport Layer Security (TLS) confirmation, web site mechanisms). By using an embedded or internal client application user interface, the client application has access to additional information to which it should not have access (e.g., UID/password).\"','T5','\"End-User Credentials Phished Using Compromised or Embedded Browser\"'),(6,4,'\"Require clients to register full redirect URI .\"',3,3,3,9,1,9,9,4,4,9,6,' RFC6819-OAuth 2.0 Threat Model and Security Considerations','\"Applies to OAUTH clients. An open redirector is an endpoint using a parameter to automatically redirect a user agent to the location specified by the parameter value without any validation. If the authorization server allows the client to register only part of the redirect URI, an attacker can use an open redirector operated by the client to construct a redirect URI that will pass the authorization server validation but will send the authorization \"code\" or access token to an endpoint under the control of the attacker.\"','T6','Open Redirectors on Client'),(7,6,'\"Authorization servers should consider such attacks when developing services based on OAuth and should require the use of transportlayer security for any requests where the authenticity of the authorization server or of request responses is an issue. Authorization servers should attempt to educate users about the risks posed by phishing attacks and should provide mechanisms that make it easy for users to confirm the authenticity of their sites.\"',7,5,8,1,1,9,9,9,7,9,6,' RFC6819-OAuth 2.0 Threat Model and Security Considerations','\"Applies to OAUTH authorization server. OAuth makes no attempt to verify the authenticity of the authorization server. A hostile party could take advantage of this by intercepting the client\'s requests and returning misleading or otherwise incorrect responses. This could be achieved using DNS or Address Resolution Protocol (ARP) spoofing.Wide deployment of OAuth and similar protocols may cause users to become injured to the practice of being redirected to web sites where they are asked to enter their passwords. If users are not careful to verify the authenticity of these web sites before entering their credentials, it will be possible for attackers to exploit this practice to steal users\' passwords.\"','T7','Password Phishing by Counterfeit Authorization Server'),(8,6,'\"Explain the scope (resources and the permissions) the user is about to grant in an understandable way. Narrow the scope, based on the client. When obtaining end-user authorization and where the client requests scope, the authorization server may want to consider whether to honor that  scope based on the client identifier. That decision is between the client and authorization server and is outside the scope of the OAUTH spec. The authorization server may also want to consider what scope to grant based on the client type, e.g., providing lower scope to public clients.\"',7,5,3,9,1,9,9,4,7,4,3,' RFC6819-OAuth 2.0 Threat Model and Security Considerations','Applies to OAUTH authorization server. When obtaining end-user authorization, the end user may not understand the scope of the access being granted and to whom, or they may end up providing a client with access to resources that should not be permitted.','T8','User Unintentionally Grants Too Much Access Scope'),(9,6,'\"Authorization servers should not automatically process repeat authorizations to public clients unless the client is validated using a pre-registered redirect URI. Authorization servers can mitigate the risks associated with automatic processing by limiting the scope of access tokens obtained through automated approvals.\"',7,5,3,9,1,9,9,4,7,9,6,' RFC6819-OAuth 2.0 Threat Model and Security Considerations','\"Applies to OAUTH authorization server. Authorization servers may wish to automatically process authorization requests from clients that have been previously authorized by the user. When the user is redirected to the authorization server\'s enduser authorization endpoint to grant access, the authorization server detects that the user has already granted access to that particular client. Instead of prompting the user for approval, the authorization server automatically redirects the user back to the client.A malicious client may exploit that feature and try to obtain such an authorization \"code\" instead of the legitimate client.\"','T9','Malicious Client Obtains Existing Authorization by Fraud'),(10,6,'\"Require clients to register any full redirect URIs. Don\'t redirect to a redirect URI if the client identifier or redirect URI can\'t be verified.\"',3,5,3,9,1,6,9,4,4,6,6,' RFC6819-OAuth 2.0 Threat Model and Security Considerations','Applies to OAUTH authorization server. An attacker could use the end-user authorization endpoint and the redirect URI parameter to abuse the authorization server as an open redirector. An open redirector is an endpoint using a parameter to automatically redirect a user agent to the location specified by the parameter value without any validation.','T10','Open Redirectors on Server'),(11,6,'\"Enforce system security measures. Enforce standard SQL injection countermeasures. Ensure proper handling of credentials as per \"Enforce Credential Storage Protection Best Practices\".\"',3,3,8,9,1,9,9,9,4,9,6,' RFC6819-OAuth 2.0 Threat Model and Security Considerations','\"Applies to OAUTH authorization server. An attacker may obtain valid <\"client_id\" / secret> combinations from the authorization server\'s database by gaining access to the database or launching a SQL injection attack. The attacker may be able to act on behalf of legitimate clients.\"','T11','\"Obtaining Client Secret from Authorization Server Database\"'),(12,6,'\"Use high entropy for secrets. Lock accounts. Use strong client authentication.\"',9,3,8,1,1,9,9,9,0,9,5,' RFC6819-OAuth 2.0 Threat Model and Security Considerations','\"Applies to OAUTH client. An attacker may try to guess valid <\"client_id\"/secret> pairs.\"','T12','Obtaining Client Secret by Online Guessing'),(13,4,'\"As per the core OAuth spec, the authorization server as well as the client must ensure that these transmissions are protected using transport-layer mechanisms such as TLS. - The authorization server will require the client to authenticate wherever possible, so the binding of the authorization \"code\" to a certain client can be validated in a reliable way. - Use short expiry time for authorization \"codes\". - The authorization server should enforce a one-time usage restriction. - If an authorization server observes multiple attempts to redeem an authorization \"code\", the authorization server may want to revoke all tokens granted based on the authorization \"code\". - In the absence of these countermeasures, reducing scope and expiry time for access tokens can be used to reduce the damage in case of leaks. - The client server may reload the target page of the redirect URI in order to automatically clean up the browser cache.\"',3,3,3,9,1,9,9,4,4,4,9,' RFC6819-OAuth 2.0 Threat Model and Security Considerations','\"Applies to OAUTH protocol/clients. An attacker could try to eavesdrop transmission of the authorization \"code\" between the authorization server and client. Furthermore, authorization \"codes\" are passed via the browser, which  may unintentionally leak those codes to untrusted web sites and attackers in different ways: -Referrer headers: Browsers frequently pass a \"referer\" header when a web page embeds content, or when a user travels from one web page to another web page. These referrer headers may be sent even when the origin site does not trust the destination site. The referrer header is commonly logged for traffic analysis  purposes. -Request logs: Web server request logs commonly include query parameters on requests. -Open redirectors: Web sites sometimes need to send users to another destination via a redirector. Open redirectors pose a particular risk to web-based delegation protocols because the redirector can leak verification codes to untrusted destination sites. -Browser history: Web browsers commonly record visited URLs in the browser history. Another user of the same web browser may be able to view URLs that were visited by previous users.\"','T13','\"Eavesdropping or Leaking Authorization \"codes\"'),(14,4,'\"Best practices for credential storage protection should be employed. Enforce system security measures. Store access token hashes only.- Enforce standard SQL injection countermeasures.\"',3,3,3,9,1,9,9,4,4,6,6,' RFC6819-OAuth 2.0 Threat Model and Security Considerations','\"Applies to OAUTH authorization server.This threat is applicable if the authorization server stores authorization \"codes\" as handles in a database. An attacker may obtain authorization \"codes\" from the authorization server\'s database by gaining access to the database or launching a SQL injection attack.\"','T14','\"Obtaining Authorization \"codes\" from Authorization Server Database\"'),(15,6,'\"Handle-based tokens must use high entropy. Assertion-based tokens should be signed. Authenticate the client, this adds another value that the attacker has to guess. Bind the authorization \"code\" to the redirect URI, this adds another value that the attacker has to guess. Use short expiry time for tokens.\"',3,5,3,9,1,9,9,4,0,6,6,' RFC6819-OAuth 2.0 Threat Model and Security Considerations','\"Applies to OAUTH authorization server. An attacker may try to guess valid authorization \"code\" values and send the guessed code value using the grant type \"code\" in order to obtain a valid access token. This would lead to the disclosure of a single access token and probably also an associated refresh token.\"','T15','\"Online Guessing of Authorization codes\"'),(16,6,'\"The authorization server should authenticate the client, if possible. Note: The authentication takes place after the end user has authorized the access. The authorization server should validate the client\'s redirect URI against the pre-registered redirect URI, if one exists. Note: An invalid redirect URI indicates an invalid client, whereas a valid redirect URI does not necessarily indicate a valid client. The level of confidence depends on the client type. For web applications, the level of confidence is high, since the redirect URI refers to the globally unique network endpoint of this application, whose fully qualified domain name (FQDN) is also validated using HTTPS server authentication by the user agent. In contrast, for native clients, the redirect URI typically refers to device local resources, e.g., a custom scheme. So, a malicious client on a particular device can use the valid redirect URI the legitimate client uses on all other devices.\"',3,5,3,9,1,9,9,4,0,9,6,' RFC6819-OAuth 2.0 Threat Model and Security Considerations','Applies to OAUTH protocol . A malicious client could pretend to be a valid client and obtain an access authorization in this way. The malicious client could even utilize screen-scraping techniques in order to simulate a user\'s consent in the authorization flow.','T16','Malicious Client Obtains Authorization'),(17,6,'\"It is strongly recommended that one of the following countermeasures be utilized in order to prevent this attack: - The redirect URI of the client should point to an HTTPS-protected endpoint, and the browser should be utilized to authenticate this redirect URI using server authentication. - The authorization server should require that the client be authenticated, i.e., confidential client, so the binding of the authorization \"code\" to a certain client can be validated in a reliable way.',7,5,3,9,1,9,9,4,4,9,6,' RFC6819-OAuth 2.0 Threat Model and Security Considerations','\"Applies to OAUTH protocol/clients. A hostile party could impersonate the client site and get access to the authorization \"code\". This could be achieved using DNS or ARP spoofing. This applies to clients which are web applications, thus, the redirect URI is not local to the host where the user\'s browser is running. This affects web applications and may lead to a disclosure of authorization \"codes\" and, potentially, the corresponding access and refresh tokens.\"','T17','\"Authorization \"code\" Phishing\"'),(18,6,'In order to prevent an attacker from impersonating the end-user\'s session, the redirect URI of the client should point to an HTTPS protected endpoint, and the browser should be utilized to authenticate this redirect URI using server authentication.',3,5,8,9,1,9,9,9,0,4,6,' RFC6819-OAuth 2.0 Threat Model and Security Considerations','\"Applies to OAUTH clients. A hostile party could impersonate the client site and impersonate the user\'s session on this client. This could be achieved using DNS or ARP spoofing. This applies to clients which are web applications, thus, the redirect URI is not local to the host where the user\'s browser is running.An attacker who intercepts the authorization \"code\" as it is sent by the browser to the callback endpoint can gain access to protected resources by submitting the authorization \"code\" to the client. The client will exchange the authorization \"code\" for an access token and use the access token to access protected resources for the benefit of the attacker, delivering protected resources to the attacker, or modifying protected resources as directed by the attacker. If OAuth is used by the client to delegate authentication to a social site (e.g., as in the implementation of a \"Login\" button on a third-party social network site), the attacker can use the intercepted authorization \"code\" to log into the client as the user. Note: Authenticating the client during authorization \"code\" exchange will not help to detect such an attack, as it is the legitimate client that obtains the tokens.\"','T18','User Session Impersonation'),(19,6,'\"The attacker will need to use another redirect URI for its authorization process rather than the target web site because it needs to intercept the flow. So, if the authorization server associates the authorization \"code\" with the redirect URI of a particular end-user authorization and validates this redirect URI with the redirect URI passed to the token\'s endpoint, such an attack is detected. The authorization server may also enforce the usage and validation of pre-registered redirect URIs. This will allow for early recognition of authorization \"code\" disclosure to counterfeit clients. For native applications, one could also consider using deployment-specific client ids and secrets, along with the binding of authorization \"codes\" to \"client_ids\" to detect such an attack because the attacker does not have access to the deployment-specific secret. Thus, he will not be able to exchange the authorization \"code\". The client may consider using other flows that are not vulnerable to this kind of attack, such as the implicit grant type or resource owner password credentials.\"',3,3,3,7,1,9,9,4,4,4,9,' RFC6819-OAuth 2.0 Threat Model and Security Considerations','\"Applies to OAUTH clients. The attacker leverages the authorization \"code\" grant type in an attempt to get another user (victim) to log in, authorize access to his/her resources, and subsequently obtain the authorization \"code\" and inject it into a client application using the attacker\'s account. The goal is to associate an access authorization for resources of the victim with the user account of the attacker on a client site. The attacker abuses an existing client application and combines it with his own counterfeit client web site. The attacker depends on the victim expecting the client application to request access to a certain resource server. The victim, seeing only a normal request from an expected application, approves the request. The attacker then uses the victim\'s authorization to gain access to the information unknowingly authorized by the victim.\"','T19','\"Authorization \"code\" Leakage through Counterfeit Client\"'),(20,4,'\"The \"state\" parameter should be used to link the authorization request with the redirect URI used to deliver the access token. Client developers and end users can be educated to not follow untrusted URLs.\"',3,3,8,9,1,9,9,4,9,4,6,' RFC6819-OAuth 2.0 Threat Model and Security Considerations','\"Applies to OAUTH. Cross-site request forgery (CSRF) is a web-based attack whereby HTTP requests are transmitted from a user that the web site trusts or has authenticated (e.g., via HTTP redirects or HTML forms). CSRF attacks on OAuth approvals can allow an attacker to obtain authorization to OAuth protected resources without the consent of the user. This attack works against the redirect URI used in the authorization \"code\" flow. An attacker could authorize an authorization \"code\" to their own protected resources on an authorization server. He then aborts the redirect flow back to the client on his device and tricks the victim into executing the redirect back to the client. The client receives the redirect, fetches the token(s) from the authorization server, and associates the victim\'s client session with the resources accessible using the token. With this attack, the user accesses resources on behalf of the attacker. The effective impact depends on the type of resource accessed. For example, the user may upload private items to an attacker\'s resources. Or, when using OAuth in 3rd-party login scenarios, the user may associate his client account with the attacker\'s identity at the external Identity Provider. In this way, the attacker could easily access the victim\'s data at the client by logging in from another device with his credentials at the external IdentityProvider.\"','T20','CSRF Attack against redirect-uri'),(21,4,'\"For newer browsers, avoidance of iFrames during authorization can be enforced on the server side by using the X-FRAME-OPTIONS header. For older browsers, JavaScript frame-busting techniques can be used but may not be effective in all browsers.\"',7,5,8,9,1,9,9,9,0,9,6,' RFC6819-OAuth 2.0 Threat Model and Security Considerations','\"Applies to OAUTH. With clickjacking, a malicious site loads the target site in a transparent iFrame (see [iFrame]) overlaid on top of a set of dummy buttons that are carefully constructed to be placed directly under important buttons on the target site. When a user clicks a visible button, they are actually clicking a button (such as an \"Authorize\" button) on the hidden page. With this attack, an attacker can steal a user\'s authentication credentials and access their resources.\"','T21','Clickjacking Attack against Authorization'),(22,6,'\"Authorization servers should decide, based on an analysis of the risk associated with this threat, whether to detect and prevent this threat. In order to prevent such an attack, the authorization server may force a user interaction based on non-predictable input values as part of the user consent approval. The authorization server could - combine password authentication and user consent in a single form,- make use of CAPTCHAs, or - use one-time secrets sent out of band to the resource owner (e.g., via text or instant message). Alternatively, in order to allow the resource owner to detect abuse, the authorization server could notify the resource owner of any approval by appropriate means, e.g., text or instant message, or email.\"',3,3,3,9,1,9,9,4,4,4,6,' RFC6819-OAuth 2.0 Threat Model and Security Considerations','\"Applies to OAUTH. When a client requests access to protected resources, the authorization flow normally involves the resource owner\'s explicit response to the access request, either granting or denying access to the protected resources.A malicious client can exploit knowledge of the structure of this flow in order to gain authorization without the resource owner\'s consent, by transmitting the necessary requests programmatically and simulating the flow against the authorization server. That way, the client may gain access to the victim\'s resources without her approval. An authorization server will be vulnerable to this threat if it uses non-interactive authentication mechanisms or splits the authorization flow across multiple pages.\"','T22','Resource Owner Impersonation'),(23,6,'\"The authorization server should consider limiting the number of access tokens granted per user. - The authorization server should include a nontrivial amount of entropy in authorization \"codes\".\"',3,3,9,9,9,2,9,4,7,9,9,' RFC6819-OAuth 2.0 Threat Model and Security Considerations','\"Applies to OAUTH. If an authorization server includes a nontrivial amount of entropy in authorization \"codes\" or access tokens (limiting the number of possible codes/tokens) and automatically grants either without user intervention and has no limit on codes or access tokens per user, an attacker could exhaust the pool of authorization \"codes\" by repeatedly directing the user\'s browser to request authorization \"codes\" or access tokens.\"','T23','DoS Attacks That Exhaust Resources'),(24,6,'\"Though not a complete countermeasure by themselves, CSRF defense and the \"state\" parameter created with secure random codes should be deployed on the client side. The client should forward the authorization \"code\" to the authorization server only after both the CSRF token and the \"state\" parameter are validated. - If the client authenticates the user, either through a singlesign-on protocol or through local authentication, the client should suspend the access by a user account if the number of invalid authorization \"codes\" submitted by this user exceeds a certain threshold. - The authorization server should send an error response to the client reporting an invalid authorization \"code\" and rate-limit or disallow connections from clients whose number of invalid requests exceeds a threshold.\"',3,3,9,9,9,2,9,4,7,9,9,' RFC6819-OAuth 2.0 Threat Model and Security Considerations','\"Applies to OAUTH.  An attacker who owns a botnet can locate the redirect URIs of clients that listen on HTTP, access them with random authorization \"codes\", and cause a large number of HTTPS connections to be concentrated onto the authorization server. This can result in a denial-of-service (DoS) attack on the authorization server. This attack can still be effective even when CSRF defense/the \"state\" parameter is deployed on the client side. With such a defense, the attacker might need to incur an additional HTTP request to obtain a valid CSRF code/\"state\" parameter. This apparently cuts down the effectiveness of the attack by a factor of 2. However, if the HTTPS/HTTP cost ratio is higher than 2 (the cost factor is estimated to be around 3.5x at [SSL-Latency]), the attacker still achieves a magnification of resource utilization at the expense of the authorization server.\"','T24','\"DoS Using Manufactured Authorization \"codes\"'),(25,6,'\"All clients must indicate their client ids with every request to exchange an authorization \"code\" for an access token. The authorization server must validate whether the particular authorization \"code\" has been issued to the particular client. If possible, the client shall be authenticated beforehand. -Clients should use an appropriate protocol, such as OpenID or SAML to implement user login. Both support audience restrictions on clients.\"',3,3,8,9,1,9,9,9,0,9,9,' RFC6819-OAuth 2.0 Threat Model and Security Considerations','\"Applies to OAUTH. An attacker could attempt to log into an application or web site using a victim\'s identity. Applications relying on identity data provided by an OAuth protected service API to login users are vulnerable to this threat. This pattern can be found in so-called \"social login\" scenarios.\"','T25','Code Substitution (OAuth Login)'),(26,6,'\"The authorization server should ensure confidentiality (e.g.,      using TLS) of the response from the authorization server to the client\"',3,3,3,9,1,9,9,4,4,4,6,' RFC6819-OAuth 2.0 Threat Model and Security Considerations','Applies to OAUTH. The token is sent from the server to the client via a URI fragment of the redirect URI. If the communication is not secured or the endpoint is not secured, the token could be leaked by parsing the returned URI. The attacker would be able to assume the same rights granted by the token.','T26','Access Token Leak in Transport/Endpoints'),(27,6,'\"Use short expiry time for tokens. Reduced scope of the token may reduce the impact of that attack Make responses non-cacheable\"',7,5,3,9,1,9,9,4,4,4,6,' RFC6819-OAuth 2.0 Threat Model and Security Considerations','Applies to OAUTH. An attacker could obtain the token from the browser\'s history. Note that this means the attacker needs access to the particular device.','T27','Access Token Leak in Browser History'),(28,6,'\"The authorization server should authenticate the client, if possible. Note: The authentication takes place after the end user has authorized the access. - The authorization server should validate the client\'s redirect URI against the pre-registered redirect URI, if one exists . Note: An invalid redirect URI indicates an invalid client, whereas a valid redirect URI does not necessarily indicate a valid client. The level of confidence depends on the client type. For web applications, the level of confidence is high, since the redirect URI refers to the globally unique network endpoint of this application, whose fully qualified domain name (FQDN) is also validated using HTTPS server authentication by the user agent. In contrast, for native clients, the redirect URI typically refers to device local resources, e.g., a custom scheme.So, a malicious client on a particular device can use the valid redirect URI the legitimate client uses on all other devices. - After authenticating the end user, the authorization server should ask him/her for consent. In this context, the authorization server should explain to the end user the purpose, scope, and duration of the authorization the client asked for. Moreover, the authorization server should show the user any identity information it has for that client. It is up to the user to validate the binding of this data to the particular application (e.g., Name) and to approve the authorization request.\"',7,5,3,9,1,9,9,4,4,5,6,' RFC6819-OAuth 2.0 Threat Model and Security Considerations','Applies to OAUTH. A malicious client could attempt to obtain a token by fraud.','T28','Malicious Client Obtains Authorization'),(29,4,'\"The \"state\" parameter should be used to link the authorization request with the redirect URI used to deliver the access token. This will ensure that the client is not tricked into completing any redirect callback unless it is linked to an authorization request initiated by the client. The \"state\" parameter should not be guessable, and the client should be capable of keeping the \"state\" parameter secret. - Client developers and end users can be educated to not follow untrusted URLs.\"',3,3,3,9,1,9,9,4,9,9,6,' RFC6819-OAuth 2.0 Threat Model and Security Considerations','\"Applies to OAUTH: Cross-site request forgery (CSRF) attacks work against the redirect URI used in the implicit grant flow. An attacker could acquire an access token to their own protected resources. He could then construct a redirect URI and embed their access token in that URI. If he can trick the user into following the redirect URI and the client does not have protection against this attack, the user may have the attacker\'s access token authorized within their client.With this attack, the attacker could obtain user credential information and assume the full identity of the user. The user accesses resources on behalf of the attacker. The effective impact depends on the type of resource accessed.For example, the user may upload private items to an attacker\'s resources. Or, when using OAuth in 3rd-party login scenarios, the user may associate his client account with the attacker\'s identity at the external Identity Provider. In this way, the attacker could easily access the victim\'s data at the client by logging in from another device with his credentials at the external Identity Provider.\"','T29','CSRF Attack against redirect-uri'),(30,6,'Clients should use an appropriate protocol, such as OpenID or SAML to implement user login. Both support audience restrictions on clients.',3,5,8,9,1,9,9,9,4,4,9,' RFC6819-OAuth 2.0 Threat Model and Security Considerations','\"Applies to OAUTH. An attacker could attempt to log into an application or web site using a victim\'s identity. Applications relying on identity data provided by an OAuth protected service API to login users are vulnerable to this threat. This pattern can be found in so-called \"social login\" scenarios.  The attacker gains access to an application and user-specific data within the application.\"','T30','Token Substitution (OAuth Login)'),(31,6,'\" Use other flows that do not rely on the client\'s cooperation for resource owner interaction. - The authorization server may generally restrict the scope of access tokens issued by this flow. If the particular client is trustworthy and can be authenticated in a reliable way, the authorization server could relax that restriction. Resource owners may prescribe (e.g., in their preferences) what the maximum scope is for clients using this flow. - The authorization server could notify the resource owner by an appropriate medium, e.g., email, of the grant issued.\"',3,3,3,9,1,9,9,4,9,6,6,' RFC6819-OAuth 2.0 Threat Model and Security Considerations','\"Applies to OATH. All interaction with the resource owner is performed by the client. Thus it might, intentionally or unintentionally, happen that the client obtains a token with scope unknown for, or unintended by, the resource owner.For example, the resource owner might think the client needs and acquires read-only access to its media storage only but the client tries to acquire an access token with full access permissions.\"','T31','Client Obtains Scopes without End-User Authorization'),(32,4,'\"Use other flows that do not rely on the client\'s cooperation for resource owner interaction. - The authorization server may generally refuse to issue refresh tokens in this flow. If the particular client is trustworthy and can be authenticated in a reliable way (see client authentication), the authorization server could relax that restriction. Resource owners may allow or deny (e.g., in their preferences) the issuing of refresh tokens using this flow as well. - The authorization server could notify the resource owner by an appropriate medium, e.g., email, of the refresh token issued.\"',3,3,3,9,1,9,9,4,4,6,6,' RFC6819-OAuth 2.0 Threat Model and Security Considerations','Applies to OAUTH. All interaction with the resource owner is performed by the client. Thus it might, intentionally or unintentionally, happen that the client obtains a long-term authorization represented by a refresh token even if the resource owner did not intend so.','T32','\"Client Obtains Refresh Token through Automatic Authorization\"'),(33,4,'\"Ensure confidentiality of requests. - Use alternative authentication means that do not require the sending of plaintext credentials over the wire (e.g., Hash-based Message Authentication Code).\"',3,5,8,9,1,9,9,9,4,4,9,' RFC6819-OAuth 2.0 Threat Model and Security Considerations','\"Applies to OAUTH. An attacker could attempt to eavesdrop the transmission of end-user credentials with the grant type\"password\" between the client and server.\"','T33','Obtaining User Passwords on Transport (OAUTH)'),(34,6,'Enforce credential storage protection best practices.',3,5,8,1,1,9,9,9,4,4,9,' RFC6819-OAuth 2.0 Threat Model and Security Considerations','Applies to OAUTH authorization server. An attacker may obtain valid username/password combinations from the authorization server\'s database by gaining access to the database or launching a SQL injection attack.  The impact would be the disclosure of all username/password combinations','T34','\"Obtaining User Passwords from Authorization Server Database\"'),(35,6,'\"Utilize secure password policy.Lock accounts.Use tar pit.Use CAPTCHAs.Consider not using the grant type \"password\".Client authentication will provide another authentication factor and thus hinder the attack.\"',7,5,8,1,1,9,9,9,4,5,6,' RFC6819-OAuth 2.0 Threat Model and Security Considerations','\"Applies to OAUTH.An attacker may try to guess valid username/password combinations using the grant type \"password\".\"','T35','Online Guessing (Oauth)'),(36,4,'\"As per the core OAuth spec, the authorization servers must ensure that these transmissions are protected using transport-layer mechanisms such as TLS..If end-to-end confidentiality cannot be guaranteed, reducing scope and expiry time for issued access tokens can be used to reduce the damage in case of leaks.\"',3,3,3,9,1,9,9,4,4,4,9,' RFC6819-OAuth 2.0 Threat Model and Security Considerations','Applies to OAUTH. An attacker may eavesdrop refresh tokens when they are transmitted from the authorization server to the client.','T36','Eavesdropping Refresh Tokens from Authorization Server'),(37,4,'\"Impact: Disclosure of all refresh tokens. Countermeasures:Enforce credential storage protection best practices.Bind token to client id, if the attacker cannot obtain the required id and secret.\"',3,3,3,9,1,9,9,4,4,4,9,' RFC6819-OAuth 2.0 Threat Model and Security Considerations','Applies to OAUTH.This threat is applicable if the authorization server stores refresh tokens as handles in a database. An attacker may obtain refresh tokens from the authorization server\'s database by gaining access to the database or launching a SQL injection attack.','T37','\"Obtaining Refresh Token from Authorization Server Database\"'),(38,4,'\"For handle-based designs.For assertion-based designs.Bind token to client id, because the attacker would guess the matching client id, too.Authenticate the client, this adds another element that the attacker has to guess.\"',3,3,3,9,1,9,9,4,4,4,9,' RFC6819-OAuth 2.0 Threat Model and Security Considerations','\"Applies to OAUTH. An attacker may try to guess valid refresh token values and send it using the grant type \"refresh_token\" in order to obtain a valid access token.\"','T38','Obtaining Refresh Token by Online Guessing'),(39,6,'Utilize server authentication.',3,3,3,9,1,9,9,4,4,5,9,' RFC6819-OAuth 2.0 Threat Model and Security Considerations','Applies to OAUTH. An attacker could try to obtain valid refresh tokens by proxying requests to the authorization server. Given the assumption that the authorization server URL is well-known at development time or can at least be obtained from a well-known resource server, the attacker must utilize some kind of spoofing in order to succeed.','T39','\"Refresh Token Phishing by Counterfeit Authorization Server\"'),(40,4,'\"An attacker could try to obtain a valid access token on transport between the client and resource server. As access tokens are shared secrets between the authorization server and resource server, they sAccess tokens sent as bearer tokens should not be sent in the clear over an insecure channel. As per the core OAuth spec, transmission of access tokens must be protected using transportlayer mechanisms such as TLS.A short lifetime reduces impact in case tokens are compromised.The access token can be bound to a client\'s identifier and require the client to prove legitimate ownership of the token to the resource server.\"',3,5,3,9,1,9,9,4,7,4,9,' RFC6819-OAuth 2.0 Threat Model and Security Considerations','Applies to OAUTH. An attacker could try to obtain a valid access token on transport between the client and resource server. As access tokens are shared secrets between the authorization server and resource server, they should be treated with the same care as other credentials (e.g., enduser passwords).','T40','Eavesdropping Access Tokens on Transport'),(41,4,'\"Clients should not make authenticated requests with an access token to unfamiliar resource servers, regardless of the presenceof a secure channel. If the resource server URL is well-known to the client, it may authenticate the resource servers.Associate the endpoint URL of the resource server the client talked to with the access token (e.g., in an audience field) and validate the association at a legitimate resource server. The endpoint URL validation policy may be strict (exact match) or more relaxed (e.g., same host). This would require telling the authorization server about the resource server endpoint URL in the authorization process.Associate an access token with a client and authenticate the client with resource server requests (typically via a signature, in order to not disclose a secret to a potential attacker). This prevents the attack because the counterfeit server is assumed to lack the capability to correctly authenticate on behalf of the legitimate client to the resource server.Restrict the token scope  and/or limit the token to a certain resource server.\"',3,3,3,9,1,9,9,4,4,5,6,' RFC6819-OAuth 2.0 Threat Model and Security Considerations','Applies to OAUTH. An attacker may pretend to be a particular resource server and to accept tokens from a particular authorization server. If the client sends a valid access token to this counterfeit resource server, the server in turn may use that token to access other services on behalf of the resource owner.','T41','Access Token Phishing by Counterfeit Resource Server'),(42,6,'Tokens should be restricted to particular resource servers.',3,3,3,9,1,9,9,4,7,5,6,' RFC6819-OAuth 2.0 Threat Model and Security Considerations',' Applies to OAUTH. A legitimate resource server could attempt to use an access token to access another resource server. Similarly, a client could try to use a token obtained for one server on another resource server.','T42','Abuse of Token by Legitimate Resource Server or Client'),(43,6,'\"Clients and resource servers not using an OAuth HTTP authentication scheme should take care to use Cache-Control headers to minimize the risk that authenticated content is not protected. Such clients should send a Cache-Control header containing the \"no-store\" option [RFC2616]. Resource server success (2XX status) responses to these requests should contain a Cache-Control header with the \"private\" option [RFC2616].Reducing scope  and expiry time for access tokens can be used to reduce the damage in case of leaks.\"',3,3,8,9,1,9,9,4,4,5,9,' RFC6819-OAuth 2.0 Threat Model and Security Considerations','Applies to OAUTH. An OAuth HTTP authentication scheme is optional. However, [RFC2616] relies on the Authorization and WWW-Authenticate headers to distinguish authenticated content so that it can be protected. Proxies and caches, in particular, may fail to adequately protect requests not using these headers. For example, private authenticated content may be stored in (and thus be retrievable from) publicly accessible caches.','T43','Leak of Confidential Data in HTTP Proxies'),(44,6,'\"Countermeasures:Use Authorization headers or POST parameters instead of URI request parameters.Set logging configuration appropriately.Prevent unauthorized persons from access to system log files.Abuse of leaked access tokens can be prevented by enforcing authenticated requests.The impact of token leakage may be reduced by limiting scope and duration and by enforcing one-time token usage.\"',7,5,8,9,1,9,9,4,4,5,6,' RFC6819-OAuth 2.0 Threat Model and Security Considerations','\"Applies to OAUTH. If access tokens are sent via URI query parameters, such tokens may leak to log files and the HTTP \"referer\".\"','T44','Token Leakage via Log Files and HTTP Referrers'),(45,6,'\"Don\'t issue secrets to public clients or clients with inappropriate security policy    Require user consent for public clients Use deployment-specific client secrets Revoke client secrets\"',3,3,3,9,1,9,9,4,4,6,9,' RFC6819-OAuth 2.0 Threat Model and Security Considerations','For open source projects, secrets can be extracted directly from source code in their public repositories. Secrets can be extracted from application binaries just as easily when the published source is not available to the attacker. Even if an application takes significant measures to obfuscate secrets in their application distribution, one should consider that the secret can still be reverse-engineered by anyone with access to a complete functioning application bundle or binary. ','T45','Obtaining Client Secrets From Source Code or Binary'),(46,6,'\"Web server: Apply standard web server protection measures (for config files and databases) Native applications: Store secrets in secure local storag Revoke client secrets\"',3,3,3,9,1,9,9,4,4,6,9,' RFC6819-OAuth 2.0 Threat Model and Security Considerations','\"An attacker may try to obtain the secret from a client installation, either from a web site (web server) or a particular device (native application).\"','T46','Obtain a Deployment-Specific Secret'),(47,4,'\" Secrets should be protected when travelling through a channel, possibly with TLS mechanism.\"',3,5,8,9,1,9,9,4,7,6,9,' RFC6819-OAuth 2.0 Threat Model and Security Considerations','Applies to OAUTH. Attackers may attempt to eavesdrop access tokens in transit from the authorization server to the client. The attacker is able to access all resources with the permissions covered by the scope of the particular access token.','T47','Eavesdropping Access Tokens'),(48,4,'\"Enforce system security measure. Store access token hashes only. Enforce standard SQL injection countermeasures.\"',3,5,3,9,1,9,9,4,7,6,6,' RFC6819-OAuth 2.0 Threat Model and Security Considerations','An attacker may obtain tye secret from the database by launching a SQL injection attack.','T48','\"Obtaining Access Tokens from Authorization Server Database\"'),(49,6,'\"The client should ensure that scripts obtained have not been altered in transport.Introduce one-time, per-use secrets (e.g., \"client_secret\") values that can only be used by scripts in a small time window once loaded from a server. The intention would be to reduce the effectiveness of copying client-side scripts for re-use in an attacker\'s modified code.\"',3,5,8,9,1,9,9,9,9,9,6,' RFC6819-OAuth 2.0 Threat Model and Security Considerations','Applies to OAUTH clients. A hostile party could act as the client web server and replace or modify the actual implementation of the client (script). This could be achieved using DNS or ARP spoofing. This applies to clients implemented within the web browser in a scripting language.','T49','Manipulation of Scripts'),(50,6,'\"Use other flows that do not rely on the client\'s cooperation for secure resource owner credential handling.Use digest authentication instead of plaintext credential processing.Obfuscate passwords in logs.\"',9,5,8,1,1,9,9,4,9,5,3,' RFC6819-OAuth 2.0 Threat Model and Security Considerations','If the client does not provide enough protection, an attacker or disgruntled employee could retrieve the passwords for a user.','T50','Accidental Exposure of Passwords at Client Site'),(51,6,'\"Utilize secure password policy.Lock accounts.Use tar pit.Use CAPTCHAs.Consider using a more strong authentication mechanism.\"',7,5,8,1,1,9,9,9,4,5,6,' RFC6819-OAuth 2.0 Threat Model and Security Considerations','An attacker may try to guess valid username/password combinations','T51','Online Guessing'),(52,4,'\" The resource server should utilize transport security measures (e.g., TLS) in order to prevent such attacks. This would prevent the attacker from capturing valid requests.Alternatively, the resource server could employ signed requests along with nonces and timestamps in order to uniquely identify requests. The resource server should detect and refuse every replayed request.\"',3,5,8,9,1,9,9,4,4,5,9,' RFC6819-OAuth 2.0 Threat Model and Security Considerations','\"An attacker could attempt to replay valid requests (issued to a system using authentication and authorization mechanisms) in order to obtain or to modify/destroy user data.\"','T52','Replay of Authorized Resource Server Requests'),(53,6,'\"Secrets should have a reasonable level of entropy in order to make guessing infeasible.Security can be further strengthened by using a short secret duration.\"',3,5,3,9,1,9,9,4,4,4,6,' RFC6819-OAuth 2.0 Threat Model and Security Considerations ','\"An attacker may attempt to guess the secret values based on previous knowledge \"','T53','Guessing Access Tokens based on acquired Knownledge'),(54,3,'',7,5,4,9,1,9,9,4,4,5,6,'\"CSA Survey \"Cloud Computing Top Threats 2015\"','In account hijacking, a hacker uses a compromised account to impersonate the account owner. Typically, account hijacking is carried out through social engineering, phishing, sending spoofed emails to the user, password guessing or a number of other hacking tactics. In many cases, the outcome of an account hijacking is the hacker will have full system access and the ability to laterally access other systems on the target user network. The effective breach scope may expand to other services, such as financial and social networks, due to password re-use across services.','T54','Account Hijacking'),(55,3,'',7,5,4,9,1,9,9,4,4,5,6,'\"CSA Survey \"Cloud Computing Top Threats 2015\"','An advanced persistent threat (APT) is a system attack in which an unauthorized actor gains access to the infrastructure and remains undetected. The intention of an APT attack is to locate and steal data and evade detection, rather than to cause damage to the network or organization. APT attacks target organizations in sectors with high-value information, such as national defence, manufacturing, infrastructure, medical, scientific, and the financial industry.','T55','Advanced Persistent Threats (APTs)'),(56,3,'',7,5,4,9,1,9,9,4,4,5,6,'OWASP TOP 10 2013','The application procedures related to authentication and session management are often implemented incorrectly, allowing attackers to compromise passwords, keys, session tokens, or exploit weaknesses implementative to impersonate other users.','T56','Broken Authentication and Session Management'),(57,3,'',7,5,4,9,1,9,9,4,4,5,6,'OWASP TOP 10 2013','A CSRF attack forces the victim\'s browser to send an HTTP request properly forged, including the victim\'s session cookie and any other authentication information, to a vulnerable web application. This allows the attacker to force the victim\'s browser to generate requests that the vulnerable application will believe legitimately sent by the victim.','T57','Cross-Site Request Forgery (CSRF)'),(58,3,'',7,5,4,9,1,9,9,4,4,5,6,'OWASP TOP 10 2013','\"XSS flaws occur when a web application receives data from unreliable sources, and send them to a browser without proper validation and / or \"escaping\". The XSS allows attackers to execute malicious scripts on the browser of the victims, these scripts can hijack the user\'s session, deface the website or redirect the user to a malicious site\"','T58','Cross-Site Scripting (XSS)'),(59,3,'',7,5,4,9,1,9,9,4,4,5,6,'\"CSA Survey \"Cloud Computing Top Threats 2015\"','A data breach is an incident in which sensitive, protected or confidential data has potentially been viewed, stolen or used by an individual unauthorised lo do so. Data breaches may involve personal health information (PHI), personally identifiable information (PII), trade secrets or intellectual property.','T59','Data Breaches'),(60,3,'',7,5,4,9,1,9,9,4,4,5,6,'\"CSA Survey \"Cloud Computing Top Threats 2015\"','DoS and DDoS are both denial-of-service attacks. The attacks work by requesting more resources from a server than the server has available. In the case of DoS, it is an attack that originates from a single device, as opposed to DDoS which is distributed and relies on multiple devices.','T60','Denial of Service'),(61,3,'',7,5,4,9,1,9,9,4,4,5,6,'OWASP TOP 10 2013','The Injection Flaws, such as SQL Injection, OS Injection and LDAP injection, occur when data not validated are sent as part of a command or query to their interpreter. The data can deceive the interpreter running commands not provided or accessing data for which you have no authorization.','T61','Injection flaws'),(62,3,'',7,5,4,9,1,9,9,4,4,5,6,'OWASP TOP 10 2013','When a developer exposes a reference to an internal implementation object, such as a file, directory, or a key in a database, it has a direct reference to an object. Without proper access control or other protection, attackers can manipulate these references to access unauthorized data.','T62','Insecure Direct Object References'),(63,3,'',7,5,4,9,1,9,9,4,4,5,6,'\"CSA Survey \"Cloud Computing Top Threats 2015\"','MITM is an attack where the attacker secretly relays and possibly alters the communication between two parties who believe they are directly communicating with each other.','T63','Man in the Middle attack'),(64,3,'',7,5,4,9,1,9,9,4,4,5,6,'OWASP TOP 10 2013','Many applications check the level of access rights before its functionality is made visible in the user interface. However, applications need to perform access control on the server each time the feature is accessed. If access requests are not verified, the attackers can falsify them to gain unauthorized access to features.','T64','Missing Function Level Access Control'),(65,3,'',7,5,4,9,1,9,9,4,4,5,6,'\"CSA Survey \"Cloud Computing Top Threats 2015\"','Threat aimed to gain privileged access to resources for gaining unauthorized access to information or to compromise a system.','T65','Over-privileged application and accounts'),(66,3,'',7,5,4,9,1,9,9,4,4,5,6,'OWASP TOP 10 2013','Many web applications do not adequately protect data such as credit card numbers or authentication credentials. Attackers can take possession of the data or take advantage of the weaknesses in the security measures for the theft of credentials, for fraudulent transactions with CdC, etc. This type of data, require additional protective measures, such as encryption for data in transit, as well as special precautions when they are exchanged with the browser.','T66','Sensitive Data Exposure'),(67,3,'',7,5,4,9,1,9,9,4,4,5,6,'\"CSA Survey \"Cloud Computing Top Threats 2015\"','Threat aimed to gain privileged access to resources for gaining unauthorized access to information or to compromise a system.','T67','Unauthorized access to admin interface'),(68,3,'',7,5,4,9,1,9,9,4,4,5,6,'OWASP TOP 10 2013','Web applications often redirect or forward users to other pages or sites and use data not validated to determine the destination pages. Without proper validation, attackers can redirect victims to phishing or malware sites, or use forwards to access unauthorized pages.','T68','Unvalidated Redirects and Forwards'),(69,3,'',7,5,4,9,1,9,9,4,4,5,6,'\"CSA Survey \"Cloud Computing Top Threats 2015\"','Lack of highly scalable identity access management systems, lack of multi-factor authentication capabilities, weak password usage, and lack of ongoing automated rotation of cryptographic keys, passwords, and certificates. Furthermore, hygiene of credentials ranging from embedding in source code and distribution in publicly available source code may be considerations.','T69','Weak Identity, Credential & Access Management'),(70,3,'',7,5,4,9,1,9,9,4,4,5,6,'\"Toward a Threat Model for Storage Systems\"','Storage traffic on dedicated storage networks or shared networks can be sniffed revealing data, metadata, and storage protocol signaling.','T70','Sniffing Storage Traffic'),(71,3,'',7,5,4,9,1,9,9,4,4,5,6,'\"Toward a Threat Model for Storage Systems\"','Most file systems utilize buffer caches to read and write storage blocks from and into the storage media. This is the norm regardless of the file system technology used. The buffer caches are allocated on demand. If an attacker can snoop into the buffer caches in memory she can access storage blocks and hence stored information she is not authorized to access.','T71','Snooping on Buffer Cache'),(72,3,'',7,5,4,9,1,9,9,4,4,5,6,'\"Toward a Threat Model for Storage Systems\"','In most file systems, storage blocks are allocated to files on demand. When a file is deleted, the storage block contents are not necessarily erased. Rather, most of the storage systems implement file deletion by erasing the file name and links from metadata and deleting the file i-node. Thus, data contents can be left un-erased in deleted and now free storage blocks. By accessing these storage blocks, it is possible for an attacker to gain access to sensitive data.','T72','Snooping on Deleted Storage Blocks'),(73,3,'',7,5,4,9,1,9,9,4,4,5,6,'\"Toward a Threat Model for Storage Systems\"','Although most modern software deallocate data in memory after its last usage, it is possible for attackers to snoop on deallocated memory because the content of freed memory stays intact until it gets overwritten. Chow et al. point out in that after deallocation, sensitive data such as passwords, social security numbers, and credit card numbers, often remain in memory indefinitely, possibly for days. This increases the risk of exposing sensitive data when a system is compromised, or of data being accidentally leaked due to unexpected feature interactions such as core dumps, logging, etc. One solution to this problem is to reduce data lifetime by zeroing at time of deallocation.','T73','Snooping on Deallocated Memory'),(74,3,'',7,5,4,9,1,9,9,4,4,5,6,'\"Toward a Threat Model for Storage Systems\"','File system profiling attacks attempt to use access type, timestamps of last modification, file names, and other file system metadata to gain insight about storage system operation. For example, if a set of files are accessed in regular patterns, the attacker may infer the importance, function, and possibly even the content of these files.','T74','File System Profiling'),(75,3,'',7,5,4,9,1,9,9,4,4,5,6,'\"Toward a Threat Model for Storage Systems\"','Modifying metadata will disrupt a storage system. In any file system, if the i-node or file table are corrupted, the storage linked to the metadata cannot be accessed.','T75','Modifying Metadata'),(76,3,'',7,5,4,9,1,9,9,4,4,5,6,'\"Toward a Threat Model for Storage Systems\"','Attacks which modify operating system (OS) commands, kernel system calls, and/or storage system drivers to cause the wrong files, metadata or blocks to be modified or deleted.','T76','Subversion Attacks'),(77,3,'',7,5,4,9,1,9,9,4,4,5,6,'\"Toward a Threat Model for Storage Systems\"','Storage systems use different types of logging. In log-structured file systems, the whole file system is a series of logs. An attacker can create a large number of small modifications to fill up the log space and lock up the system. Moreover, an attacker can create a large number of data files with random content to use up the available disk space. An attacker may create also many empty/small/hidden files. While each file uses only a small amount of metadata space, a large number of metadata entries will degrade storage system performance.','T77','Exhausting Log Data and Metadata Space'),(78,3,'',7,5,4,9,1,9,9,4,4,5,6,'\"Toward a Threat Model for Storage Systems\"','Some versioning file systems, like S4 and Elephant create multiple versions of objects. Taking advantage of this, an attacker may launch a DoS attack by creating multiple versions of objects with minimal changes that will eventually exhaust storage space.','T78','Creating Redundant Versions'),(79,3,'',7,5,4,9,1,9,9,4,4,5,6,'\"Toward a Threat Model for Storage Systems\"','In most storage systems, file handles are used to access files, and these are locked until the file is closed. Also, file systems usually have a fixed number of file handles. An attacker may create a DoS by opening up multiple files but not closing them, thereby holding the file handle and degrading storage system performance.','T79','Exhausting File Handles'),(80,3,'',7,5,4,9,1,9,9,4,4,5,6,'\"Toward a Threat Model for Storage Systems\"','Deleting data or metadata is an extreme DoS attack but also one that is easily detectable and possibly recoverable given versioning or backups in time or space. If the deleted data is unrecoverable, the cost may range from insignificant to incalculable. Deleting system and network logs is commonly used by attackers to cover their attack traces.','T80','Deletion of Data'),(81,3,'',7,5,4,9,1,9,9,4,4,5,6,'\"Toward a Threat Model for Storage Systems\"','An attack storage device authenticates as a legitimate storage device to the OS in order to access/modify/deny data or metadata.','T81','Storage Device Masquerading'),(82,3,'',7,5,4,9,1,9,9,4,4,5,6,'\"Toward a Threat Model for Storage Systems\"','Attacks on flash memory are designed to force inordinate numbers of erase cycles to exhaust that capability.','T82','Flash Memory Attacks'),(83,3,'',7,5,4,9,1,9,9,4,4,5,6,'\"Toward a Threat Model for Storage Systems\"','If the power supply to a storage devices is disrupted, storage systems can become unavailable and data/metadata lost. Many storage systems have backup power sources for this reason, however, even in these cases long term power disruption is possible.','T83','Power Disruption'),(84,3,'',7,5,4,9,1,9,9,4,4,5,6,'\"Toward a Threat Model for Storage Systems\"','Regardless of the underlying network technology, any hardware component or cable disruption to the network between the user and the storage system can degrade or disable storage.','T84','Network Disruption'),(85,3,'',7,5,4,9,1,9,9,4,4,5,6,'\"Toward a Threat Model for Storage Systems\"','Thefts of storage media, storage devices, and computers containing storage systems occur. Recently, there has been an epidemic of thefts of unencrypted storage tapes containing confidential customer information. The decreasing size of portable storage combined with increasing capacity\'e.g., a USB memory stick with 4GB capacity\'makes it easier to steal storage media. Although such thefts require low levels of sophistication on the attacker\'s part, they may result in large economic and security damages unless the stolen data/metadata is encrypted and replicated.','T85','Storage Theft'),(86,3,'',7,5,4,9,1,9,9,4,4,5,6,'\"Toward a Threat Model for Storage Systems\"','Neglecting to properly sanitize storage media before disposing of them allows attackers (or other third parties) access to data and metadata. Proper sanitation techniques include:, e.g. overwriting, degaussing, and encryption (along with destruction of corresponding decryption key).','T86','Data Recovery from Discarded Storage Media'),(87,3,'',7,5,4,9,1,9,9,4,4,5,6,'\"Toward a Threat Model for Storage Systems\"','Storage media can be physically destroyed by attackers using disintegration, incineration, pulverization, shredding, or melting. If storage media is intentionally destroyed by the owner with a purpose of retiring it, the data may still be recoverable. Hughes demonstrates that even after shooting at a hard disk with a bullet, it is still possible to read data using special instruments such as a Magnetic Force Microscope.','T87','Physical Destruction of Storage Media'),(88,3,'',7,5,4,9,1,9,9,4,4,5,6,'\"Toward a Threat Model for Storage Systems\"','A USB driver can be exploited to load malicious software. Barrall et al. describe how a custom-built USB device can fool an operating system into believing the device is any form of USB peripheral. Attackers can load malicious software, such as a keystroke logger, onto a target system simply by physically plugging the device into a USB port, bypassing the built-in OS security. A file containing harvested passwords can be retrieved through the USB port after a few days or a week.','T88','Hardware Trojan'),(89,3,'',7,5,4,9,1,9,9,4,4,5,6,' ','Components, such as libraries, frameworks, and other software modules, almost always run with full privileges. If a vulnerable component is exploited, such an attack can facilitate serious data loss or server takeover. Applications using components with known vulnerabilities may undermine application defenses and enable a range of possible attacks and impacts.','T89','Using Components with Known Vulnerabilities'),(90,3,'',7,5,4,9,1,9,9,4,4,5,6,' ','\"The software uses a cross-domain policy file that includes domains that should not be trusted. The software uses a cross-domain policy file that includes domains that should not be trusted. A cross-domain policy file (\"crossdomain.xml\" in Flash and \"clientaccesspolicy.xml\" in Silverlight) defines a whitelist of domains from which a server is allowed to make cross-domain requests. When making a cross-domain request, the Flash or Silverlight client will first look for the policy file on the target server. If it is found, and the domain hosting the application is explicitly allowed to make requests, the request is made. Therefore, if a cross-domain policy file includes domains that should not be trusted, such as when using wildcards, then the application could be attacked by these untrusted domains. An overly permissive policy file allows many of the same attacks seen in Cross-Site Scripting (CWE-79). Once the user has executed a malicious Flash or Silverlight application, they are vulnerable to a variety of attacks. The attacker could transfer private information, such as cookies that may include session information, from the victim\'s machine to the attacker. The attacker could send malicious requests to a web site on behalf of the victim, which could be especially dangerous to the site if the victim has administrator privileges to manage that site. In many cases, the attack can be launched without the victim even being aware of it.\"','T90','Overly Permissive Cross-domain Whitelist'),(91,3,'',7,5,4,9,1,9,9,4,4,5,6,' ','Buffer overflow errors are characterized by the overwriting of memory spaces of the background web process, which should have never been modified intentionally or unintentionally','T91','Buffer overflow exploitation'),(92,3,'',7,5,4,9,1,9,9,4,4,5,6,' ','This threat applies when an erroneous input string is interpreted as a command','T92','Format String Error'),(93,3,'',7,5,4,9,1,9,9,4,4,5,6,' ','The session can be duplicated by a malicius third party, by duplicating cookies or other critical information','T93','Session Hjacking');
/*!40000 ALTER TABLE `threats` ENABLE KEYS */;
UNLOCK TABLES;

--
-- Table structure for table `threats_questions`
--

DROP TABLE IF EXISTS `threats_questions`;
/*!40101 SET @saved_cs_client     = @@character_set_client */;
/*!40101 SET character_set_client = utf8 */;
CREATE TABLE `threats_questions` (
  `threat_id` bigint(20) NOT NULL,
  `questions_id` bigint(20) NOT NULL,
  PRIMARY KEY (`threat_id`,`questions_id`),
  KEY `FKi9nw3gh51sry6k63laldlxd3j` (`questions_id`),
  CONSTRAINT `FKi9nw3gh51sry6k63laldlxd3j` FOREIGN KEY (`questions_id`) REFERENCES `questions_threat` (`id`),
  CONSTRAINT `FKmn1rn9erfjqori6e8sxx1rtv9` FOREIGN KEY (`threat_id`) REFERENCES `threats` (`id`)
) ENGINE=InnoDB DEFAULT CHARSET=utf8;
/*!40101 SET character_set_client = @saved_cs_client */;

--
-- Dumping data for table `threats_questions`
--

LOCK TABLES `threats_questions` WRITE;
/*!40000 ALTER TABLE `threats_questions` DISABLE KEYS */;
INSERT INTO `threats_questions` VALUES (1,1),(2,2),(3,2),(4,2),(2,3),(3,5),(4,6),(5,7),(6,8),(10,8),(16,8),(7,9),(26,9),(33,9),(36,9),(40,9),(47,9),(52,9),(8,10),(9,11),(11,12),(14,12),(34,12),(37,12),(48,12),(12,13),(51,13),(53,13),(12,14),(16,14),(17,14),(43,14),(13,15),(15,16),(17,17),(18,17),(28,17),(15,18),(19,18),(20,19),(29,19),(21,20),(22,21),(23,22),(24,23),(13,24),(15,24),(27,24),(30,25),(31,26),(32,27),(33,28),(35,28),(1,29),(2,29),(3,29),(32,29),(36,29),(37,29),(38,29),(39,29),(41,30),(42,31),(44,32),(45,33),(46,33),(49,34),(50,35),(61,36),(58,37),(61,37),(92,37),(56,38),(69,38),(93,38),(54,39),(69,39),(55,40),(78,41),(57,43),(59,44),(80,45),(60,46),(79,47),(77,48),(74,49),(62,50),(63,51),(64,52),(64,53),(65,53),(67,53),(66,54),(68,55),(67,56),(70,57),(71,58),(72,58),(73,58),(75,58),(76,58),(81,59),(82,60),(83,61),(84,61),(85,62),(86,62),(87,62),(88,63),(89,64),(90,65),(91,66),(25,67);
/*!40000 ALTER TABLE `threats_questions` ENABLE KEYS */;
UNLOCK TABLES;

--
-- Table structure for table `threats_strides`
--

DROP TABLE IF EXISTS `threats_strides`;
/*!40101 SET @saved_cs_client     = @@character_set_client */;
/*!40101 SET character_set_client = utf8 */;
CREATE TABLE `threats_strides` (
  `threat_id` bigint(20) NOT NULL,
  `strides_id` bigint(20) NOT NULL,
  PRIMARY KEY (`threat_id`,`strides_id`),
  KEY `FK402qhjk53biedwgd6l0424gjg` (`strides_id`),
  CONSTRAINT `FK402qhjk53biedwgd6l0424gjg` FOREIGN KEY (`strides_id`) REFERENCES `strides` (`id`),
  CONSTRAINT `FKthfhyjwbxm2pvwgmiwqceh05l` FOREIGN KEY (`threat_id`) REFERENCES `threats` (`id`)
) ENGINE=InnoDB DEFAULT CHARSET=utf8;
/*!40101 SET character_set_client = @saved_cs_client */;

--
-- Dumping data for table `threats_strides`
--

LOCK TABLES `threats_strides` WRITE;
/*!40000 ALTER TABLE `threats_strides` DISABLE KEYS */;
INSERT INTO `threats_strides` VALUES (1,1),(2,1),(3,1),(4,1),(5,1),(6,1),(7,1),(11,1),(12,1),(16,1),(17,1),(18,1),(25,1),(26,1),(27,1),(28,1),(29,1),(30,1),(33,1),(35,1),(36,1),(37,1),(38,1),(39,1),(40,1),(41,1),(45,1),(46,1),(47,1),(48,1),(51,1),(53,1),(54,1),(55,1),(56,1),(63,1),(66,1),(81,1),(93,1),(1,2),(2,2),(3,2),(4,2),(5,2),(6,2),(7,2),(8,2),(9,2),(10,2),(13,2),(14,2),(15,2),(17,2),(18,2),(19,2),(20,2),(21,2),(26,2),(27,2),(28,2),(29,2),(30,2),(31,2),(32,2),(33,2),(34,2),(35,2),(36,2),(37,2),(38,2),(39,2),(40,2),(41,2),(42,2),(43,2),(44,2),(45,2),(46,2),(47,2),(48,2),(49,2),(50,2),(51,2),(53,2),(54,2),(55,2),(56,2),(59,2),(62,2),(69,2),(70,2),(85,2),(86,2),(88,2),(89,2),(90,2),(91,2),(92,2),(22,3),(54,3),(55,3),(64,3),(65,3),(67,3),(23,4),(24,4),(60,4),(77,4),(78,4),(79,4),(80,4),(82,4),(83,4),(84,4),(87,4),(91,4),(92,4),(49,5),(52,5),(57,5),(58,5),(61,5),(68,5),(71,5),(72,5),(73,5),(74,5),(75,5),(76,5),(81,5),(85,5),(89,5),(90,5),(91,5),(92,5),(89,6),(90,6);
/*!40000 ALTER TABLE `threats_strides` ENABLE KEYS */;
UNLOCK TABLES;

--
-- Table structure for table `threats_suggested_controls`
--

DROP TABLE IF EXISTS `threats_suggested_controls`;
/*!40101 SET @saved_cs_client     = @@character_set_client */;
/*!40101 SET character_set_client = utf8 */;
CREATE TABLE `threats_suggested_controls` (
  `threat_id` bigint(20) NOT NULL,
  `suggested_controls_id` bigint(20) NOT NULL,
  PRIMARY KEY (`threat_id`,`suggested_controls_id`),
  KEY `FKc92n0sad1r639tyoabkyn4vtn` (`suggested_controls_id`),
  CONSTRAINT `FK8boemq4nvyk4buwgitq18bweh` FOREIGN KEY (`threat_id`) REFERENCES `threats` (`id`),
  CONSTRAINT `FKc92n0sad1r639tyoabkyn4vtn` FOREIGN KEY (`suggested_controls_id`) REFERENCES `controls` (`id`)
) ENGINE=InnoDB DEFAULT CHARSET=utf8;
/*!40101 SET character_set_client = @saved_cs_client */;

--
-- Dumping data for table `threats_suggested_controls`
--

LOCK TABLES `threats_suggested_controls` WRITE;
/*!40000 ALTER TABLE `threats_suggested_controls` DISABLE KEYS */;
INSERT INTO `threats_suggested_controls` VALUES (8,1),(56,1),(62,1),(22,2),(31,2),(32,2),(54,2),(54,14),(54,16),(64,16),(65,16),(68,27),(74,27),(8,51),(64,51),(65,51),(67,51),(64,52),(65,52),(67,52),(67,54),(67,56),(55,60),(12,62),(51,62),(54,62),(8,65),(51,66),(54,66),(23,71),(24,71),(35,72),(54,91),(11,122),(14,122),(34,122),(37,122),(46,122),(48,122),(54,122),(56,122),(5,128),(7,128),(20,128),(29,128),(55,216),(55,220),(5,257),(83,287),(87,299),(84,310),(80,316),(80,321),(80,322),(87,322),(1,334),(6,334),(9,334),(10,334),(19,334),(20,334),(45,334),(56,334),(1,335),(22,335),(35,335),(22,344),(22,348),(63,348),(3,349),(81,349),(1,362),(2,362),(3,362),(4,362),(5,362),(11,362),(12,362),(13,362),(14,362),(15,362),(23,362),(24,362),(27,362),(28,362),(29,362),(35,362),(40,362),(41,362),(42,362),(43,362),(44,362),(45,362),(46,362),(50,362),(51,362),(53,362),(56,362),(69,362),(69,363),(69,364),(69,366),(69,368),(69,369),(69,373),(69,374),(69,375),(50,378),(1,380),(25,380),(30,380),(35,380),(25,384),(30,384),(1,386),(13,386),(15,386),(16,386),(17,386),(18,386),(24,386),(25,386),(28,386),(38,386),(39,386),(13,390),(59,391),(59,398),(59,409),(59,411),(59,419),(72,465),(86,465),(2,483),(3,483),(87,483),(85,487),(87,487),(83,508),(83,509),(83,510),(83,513),(55,570),(58,570),(89,570),(89,571),(89,572),(89,573),(75,612),(76,612),(75,614),(76,614),(75,615),(76,615),(55,632),(90,643),(88,666),(88,669),(71,688),(72,688),(73,688),(23,691),(24,691),(60,691),(77,691),(78,691),(79,691),(82,691),(60,694),(77,694),(78,694),(79,694),(82,694),(7,720),(13,720),(15,720),(17,720),(18,720),(26,720),(33,720),(36,720),(40,720),(47,720),(49,720),(52,720),(59,720),(66,720),(70,720),(7,762),(63,762),(66,762),(93,762),(2,773),(4,773),(11,773),(14,773),(34,773),(37,773),(46,773),(48,773),(56,773),(59,773),(70,773),(55,781),(88,823),(57,834),(57,887),(58,887),(61,887),(92,887),(55,901),(61,903),(73,904),(91,904);
/*!40000 ALTER TABLE `threats_suggested_controls` ENABLE KEYS */;
UNLOCK TABLES;

--
-- Table structure for table `users`
--

DROP TABLE IF EXISTS `users`;
/*!40101 SET @saved_cs_client     = @@character_set_client */;
/*!40101 SET character_set_client = utf8 */;
CREATE TABLE `users` (
  `id` bigint(20) NOT NULL AUTO_INCREMENT,
  `name` varchar(255) DEFAULT NULL,
  `surname` varchar(255) DEFAULT NULL,
  PRIMARY KEY (`id`)
) ENGINE=InnoDB DEFAULT CHARSET=utf8;
/*!40101 SET character_set_client = @saved_cs_client */;

--
-- Dumping data for table `users`
--

LOCK TABLES `users` WRITE;
/*!40000 ALTER TABLE `users` DISABLE KEYS */;
/*!40000 ALTER TABLE `users` ENABLE KEYS */;
UNLOCK TABLES;
/*!40103 SET TIME_ZONE=@OLD_TIME_ZONE */;

/*!40101 SET SQL_MODE=@OLD_SQL_MODE */;
/*!40014 SET FOREIGN_KEY_CHECKS=@OLD_FOREIGN_KEY_CHECKS */;
/*!40014 SET UNIQUE_CHECKS=@OLD_UNIQUE_CHECKS */;
/*!40101 SET CHARACTER_SET_CLIENT=@OLD_CHARACTER_SET_CLIENT */;
/*!40101 SET CHARACTER_SET_RESULTS=@OLD_CHARACTER_SET_RESULTS */;
/*!40101 SET COLLATION_CONNECTION=@OLD_COLLATION_CONNECTION */;
/*!40111 SET SQL_NOTES=@OLD_SQL_NOTES */;

-- Dump completed on 2017-05-18  9:02:23
